corr_Cr_EC,corr_Cr_TDS,corr_Cr_pH
0.9871420337476621,0.9999065615480317,-0.8508532624655021
