Scenario,Count,Cr_Min,Cr_Max,Cr_Mean,Cr_Std
Highly Polluted,75,24.79,66.65,50.226000000000006,12.889697646004171
Extreme Industrial-like,75,94.44,210.84,162.78693333333334,33.282722162144765
Clean Water,75,0.86,7.95,4.659866666666666,1.5644656227238376
Moderately Polluted,75,8.94,22.44,17.04146666666667,3.4187980712894195
