pH,EC_uScm,TDS_mgL,Suhu_Air,Chromium_ugL,Nickel_ugL
6.847699907107863,651.6841112920539,417.0778312269145,22.125268443294722,34.146101280297835,20.988235439559165
6.403214989180171,641.3050620656511,410.4352397220167,23.430751879312215,46.64726355063985,30.0534607532153
6.953381976670484,171.5248895794947,109.77592933087661,22.409166286342,18.0329562675725,11.357781169844435
7.566120899485618,684.4684329044969,438.059797058878,24.88646316431142,21.174445890693917,13.849528066056775
6.336092637693665,1056.4901786376108,676.1537143280709,28.690124860116697,61.01591387541627,47.125047471532646
6.336104130135574,354.0187583231217,226.5720053267979,21.801352450005783,34.505379531196965,20.75179096361419
7.605448970855174,1166.9689278677074,746.8601138353328,28.00287174218945,25.297662131223046,24.177328494615697
7.037204310407036,970.7211873795184,621.2615599228918,21.764147746785895,44.53773801634639,25.073031596091816
6.171367929845534,543.0183373101368,347.53173587848755,21.533304756260904,48.2067238469357,28.078805305644654
6.879792030510175,750.4646269317534,480.29736123632216,27.365081164201246,43.18448675511735,22.03173025559686
6.175607615031277,1359.4126326743617,870.0240849115916,27.72677732302666,112.1214261771376,79.75189557076335
6.1739891725008205,1056.741734727053,676.3147102253139,27.47993477866929,82.21367980165823,70.02011075425757
6.669373590096224,803.0742792143517,513.9675386971851,19.894709071236505,41.075329416660544,32.62103180596731
5.160703828739542,716.8108390636555,458.75893700073954,22.86917157674782,110.52107716442404,102.2198196324973
5.292557517240877,826.8131746580808,529.1604317811717,27.380460072011626,128.24065492749278,100.46392428622215
6.106398729531319,620.8827547201938,397.36496302092405,24.64539644197363,55.137230502790686,41.73630578300522
5.791018215765903,100.0,64.0,20.742075038308876,38.309224302306006,24.47594779153241
6.719973132816691,1514.762268687156,969.4478519597798,26.104112786939048,69.95828724479047,62.43964570013733
5.864383147135152,854.3637497197905,546.7927998206659,21.998174593529853,75.29995967736683,53.107029198424826
5.511387409065296,939.351542792888,601.1849873874484,30.780836969372743,136.43799705493802,85.14629923326267
7.525954138245088,779.732287543082,499.02866402757246,29.906945118463906,27.67698048336967,15.487718446476983
6.341956589659425,542.7091197463942,347.3338366376923,26.614340992244486,44.244277249760316,28.73418726072473
6.5472697432815465,734.9264316679303,470.3529162674754,29.26352346669421,45.16499501840159,34.79307767522367
5.50267626965058,240.21183323199102,153.73557326847427,24.726769725431833,59.12559335508532,34.44279863480723
6.118932092832372,1596.9802743186565,1022.0673755639401,27.179031230312557,123.9807976392062,120.7468534332259
6.577645812796907,367.9208005521614,235.4693123533833,29.672021033557265,35.26377667228697,16.57178253943135
5.6943044958043885,438.8118006534872,280.8395524182318,25.359245386280094,75.55971955854513,42.766937332719344
6.76298861284197,645.9092784647598,413.3819382174463,23.606844899700008,32.2456096147396,24.712990138190968
6.079552917056836,1250.826503698332,800.5289623669325,18.533823146380094,100.35987989043109,77.0627676906105
6.295814375144706,805.078149741929,515.2500158348346,24.20903265997477,54.87518631889815,42.3214339087679
6.078805371439422,367.3524713893382,235.10558168917643,27.38198114596809,43.143334351258126,25.59220694764819
7.796594729156256,1239.018426265069,792.9717928096442,27.809716996486703,31.487152488536122,16.12562510832791
6.490551942683446,1055.8502193749184,675.7441403999478,26.265277730014436,55.32036084544085,48.315158752849236
5.75960234973087,988.4522350257583,632.6094304164853,22.60545316763216,104.94625120809147,92.37741534159265
7.075781438472232,1050.506984409794,672.3244700222682,17.581124508683434,43.160081663667384,25.05692319223569
5.6454094450202845,1638.0266652038576,1048.337065730469,22.766747156983428,196.3331329124571,201.4789764287441
6.646204516503329,1564.7832132626393,1001.4612564880891,23.43479295131117,96.57185043588302,72.17573185774025
5.128230913284157,559.6496299488466,358.17576316726183,23.40474861483495,109.3281585872637,65.78992923181094
5.570269765771099,1368.3597474839034,875.7502383896982,26.664947249422735,183.4605836424127,119.67686129726222
6.6378028651083865,934.1088664156151,597.8296745059937,31.44986743855194,43.51694683862541,35.04391910057913
7.016926605996788,974.6835356482122,623.7974628148559,24.932352206443827,38.06325197029213,25.77474286366417
6.6199577968329795,207.705208924835,132.9313337118944,23.741438737952386,25.812083590607756,13.219703868611882
6.419046202328231,740.3649821141314,473.83358855304414,23.592723654485678,38.473607733259925,27.467197873859465
6.289227413087498,515.5117433822022,329.92751576460944,24.935346684177,39.83032185640612,25.953163977818306
5.465034606742801,1089.8205852126582,697.4851745361012,21.600971838780602,127.2252139118834,110.11300903230982
5.996109054123704,1174.8781751409817,751.9220320902283,24.920694955611193,109.4270301251905,77.35366245210365
6.177552860328149,100.0,64.0,26.0778431771613,30.542835340199524,18.314480366289548
7.239985558353241,792.2877975985053,507.0641904630434,25.23390122251071,26.145477682439545,18.717304819796635
6.740532802697923,1192.6515266779884,763.2969770739126,26.101396769016734,63.50231311233171,48.88106036569707
5.2658718912460865,734.6623631902943,470.1839124417884,26.018116632719874,98.64373645928117,87.89867837767284
6.726858778576356,1055.1722757508276,675.3102564805297,18.298361612137448,43.31360567893146,36.90796769469746
6.230442403708579,922.9079136694794,590.6610647484669,26.729045554383912,64.70798919139926,53.35838986138491
6.026154599785829,919.5810811834192,588.5318919573883,22.151448040181414,67.8507558192271,50.42476879160065
6.928173402188608,705.0397576760959,451.22544491270133,20.66456292948615,28.748371116385584,20.721119297587528
7.221699665747166,374.19671855250164,239.48589987360106,20.634418602507512,20.496143169867175,11.205960298722417
7.151896083381339,407.4644484012404,260.7772469767939,26.017395636653852,22.877996340825327,10.932536402201658
5.912547733744153,1048.273380059361,670.8949632379911,23.720987754713015,102.05837423817646,68.19480236686493
6.28355133690415,806.8103894316091,516.3586492362299,18.61310925605106,64.02340891788178,31.652953718745366
6.731884401982494,751.5207143874713,480.97325720798165,26.173132353172992,44.26399925750977,32.749880442362716
7.182881588985651,651.6384851871766,417.048630519793,19.461371542204105,21.231939951629013,14.619751711595617
6.164578033508297,693.1839040817368,443.63769861231157,24.98937475481374,59.24136672135228,46.59028283094143
6.370038716335328,1166.4191280708487,746.5082419653432,25.33474623985569,71.9400829127811,56.96396863046121
5.72556551819578,682.6645713461907,436.905325661562,27.599519785932657,72.60857155657729,58.29449721659607
5.66265536314353,330.6273503444509,211.6015042204486,30.73589675263398,62.032289319008285,36.21965490867848
7.068768075675939,1060.2781214390607,678.5779977209988,19.723632859348104,34.905482460465606,29.272965360676864
7.449368019999576,728.2931676473489,466.1076272943033,24.316341503779327,19.38541739571507,15.466507582375344
6.449592914893766,810.9885529364717,519.0326738793419,23.532826467345238,54.43379309219979,38.13856752063334
7.202473028524417,1362.6524072398288,872.0975406334904,26.01812390086337,51.26028712422672,39.737387659296154
6.753145217533344,792.8038049273225,507.3944351534864,25.254840698267664,40.88691643073748,25.964767663886676
6.048416171776413,901.2142855915539,576.7771427785946,23.26608815042183,69.15060801991984,51.24405622757595
6.75297692385589,387.37677804558615,247.92113794917515,22.956842339862007,29.768111311471223,14.139617114936765
7.576625596526179,723.1156916771639,462.7940426733849,20.592422006855834,21.975471475190773,13.67413419361701
6.474921772623034,1013.3341158230104,648.5338341267267,27.957515538422783,61.20273916546562,49.495233001676475
7.595250559069804,255.6191931555652,163.59628361956172,26.107214635598353,11.876122174448161,8.918072217618706
4.8,870.2957825904983,556.9893008579189,27.71218869228298,175.8362362664582,148.0493561475148
7.075331753062657,835.2768754256822,534.5772002724366,23.4136135223357,35.76991731888753,20.088538212901376
6.5609329477667195,814.4506094556037,521.2483900515864,22.201075859569492,53.62525241248814,26.67128657889227
6.290694854673893,1163.0056145303852,744.3235932994465,20.725897266797702,77.46730153349267,67.89580545769478
6.564232543574851,917.0534801969825,586.9142273260688,25.75621154309231,50.848724027028034,29.595897974030798
5.108701759779375,1317.3251644247553,843.0881052318434,20.860723714151177,216.60971867938753,179.3026723547031
6.346229678513741,452.24366954208733,289.4359485069359,30.970320741382928,40.841312563149096,24.758601281046626
6.749978800058223,847.5735985264218,542.44710305691,19.923250966172958,40.34535408958122,28.696006520436658
7.534525831319061,829.5633752364816,530.9205601513482,25.457810417243756,17.98911017982156,15.117771493644465
6.137210847208447,425.760927185722,272.48699339886207,29.983991475248253,50.59500694202872,29.632210142017648
5.934054477974769,1134.7032507319711,726.2100804684616,26.59681415742333,119.33598585067718,58.83887968112359
6.1487700694908245,1613.6356570484863,1032.7268205110313,25.114857993721227,126.86792775085752,113.62688466729207
7.140781482391452,794.0478739306592,508.1906393156219,21.110307235633364,27.536132354025497,15.355771443577824
6.7301257767617795,976.7573808958184,625.1247237733238,19.663807840013035,48.037310350664725,37.106122349483776
6.129167857363073,829.5814665353645,530.9321385826332,27.195175381211552,65.01277695854492,43.83547585608207
6.859287203179349,550.2453655324884,352.1570339407926,29.771515342712313,32.730073779106846,14.673047565505305
6.567954284543628,162.73390276929433,104.14969777234838,22.9640250333264,26.033572424648398,13.863494610645859
7.178051493373022,552.9792809166222,353.90673978663824,20.51328472334277,22.00444003905723,13.666831840963344
6.008562834285853,312.81456666689405,200.2013226668122,15.896406993078436,39.778586034212914,32.5795643149816
6.270636497381562,1396.4357273206913,893.7188654852424,21.06732304718112,108.79175410385436,81.90812354228139
6.225524292807489,759.7116071268663,486.2154285611944,24.10220105125336,61.05163776813902,41.50921767489418
5.475539536307517,678.9282348334903,434.51407029343375,30.09693134292857,102.75927640119612,76.22305679486011
6.7072841939452035,1111.2038386757322,711.1704567524686,26.85596792281539,51.21805986106854,40.10931426476507
6.682738690525922,407.3871140004392,260.7277529602811,25.567798916473635,35.31961334831645,20.065242526220075
6.503579419649722,531.5975866984066,340.22245548698027,23.09958118544604,32.48971039030778,26.53011009141874
6.335789006637397,823.8252942370174,527.2481883116911,22.45891998960415,60.32004771845093,33.889332910511115
5.50924048056471,1160.0691469982182,742.4442540788597,29.419766591277874,118.76470499778344,133.4902616116112
6.205548274064249,975.5897658090759,624.3774501178085,25.202584892654365,66.5039136128648,44.14056603064168
6.260099838431262,886.9137998805588,567.6248319235576,17.140897578276423,73.10961365071087,49.921806082465864
5.938405911544867,827.3412073326057,529.4983726928676,22.14261123235965,82.01648664852897,45.643073673834756
6.387100001833794,940.0825494343713,601.6528316379977,21.496243888799306,57.58537542815431,46.19746163596028
6.782835599770177,870.5785167952391,557.1702507489531,22.588075967878872,40.45484421165787,35.84202532728955
7.820330130847371,439.5097038280725,281.2862104499664,26.470187310997797,13.406738055328914,7.447154661223963
6.622204468982288,816.1277275716029,522.3217456458259,24.12394291372013,47.6333691452756,30.024412455726747
6.680285273505935,424.2089693787866,271.49374040242344,24.230971075487183,34.04516752483658,20.16167635366235
6.447887858963683,828.3788900152883,530.1624896097845,29.097156064638327,50.09311986423709,34.75032507346516
5.1568601492906705,631.7732204791155,404.3348611066339,22.06238618574659,97.28427302048735,100.43833234500863
6.481440287185548,1688.7835679740015,1080.821483503361,31.024698340605724,114.21713977692816,96.71577048010556
6.542161146958718,786.0369656869009,503.0636580396166,22.150423430201197,44.939267138832456,30.708146652679783
8.2242694787397,308.51615180844396,197.45033715740414,24.812193688144,7.755590666852601,6.7
6.365347324653214,753.0369262630765,481.94363280836893,23.515787416090316,53.236608840704214,31.768702375381242
6.711083139633529,981.7755609732608,628.3363590228869,24.931966967253363,48.60031336818708,32.40566456680963
6.47570176120633,1385.6773811533833,886.8335239381653,26.056071982755952,87.96438630585777,64.38866258552426
5.681925373666328,593.6916600214486,379.9626624137271,26.018423340311067,68.15265457063599,48.28252739198645
7.2999759701605145,246.15020909172597,157.53613381870463,21.86408934282797,17.058317534973373,8.613402683021413
7.026353122880742,1085.8929540008435,694.9714905605398,20.5697986289335,38.30365829357377,38.78510267761308
7.053722362930133,316.7904529351221,202.74588987847815,33.26110126816999,19.33818761941071,10.916606238794566
5.863428781643683,647.3455954723802,414.3011811023233,22.806054811398063,66.51574486548785,47.731419869498694
7.4819560176552695,709.8328300711521,454.29301124553734,26.94724353535195,25.667285597008988,14.65068258889194
5.518704256045403,775.6282913449621,496.40210646077577,18.873255413168813,106.08621857773846,77.22769199602038
6.910799965660189,1041.2075599760174,666.3728383846511,23.521355480333632,49.90163038898126,31.542305825194216
8.033318938066985,560.7280011997643,358.86592076784916,24.05480215606145,14.464792954115058,7.1889794751575735
5.806624572408518,704.1947617416338,450.68464751464563,26.154852744747412,104.1528904430758,55.253037120632236
6.10359158927806,795.005376467714,508.80344093933695,15.0,65.54150425318257,47.2684884297112
6.569755955561349,852.3592851315758,545.5099424842085,25.081492145774156,55.64649891150259,32.64503333250074
6.147567042118661,834.239511147773,533.9132871345747,20.475904906212374,71.94154512699038,38.670284057133536
5.414535598253707,952.6020213279029,609.6652936498579,25.635209989182233,137.47721232930311,90.74388426173537
6.5479940823642195,1095.3438283746082,701.0200501597492,20.87284781106643,73.07166609163133,39.67769888001803
5.756387400391727,937.4219404778388,599.9500419058169,21.505810564260464,92.50224793310741,66.1633372311785
6.831514701444627,958.7549332282265,613.603157266065,23.54230336362356,42.41015579645482,30.903557955607905
5.856403036036338,246.2218916387328,157.582010648789,20.816846856388818,48.66653271117041,30.99607409635329
7.584954083512278,817.5796947079882,523.2510046131125,22.83562943642626,22.005871887600453,17.501632315495662
5.951722695364634,967.827641800563,619.4096907523603,20.323184810098397,88.16979444990841,59.42108240478941
6.274556938656027,1055.1294180996576,675.2828275837809,18.083903419054455,84.47019529497622,58.91163313058833
7.0694620521587686,557.677229018172,356.9134265716301,28.06284968350276,24.644338536019305,16.58917916017226
5.6383949784962315,569.3362537889743,364.37520242494355,19.96382957511625,72.65423760769464,59.707621072189504
6.6592219542228905,599.0647636507406,383.401448736474,23.874616893372057,36.783014660803474,24.98136321530271
7.4149999279977,987.7448649619702,632.1567135756609,27.135118785228247,29.051277311750656,17.709177312377275
5.374761735807141,1161.858369223473,743.5893563030227,22.347695641193848,131.2983774143889,103.18350486883902
6.629243700972613,657.3889624479394,420.72893596668126,21.611919350890616,37.01625642011831,26.547416951422633
6.681917955973897,1117.7868097694673,715.383558252459,25.291833310335974,61.14992203926287,39.24637691307749
7.047276010244117,843.217933207608,539.6594772528691,28.41276837954503,38.87413334549493,20.232366139825253
5.634134502385343,756.4999779931472,484.15998591561424,20.40739657219736,80.07412611905359,55.325331896072726
5.575680370841007,726.0155195637109,464.649932520775,23.974482587938965,81.24884448425016,66.003718723156
6.8653590959318285,1061.313977610755,679.2409456708832,18.436268917614356,47.73314310166719,40.102060716353996
6.70788927126323,913.9522358754746,584.9294309603038,23.123796487112337,38.55072277865084,30.81635409364564
6.6753449952421136,1596.5388996766733,1021.784895793071,24.619716395883263,86.0411790976048,77.87753865700148
6.742513746647883,501.72137495093654,321.1016799685994,21.508813753857268,26.52421067058335,19.313792386033597
6.023982694895056,981.3355957104915,628.0547812547146,22.900528581611688,93.24428602905797,52.216138326715885
6.662577588012702,614.7796465659706,393.4589738022212,19.571206310923927,34.12823151957273,25.83617601737953
6.705150731309077,495.7495545539747,317.27971491454383,24.76977513983523,37.048015975325285,17.633455213667904
5.999954007381542,796.1965020377597,509.56576130416624,28.194929871091023,78.16893096259062,50.025988618702854
7.806042157801329,848.0733677924626,542.766955387176,20.659996455803377,18.426513289393846,11.880806096007788
6.831683044638251,1821.3607442710322,1165.6708763334607,22.32064881706666,89.02814776464874,92.09693525223709
5.666087551958146,735.5489645108793,470.7513372869627,26.258911862589635,83.81654198692014,53.91831224804688
6.959587526043681,404.4374446803608,258.8399645954309,28.742317517629576,24.01712976444059,15.34286923450505
5.817722830840875,895.553751123035,573.1544007187424,19.27383565726874,91.28429637470138,58.82799060631146
7.050959222619716,100.0,64.0,23.909253419044177,15.945249427123239,9.049175509390807
7.311016905305182,767.815126088507,491.40168069664446,25.490957878118337,28.019245449578175,11.048202731034916
5.925522377153802,805.6088488033062,515.589663234116,24.142802632799032,77.03525083801243,68.15167292704498
7.1743632904710255,1078.110134030824,689.9904857797274,15.831227765930196,37.31057949399128,28.546690204278974
6.788946648855549,1140.7677872997465,730.0913838718378,26.2538150325807,50.741413488810686,35.9654246331271
7.075442111996143,623.7506333822989,399.2004053646713,29.817677228817253,26.78942413921717,15.109072080284568
7.8277550878577635,747.2850948795234,478.26246072289496,24.90831612909326,16.268831450284683,10.212823561955679
6.328228318797991,531.8577092862652,340.38893394320974,20.89112881347008,43.656364766403144,30.68265379738065
5.972384684949757,405.17810581730714,259.3139877230766,22.704054637725008,50.6204137470132,26.160748573578225
5.877339899262134,908.463172783222,581.4164305812621,30.694695736794575,87.72124617847402,61.6713422393576
5.928932800524193,354.24505799119027,226.71683711436177,27.684868893011956,58.222281996469604,38.951854782483686
6.446028803410127,654.8805847998478,419.1235742719026,26.740093164345154,44.047902023399814,25.979625981113152
6.738806382371651,451.6891140352669,289.08103298257083,25.747444042370315,32.69200208465117,18.675901517487603
6.693683559531014,992.3891152015909,635.1290337290183,22.186020107331597,51.779804086455485,46.08618963488412
7.079028274325217,1430.5005347432707,915.5203422356933,23.79800086770481,55.89608543348446,46.68721336661213
6.509101324314535,344.44420601883405,220.4442918520538,24.227270425125194,31.62997785312649,19.967920114329623
7.517473854010122,151.44353098585077,96.9238598309445,26.423510106225553,12.66580282160905,7.41203974326695
6.314740216733431,756.2895901274765,484.0253376815849,29.781216129934162,55.33369539277896,35.31363732561665
8.404118416612732,805.4942285852154,515.5163062945379,28.414183478775946,11.079163398470236,8.438927051655396
6.937967143435504,876.5307573650542,560.9796847136347,19.532154754713858,33.254406533350746,24.547675709117712
5.899989710508602,643.7878196679793,412.02420458750674,25.28398239115367,70.09552877379369,36.21916474072703
5.750375251357221,729.7762454110989,467.0567970631033,27.07867170808764,86.63938703405829,54.03704970337077
6.83773069067023,928.6286436892108,594.322331961095,26.666011155506226,46.04718331727576,26.47109176784783
6.3435760502719045,1164.1508124256936,745.056519952444,22.297681828144032,77.96772632596728,55.94536195734478
6.999800345864465,115.73293038860106,74.06907544870468,34.69938225518926,19.36627286219359,9.885124447709433
6.831266337201481,670.8711963389883,429.3575656569525,20.030204031841084,36.38148414407549,25.37251629747442
6.449019761140189,874.8330778793722,559.8931698427982,20.708840436668826,58.580366161079006,41.212053873344
5.907244397352117,478.7083633862424,306.3733525671951,25.317582784415517,52.09349616661236,38.457576888096945
5.4396069427198945,1405.9093711185549,899.7819975158751,31.908810692373486,168.97072009431523,158.10477447917285
6.187439533553086,577.6065419199421,369.66818682876294,21.573318022535403,48.47515385537032,29.529529938944066
7.0994791560264305,785.547559547451,502.75043811036863,23.569600720235528,31.023466937494327,15.808742054205444
6.649865620891143,994.6077338948018,636.5489496926731,28.270527855554924,51.310854806438314,37.627806343559776
5.627982854901608,593.050323919337,379.55220730837567,24.437482457892933,64.74377270942938,58.40677447695263
6.621226648095828,153.69943326845396,98.36763729181054,23.328886509143967,28.943760134385318,14.256197248930158
6.769722165810186,649.9709155792134,415.9813859706966,26.479715156603522,34.0969422182049,21.32259134662051
5.881299794659207,1160.3041945744642,742.5946845276571,25.453812965803575,109.39914308151481,88.08912120896078
6.60760757416187,682.0867056252015,436.535491600129,28.10653574972877,45.51790008152309,26.559145112681183
6.5407461029122,503.7479944893575,322.3987164731888,29.020141111728773,29.151543472627022,27.983373609107346
5.699920791518564,1123.9852733259527,719.3505749286097,25.574510710018767,113.5407349704317,106.82103380890817
6.750451152243798,684.2287863919315,437.9064232908362,25.52106453882408,35.32339639075547,26.75665955105927
6.892549168457764,621.443715222424,397.72397774235134,25.249388438001468,30.16541818638049,21.687842683870254
7.258135870222694,852.3096313821584,545.4781640845814,26.21195694827251,28.932163483858595,16.645578391782156
7.237661436424432,1069.7625733665755,684.6480469546083,24.693097232550123,41.661870210946034,27.217577551550082
5.535631442430036,1633.599736106391,1045.5038311080903,24.49787031187199,228.5473488799364,198.67588720992953
5.843522472059414,1089.532637680098,697.3008881152628,28.68819492289535,113.29409504219439,85.08533047968291
6.860524687046062,1205.9439882359206,771.8041524709893,29.806406631242652,54.81438001279725,42.307642703448906
6.859650165638546,622.9118303542507,398.66357142672047,19.223564693783025,28.0609104159603,21.538551183065124
6.860533380414234,440.9461629106833,282.20554426283735,24.53507403109199,22.275112290531812,22.611518133790927
8.5,821.815972366693,525.9622223146836,22.089569482941677,9.943747321742284,6.793580136745745
6.899623357485217,837.5094703408587,536.0060610181496,23.411599867298747,39.04046141528029,28.22951580085924
7.2948959481264195,422.520540522391,270.41314593433026,25.908806734073625,19.315782269295863,10.826727296298767
7.167801234445242,738.6469145335955,472.7340253015011,26.84303430039864,27.755932642864273,19.958371600841865
6.955973875914059,939.7611606016958,601.4471427850854,24.107557447360293,38.48130110312907,30.35678104833903
6.279311528751758,926.137688256328,592.72812048405,17.80330882847019,77.90121820075758,48.25375478837711
7.031278454345287,976.5007486844953,624.960479158077,21.12234046798337,36.113954824591666,32.416435811472404
5.9590223498237,901.837655548105,577.1760995507872,27.63774884570058,87.28923523183387,52.607444237573
6.334226975281994,622.5469692554805,398.4300603235075,15.0,47.004850209408225,29.507539434411377
6.160245516519628,620.1347806729049,396.88625963065914,28.655995030887,53.00755425221401,36.694456865502076
6.557311897570425,380.36701070214343,243.4348868493718,26.324304967255895,35.552692697702945,21.835577569996673
8.120260996671457,1424.6712637147832,911.7896087774612,29.106616285355077,30.191605064087618,19.020229772114437
5.192914365185777,804.7076276167526,515.0128816747217,23.805007845916638,126.05743790228478,111.97517189725978
6.980382133262159,721.3014304718018,461.63291550195316,17.285081015919832,34.41647589561621,19.25007717849017
5.371098890167244,474.9227714916394,303.9505737546492,26.006269245272744,86.25278329286611,50.18198655179464
6.169647693947397,1827.4802658147223,1169.5873701214223,28.961285934134196,161.06542756670933,147.832478051245
7.262265417877156,424.3351887219866,271.57452078207143,27.736526319296974,20.136284540059503,11.655091417771736
6.544996013366824,649.9032260378743,415.93806466423956,22.180579807791876,38.72952883014462,28.929850832829807
5.745578655449486,945.5428927001212,605.1474513280776,24.803663764119264,94.92661871897225,72.51849832917667
5.999287403518022,1010.0745380104972,646.4477043267183,22.635073059270265,81.47651317413435,61.41658838264155
6.975718424254273,1135.2762193254894,726.5767803683132,21.632567375337196,51.042937585252666,33.29582517852205
5.988743357798004,1432.662977719242,916.904305740315,27.843859999129478,126.72411646948814,105.1268758704499
6.6515210127073825,977.1551794112493,625.3793148231996,20.308636910571934,45.75797394886257,35.09911533118395
6.53190028793267,430.38922001166634,275.44910080746644,21.371642492964355,31.842716255154418,20.83880961416459
6.043879756675928,710.0692062073765,454.444291972721,20.635910282846652,46.9910960108654,41.638686525143626
8.000760862527727,907.7413303798597,580.9544514431102,19.284133668453336,17.103041600052507,12.486410808088388
6.943743315622608,1523.8791145270384,975.2826332973045,25.012450021449112,69.03345147550748,55.122695576205956
5.082400189339675,310.76808255149604,198.89157283295748,28.565260669686914,87.59790879480067,77.51425879972825
6.6305180203386,1220.9017768288295,781.3771371704509,23.85293135314157,78.66854508276658,49.866031709565156
6.036749474662129,862.9700293412459,552.3008187783973,19.229882698025417,76.98824531570027,49.09981152309776
7.096703334357357,1093.2406873303182,699.6740398914037,27.439805889097094,43.40795058882437,39.47370992777733
5.945235483097109,764.3018491774238,489.1531834735513,30.399956139122402,61.307643550015904,52.72296482343322
6.419684490973171,505.14857945578575,323.29509085170287,22.23815186548692,38.29787810225452,28.522721224036953
6.85349109528632,1062.8054727904662,680.1955025858983,22.825060066487985,45.97677727931032,36.499423271063506
7.106028635919085,1029.0508594869675,658.5925500716593,26.30481220529188,35.99547694075663,28.74524129890777
5.659792515060957,1140.2199380089028,729.7407603256978,30.17655811724768,115.60034860936132,103.74455001368516
6.2658491349113365,795.3433776174776,509.0197616751857,22.68058048996171,49.061487300179316,35.442166653318466
6.167538282187331,590.0622918380527,377.63986677635376,19.83642576650628,45.85413848340054,35.87312406665371
6.042669537198401,254.42455174165548,162.83171311465952,26.709965121953424,44.986199502298234,22.18374542056076
7.735817968196768,1086.7806438487924,695.5396120632271,27.296738255998047,25.324094182825796,16.870808323105283
6.7834871976726685,948.3613188553951,606.9512440674529,24.521460076523294,43.48830966838854,29.085683060794356
5.617381231965468,461.97607849761425,295.66469023847316,22.546533591198923,68.70873990241034,48.17016316132613
7.142503362938343,611.4992143461816,391.3594971815562,27.980325558472163,28.555793765002036,16.694743177916298
7.985509337908843,636.6344158169958,407.4460261228773,26.348126015917874,14.107796907206286,8.860255265736198
7.222725682385803,280.95544880615364,179.81148723593833,21.810475690837777,18.738072993514184,10.638700043702848
5.436441023832191,513.8111611882032,328.83914316045,24.67183155956985,76.20775064738962,52.9431716835688
6.161036148993624,403.15937511777605,258.0220000753767,19.769023637913737,41.20851688572485,27.04997455667839
7.386837804430636,655.6323458392221,419.60470133710214,26.90061659753272,23.047504918013924,15.432729690276343
6.004631374066854,541.4558755846531,346.53176037417796,23.582182507160006,66.19214560223672,41.92757946550128
6.81067359970236,230.5482776966379,147.55089772584827,22.97501208665342,26.30236217431494,11.863128209566355
7.042243837400536,1507.9065806993185,965.0602116475638,24.38493930196648,66.52084036780496,40.984681611895596
5.851148669895342,1238.3892558602306,792.5691237505476,24.64107694765587,119.96249187133562,86.08909141739959
6.45833225075674,527.3432024680051,337.49964957952324,27.63225521547946,44.700639361457974,28.544056515312825
4.8,895.3474888287635,573.0223928504087,26.568816859638275,201.33817535139065,169.20685207409153
5.782928651065998,946.1127814374532,605.5121801199701,23.95256752422519,76.94164431309346,63.50322315840081
6.323202294024788,1216.880049170717,778.8032314692589,27.172838524016484,74.33101302714563,64.66729415920162
5.626551772624605,513.4882406689725,328.6324740281424,25.902580387920647,73.86255766457961,60.141266086277085
7.6426879127521445,1182.2373743938492,756.6319196120635,23.00690127299887,25.454004412211575,21.724184953515113
5.498901035427557,608.2331435275728,389.2692118576466,24.0634864461723,79.02078976611786,70.88859578869133
6.191968859312111,332.44815854098533,212.76682146623062,23.981219889049076,37.459038930823816,28.11715059763175
6.591518404100264,1053.447795760074,674.2065892864474,26.268414701109705,56.473745552057416,37.51306254344637
7.508891302346281,1251.76544844285,801.129887003424,23.215420848474253,34.384582406664826,24.449596557199047
5.494896494174393,1705.7681407357395,1091.6916100708734,23.133567847524283,230.34328760562136,214.49048010353246
7.3142146265084715,380.0961572184253,243.26154061979219,31.390650583018854,19.701626570828612,10.846250456343782
6.507163142713711,1044.621889778276,668.5580094580966,27.789074186114863,59.5590271975324,49.04788587620524
5.812943944266435,656.5695646722634,420.20452139024854,21.837897674512014,68.72275452286945,51.7831708257321
6.82347243198429,1074.1755486834109,687.472351157383,26.498293478797695,43.87247721269952,25.238432358371657
6.639341786901429,285.3286570690623,182.61034052419987,24.91422522979312,30.23541535868534,14.231565942751608
6.079848185988844,358.03057850550255,229.13957024352163,25.870429113410328,41.763886932762226,21.963390256737508
6.548861459493013,528.4438118917307,338.20403961070764,24.980694635977866,33.285926096519205,24.0374645720503
6.230280482196768,827.6374159838296,529.687946229651,28.663749259198326,62.50126898785464,44.181954258503865
6.579462141675874,575.6215567115756,368.3977962954084,25.70967120628006,35.006048233713635,25.070343051906562
6.9634914721647325,1030.669020369697,659.6281730366061,24.282689556249995,41.01212075825582,26.925642891070357
7.6102117713017465,1159.41311639027,742.0243944897728,28.14766701944056,30.820230804643792,22.37894652318862
5.6335291508212055,1009.8521394358745,646.3053692389597,25.31649764380755,109.18229592304196,93.11164336484376
7.993123362259387,1366.5756738813038,874.6084312840345,24.9251750276517,33.985617767585815,16.708490142828555
5.133538540334249,945.53932030937,605.1451649979969,25.5990791087014,152.2264969548959,100.63041436061005
6.393750433475092,374.0861513809415,239.41513688380255,24.17236841821772,37.87458218465472,22.347237247237324
6.911822044539203,1277.181779738419,817.3963390325881,24.53229447548414,46.92690325884832,51.17316612599157
6.696694307414523,588.1953175379009,376.4450032242566,22.446568939333446,32.204012264494494,27.24217561664328
6.064110336125585,1118.6464748899496,715.9337439295678,21.870914731316425,81.93448618966359,73.29170718223995
6.354314424749908,1350.8069757942872,864.5164645083438,21.00500364731146,82.94056422980618,65.29705669956324
6.1548993457388175,959.8408037556397,614.2981144036095,19.628058496210233,76.03088586002339,58.89084201272988
6.087444670139052,276.34441539237264,176.8604258511185,21.420989235154053,45.07939454067553,24.263048140664967
7.0947214679147175,478.625741721573,306.3204747018067,23.890065379365762,24.261890992992384,13.115504635013506
6.7499108401755334,1262.9605634097975,808.2947605822704,24.86091153855973,61.11488115546018,36.45970463563038
6.014963283317542,740.8070600250143,474.1165184160091,23.550462028983258,62.56052315449731,46.80427159184045
7.129719912803275,827.850737229758,529.8244718270452,16.255037784554247,35.008533032417176,19.365558731069854
6.715109664613626,1065.5885456572632,681.9766692206484,30.0110522521682,64.60268133296512,38.66583641192801
7.069003483187272,1043.713001728113,667.9763211059924,28.302680430116336,40.81373255142801,21.514804144929737
6.940740189346529,897.5799343349113,574.4511579743432,26.06015947925995,42.22499780879241,26.793054934072988
5.919703492354549,726.9660700728369,465.25828484661565,31.176217353936437,72.47965617101005,37.156154025325385
6.107873271862121,690.566043993675,441.96226815595196,21.079225588807013,63.37634173659335,45.911807360974784
7.023105523586283,1100.26458885197,704.1693368652609,31.106687922191014,39.45755739084736,32.97159243714279
6.927259185803425,993.7493358737277,635.9995749591857,21.121750731373083,40.8555765581207,28.73430612935121
6.485368884225096,709.9449997837736,454.3647998616151,25.335582738519747,47.2583696045439,32.60088452055789
6.582129168316148,1178.7393095475993,754.3931581104636,20.041569362030284,73.0657804777765,43.323220461160965
7.3943654270518975,754.8380597045757,483.09635821092843,24.551429334405285,22.54306266898365,15.595880762939338
6.085900027814919,501.91823898296235,321.2276729490959,25.85158274299436,41.87427706330469,36.36074824198819
6.882968166819026,534.3602553838293,341.99056344565076,23.958583841029057,27.62254639645437,12.688982746139315
6.358465143296274,457.4407072915819,292.7620526666124,26.99857105431548,43.51837454277655,24.03788955960333
6.347623157740946,704.6564941887095,450.9801562807741,24.846550573205402,43.37778417011765,33.847604315877334
7.269143796391033,1231.8034974176676,788.3542383473073,22.671548450678717,37.11236137844542,28.965880795984777
7.077791444291621,518.2166866393219,331.658679449166,22.516153387691812,25.03975965250219,17.977795217323017
7.069456745200447,865.966516356336,554.2185704680551,27.33819820415494,33.84711040080553,20.066810114651744
7.41383516500803,570.1587290304053,364.90158657945943,22.211902895675614,21.350836659473067,11.459854260984676
6.514702689142931,708.8918355549969,453.690774755198,27.703910396697278,39.783483075415816,23.90597853738518
6.977367079906474,271.4855758051617,173.7507685153035,28.77949127491176,20.551220596514202,14.763136746068252
6.2828132703845805,722.8116197952119,462.5994366689356,18.659501481788546,59.76292119104214,35.49005383512178
6.726916446741909,732.2031170682633,468.60999492368853,28.46524235555362,34.87804519699772,24.533547892368507
6.408899861942621,989.1007804124934,633.0244994639958,31.711479444556446,71.42805892003447,44.54626583203579
6.5678971754949025,878.1483196393797,562.014924569203,25.38201316420675,45.37697619668534,37.33549724973735
6.91660991780584,380.56275626678416,243.56016401074186,26.596794648531876,26.47800085800744,15.375741788040616
5.92724552173657,1179.46938541524,754.8604066657535,28.129518635292055,102.36484821439588,111.5816992217649
7.964671092979822,873.6060640776984,559.107881009727,23.535811896873422,16.030657876294665,11.799536388199101
5.795787832950209,869.4377310121204,556.4401478477571,25.137980782382545,83.80057990313642,60.663973395301866
5.650067971048587,796.7861763152014,509.9431528417289,19.900301646319118,96.04834529699153,62.05852675842163
7.310677611450047,618.7848934722231,396.0223318222228,24.985222599856577,22.79412690888339,13.521265330058563
7.054163885774055,876.2308189120541,560.7877241037147,26.243391984755895,38.71672917386838,19.681862942257546
6.936883871936509,966.4559525750038,618.5318096480024,26.306570580242642,47.229042877293104,28.66235241245492
6.939841856484996,188.58650802905584,120.69536513859573,28.22898653259153,18.08689354839466,12.721022171597966
6.4914272590071596,611.4337069288665,391.3175724344746,21.788192376525647,36.90336715646452,25.29584158207248
5.871921939959918,710.7685603587438,454.891878629596,22.635876351642764,63.54781936841937,45.69225568733244
6.5530631907356085,889.6597119929974,569.3822156755183,31.134275710969742,47.08860448620645,42.36966171535839
6.025986801941522,1217.658852074494,779.3016653276762,23.973850691827014,112.95783113358287,67.36121120887543
7.182583813392426,529.8907148911262,339.13005753032076,25.200118255593146,24.318900940447246,11.159637920117252
6.397059832948503,625.7133536137553,400.4565463128034,24.265464853961728,42.798159406469715,26.075979929361313
5.922151962245242,620.6130612737074,397.19235921517276,21.62411710793242,63.4910475984361,36.35228445095752
6.275029910842904,519.4653434634105,332.4578198165827,30.18235223812132,50.80995217413402,30.393695358465223
6.789052017992937,678.4847267107082,434.23022509485327,22.65304505827788,42.19079209602057,22.132931098779363
6.105392813037218,1069.78077699579,684.6596972773056,20.554500667025746,86.0125818168635,61.23765499512251
5.924445723103498,431.15757662247904,275.9408490383866,22.92240902944037,41.7127816317243,39.780431907557684
6.670581048044339,949.7350383035161,607.8304245142504,17.494028993960633,50.956496873391735,32.03298491974733
6.671476599776106,204.33421949358262,130.77390047589287,22.220493872558862,27.180103180007197,16.065889308379962
6.145139777240209,603.5317012452279,386.2602887969458,21.111549907516856,54.19425424247728,42.31877313356295
6.170273186067174,684.6787449237049,438.19439675117115,26.661000208245635,60.040551830944835,36.304514426642534
6.662434956150346,1386.2008855199226,887.1685667327505,22.143050161540447,77.05197644839676,62.82020523075804
5.486340960951873,703.8191933365592,450.4442837353979,27.60731377452597,84.43310354683167,66.00842414220833
5.514775357936411,100.0,64.0,29.394693975742626,48.9578512122712,36.81573973737687
5.997089045123294,100.38888259856253,64.24888486308002,27.234113677006597,36.161044889301685,18.734358047505957
6.3505869938017065,811.9103552213384,519.6226273416565,23.746140988989733,60.98076878274286,31.69378573215648
6.717635295918603,1014.819799526468,649.4846716969396,24.993900738469577,47.38591405263731,34.409167109957075
7.532749351864687,931.4095501695385,596.1021121085047,19.16255270949579,26.93519554495894,15.303693582997289
7.100361736241414,858.6495370303467,549.5357036994219,24.031772196175663,34.15794720717373,20.814342919795862
6.388043029025601,1206.7908591269834,772.3461498412694,21.488465361766085,89.53451078280982,57.0957839364741
6.486688654468118,611.1430727420039,391.1315665548825,26.930142334022545,41.40470250323343,29.595874966944198
5.798229444753534,1113.2186946093889,712.4599645500089,33.50463336235566,93.25319466700589,80.69488606031577
6.487040804805327,228.79479024075397,146.42866575408254,26.249375725908333,31.012707077576852,15.949242007461429
6.297938952755903,483.2682584716768,309.2916854218732,17.531009478658667,51.699821896507835,26.289348701935776
6.725902992236662,167.5355117738643,107.22272753527315,23.235694324799695,24.729798686334377,12.337990872261967
5.920938339513374,703.8041447655727,450.43465264996655,24.928718238810593,63.872648631955755,42.94112107133206
6.8635425599688205,783.8085739567802,501.63748733233933,24.805750988410924,33.412731072439925,20.371056359233023
7.5729172391018045,839.9355222792819,537.5587342587404,21.942154060369365,21.111638418282574,14.89088923837234
6.4238678960802,821.6591735104973,525.8618710467183,25.358521099229275,63.556272419195814,34.201136495557876
6.781198205469259,475.35633421589523,304.22805389817296,20.151247070782144,28.646133419133946,20.538689631520132
6.983100794197779,733.4157044553745,469.3860508514397,21.192819470602267,30.35765994704634,17.79314711951303
6.219145669679914,275.893665987988,176.57194623231234,26.76029174561299,36.63476300123412,21.584484000387683
6.656864737267291,1277.1301412962875,817.363290429624,20.94517869192061,65.76261263567604,62.995245625762884
6.508814680547256,693.7308744856997,443.9877596708478,26.383740619222902,50.977398242964384,26.41191088028648
6.568373268984182,628.889858334708,402.48950933421315,19.706876788703795,36.23242464253489,25.33305829036822
5.958893151301173,1356.129114955429,867.9226335714746,30.676890593271075,135.778675171334,85.43970798922167
6.51715712198126,365.21371325776977,233.73677648497267,21.790055271585807,32.770184772304894,17.146697584777478
6.848598803871814,406.0445100888108,259.8684864568389,23.717166998687947,29.45420107783471,19.203404184485105
7.515800525456529,416.3228862960022,266.4466472294414,25.65714641381642,18.826853714080013,9.686864700926881
7.171489578259645,776.2450164051813,496.79681049931605,22.52127516624617,29.445114460881655,19.26571350483884
8.00722772025809,951.071070373159,608.6854850388218,25.001920863749564,18.00997099054075,9.73172933020447
5.962856705978365,1058.8864138412418,677.6873048583948,26.51374853582044,92.91537262113597,72.50708227571329
7.110624445704475,1700.198361123239,1088.126951118873,27.8621463137622,70.93959340309256,65.9556070439489
6.628339404016846,100.0,64.0,27.27024102590535,20.07486957987848,15.401217766370364
8.032862053252371,1013.0574561935459,648.3567719638694,23.898663376690642,22.223186983510484,13.441374174395582
5.934191200251394,605.004299599719,387.2027517438202,23.986788790847392,63.51728649758922,37.07327484254983
5.9121947104734565,594.7546978889293,380.64300664891476,32.721879953087615,56.166272722267934,44.03169167370278
6.0804251481891844,583.0797551111428,373.17104327113145,27.824611738872523,45.16426238632474,39.51575860282936
5.0132729929831354,481.9306152172093,308.435593739014,21.27361720287925,88.19032011465187,62.603351041169326
6.131971484823468,1389.5836921112082,889.3335629511732,24.849958573179432,118.69210146428094,78.07964800432175
5.968607136912412,1094.804064454866,700.6746012511143,23.326999014276325,89.78592045169759,79.94612170821509
6.605275650533345,808.1185924950812,517.195899196852,24.026330181269117,43.78881595798429,34.35698991355747
6.739229183044012,1272.8555133704501,814.6275285570881,20.196766948021693,66.3918908144131,39.83532740253381
7.8133195874511205,270.61486214539354,173.19351177305188,23.058268679649164,10.897873204463282,6.924631203708363
7.165296686730235,334.25320403417584,213.92205058187255,30.840445206178696,20.543163303799155,11.588785690942377
6.096167441036318,100.0,64.0,26.526767053064262,34.91700470619254,22.66688511083008
5.8711097300561494,555.2049109568494,355.3311430123836,15.780935071469889,61.65405811318404,38.99311977733583
6.844343420054554,856.5944843466635,548.2204699818647,28.758532223742815,34.63680966493787,29.176703363411832
5.57583675508555,836.000502276317,535.0403214568429,28.313703330182065,92.75625055480975,81.03055725123984
7.782021136098048,852.2696688709582,545.4525880774132,23.242501434927544,21.123336553912175,12.15795943499847
7.325608084504901,306.1301091268714,195.92326984119768,27.010422403241254,15.884611007569243,9.772143871432375
6.171577043526707,1081.1041599149078,691.906662345541,21.492102762139798,90.31331680509513,55.98530303051452
5.300805829636386,883.8696313836492,565.6765640855355,22.85410499306775,158.90810183939212,117.28290721715285
7.447710661915789,1056.5689985130994,676.2041590483836,29.74491226234449,32.780501966999346,20.68103028644256
6.419822108323167,137.53323784348186,88.02127221982839,23.54894486045602,32.38795268330557,14.987447152967613
7.3664714183814235,909.0218005792265,581.7739523707049,17.955939183157533,30.560957426845167,17.396208658531354
5.383900638843944,384.28216602886556,245.94058625847396,24.27843872026532,72.3592707107118,51.77431831478747
6.080437483932359,660.9368616070234,422.99959142849497,24.22494062479975,59.79168828423425,43.649760990450346
6.503670589802728,987.0277145227342,631.6977372945499,28.694289992807107,69.8504703597228,35.517125394292414
6.5328864156353195,831.8827621895696,532.4049678013246,24.55017747761516,46.9123622472668,41.861437313398824
6.18495416996453,501.96100707723843,321.2550445294326,23.024461909958976,42.66050345961535,31.745363823809978
6.935994952643249,802.1956046645464,513.4051869853097,28.157696508309222,32.06210854695708,24.93574611862902
5.752665699432184,263.962639664725,168.936089385424,24.922765813753887,50.81955486550497,32.63539307072039
6.400334360485094,1202.5935885644035,769.6598966812182,21.87492061451999,69.62922422828191,57.828605071907134
6.584206942198329,728.1505931763121,466.01637963283974,28.54249146189566,50.26605393133093,28.326225614352822
6.860107183841125,1191.492480489364,762.555187513193,25.177816175808797,54.95623282175694,44.2179418632326
6.9981304146622225,615.713909516385,394.0569020904864,24.51024088337803,31.315033706990647,18.118192945029698
5.712750535713491,616.748404057696,394.71897859692547,25.12267936994079,71.89067719143247,55.880981493088996
5.426120080485065,532.5346246767538,340.8221597931224,20.75266070004191,76.04095038877107,55.64586630807475
7.3943737753289565,1106.6608760925765,708.262960699249,22.65321178337582,29.791267733407537,23.718195425308235
6.7326198083857145,551.6990949350335,353.08742075842144,24.512539106414742,30.194068056713732,19.021142418977465
5.976059424410413,1025.6084013453117,656.3893768609995,23.81867706741362,91.5809964321368,76.20962309265315
7.585806382865766,666.1416608157484,426.330662922079,28.953499339858084,20.407694253307458,10.873046225007199
6.580972244005001,108.41284503793315,69.38422082427722,25.260920484544513,25.79775196399603,13.63380772409241
7.325508028844679,600.3900762747369,384.2496488158316,27.492163729227407,19.339558433847042,13.19833682326629
6.547262936987076,387.3121249730031,247.879759982722,24.532883741015475,32.34330101614355,19.249367554211236
7.942523547417391,811.8659532888181,519.5942101048436,28.197009693111433,15.563109492990286,11.539168722227037
7.728738589710243,383.3572925139284,245.3486672089142,25.891347148006037,14.002487930583372,7.4265524332474175
6.325725096064649,1124.0912852501158,719.4184225600741,24.54697169885961,78.44541512324443,65.72613364060885
7.180099665668049,768.1234488764404,491.59900728092185,24.45350918864343,25.866076915260294,16.98646807189865
6.951763164709603,737.8414018344414,472.2184971740425,21.159464807981628,36.24879151071518,22.093904210513603
7.458042090272644,1029.562248225654,658.9198388644186,26.274205020477087,37.05137657885117,18.43644121833776
5.824553577593927,1137.3674269265518,727.9151532329932,24.359283429122673,118.70889310392198,89.35906181061996
6.980236021998907,792.965436880622,507.49787960359805,22.743028139365784,33.65094665497565,22.521775465663644
7.240897140794711,530.0798951577483,339.2511329009589,28.37261619784225,21.49230746511264,13.273114659891696
5.26888235950382,179.11063436075472,114.63080599088302,20.124243909368197,67.1798978954721,50.68392500992937
5.671719041133958,559.882585037687,358.3248544241197,23.021264365986482,67.38660658565566,45.932759212379146
5.0725374755679296,583.9757136732135,373.7444567508566,28.097015620728367,117.61811679490798,88.29284240784648
6.311415215888809,837.4701085473039,535.9808694702745,25.604330293220887,52.45618118052638,37.264194078501504
7.0022795790571735,679.1985916016905,434.68709862508194,24.33249375321535,25.430919308612275,19.698615496067394
7.55164993646722,1040.7765402179998,666.0969857395199,25.378512401025514,28.745290612825055,16.50182685329398
6.551866346293843,585.4558550552587,374.69174723536554,25.127949598670945,38.76452206482039,23.25138616062551
7.6400308818999045,780.0355916014704,499.22277862494104,19.191681087999275,19.695071136577482,12.938973841389132
5.533928979249576,1214.3956051189111,777.2131872761031,23.277583401282136,129.89520025118279,144.89557351057675
5.307632292451392,919.6388248842383,588.5688479259125,30.15782579079812,135.20817705296685,101.66894186793493
6.4611166107723665,778.9868604090025,498.5515906617616,22.192365528279915,45.12637282954856,40.81652545490436
6.768845814257515,589.319445322688,377.16444500652034,23.38594645063483,32.669263480131704,21.706002678009877
6.477113676334135,578.3690111497581,370.1561671358452,22.604327328417845,47.782635738576886,25.283692897699176
5.0527905299720866,502.2853614668183,321.46263133876374,24.19544671838652,114.83354334520577,91.12421947143501
6.437615972341048,610.6475969759853,390.81446206463056,22.459070090364957,37.97140099118272,29.785787669243593
5.586871349646603,1064.4830435605102,681.2691478787265,26.20359525755321,108.89309024489084,88.04414284027727
6.968770784181027,722.339105047706,462.29702723053185,25.190596943015933,32.73420175197151,22.162990026995114
6.756618772267794,327.5794257165691,209.65083245860424,27.207416652874564,23.115374600898434,15.287744120160534
5.8420841495708515,1418.8592525709241,908.0699216453914,20.821705918338637,116.95202715093801,92.30993903170597
6.140293157864314,911.987816900807,583.6722028165166,23.30880830990984,74.33548797468698,56.71395851186482
5.758550534677734,307.56980982039073,196.84467828505007,23.709970789357527,55.35147303772215,39.17769857613727
6.4561246319087795,645.3528754657116,413.0258402980554,26.094764185310083,45.73042117458459,35.886402022166706
7.1685996243508665,838.8102339899463,536.8385497535656,21.72372580977538,31.77558984786557,21.453711349624943
5.809991767565119,1396.607232654082,893.8286288986126,27.704788314904203,140.2274701481077,112.81590366287746
6.852832560862491,412.16063960939573,263.7828093500133,28.65245456681163,24.85823529247141,17.75572437868138
6.128819667139291,1141.6142517745814,730.633121135732,21.038946783275456,92.48446867404867,73.82632677390323
5.9449890174163595,1289.8202494403201,825.484959641805,22.78194486787252,133.26832944045677,111.19314851803101
6.42507874803181,579.9709932239005,371.18143566329627,22.638239720977676,40.35655050444401,27.47745805935831
5.775330374306439,702.8702333989183,449.83694937530777,33.71335171637124,69.53649003145024,52.69756364857772
6.112445486256973,437.2917634191804,279.86672858827546,22.995349631772395,42.02709512403351,27.765962995796592
5.661485475187806,728.7886006218932,466.42470439801167,30.37168904754647,78.55446566513785,64.52789356660156
7.875307593041472,787.1935089799741,503.80384574718346,20.066788017126868,17.901231741978073,9.116455439458743
6.52468448638021,1030.8774993288296,659.7615995704509,21.03622161842473,48.85025797570577,46.83856144248868
6.01019214440519,1181.5642148571565,756.2010975085801,22.096884138531298,103.97549981380234,82.5290057321757
6.649785937513955,538.1663773824234,344.426481524751,21.540087409937172,36.5671885712824,23.49154717115299
6.421370365216419,111.43622752090187,71.3191856133772,23.562354430445254,23.324526695324366,16.41155557508463
6.345321280326744,792.5643272533152,507.24116944212176,22.019276290474757,49.814491762881424,44.881630697998816
6.929916690030398,902.7381354890242,577.7524067129755,21.63230442542899,39.51019313143144,29.477992193407328
7.030255397033113,887.2961906897646,567.8695620414493,28.554651987656648,35.44034655577619,22.527077171101862
6.12864919667263,685.6643633718346,438.82519255797416,28.78327767879608,60.79718918373262,37.01229460698665
6.096927231548724,843.6632348823771,539.9444703247214,27.822537744313607,67.73343597254728,44.04771618326987
6.307463811993849,1330.4056829232868,851.4596370709036,26.33399634454515,103.3628878148439,76.76348336928078
4.88865518468509,933.6069591368782,597.508453847602,24.824600730228433,176.28946045907887,127.57548230175409
5.439366256461014,669.3210512489204,428.3654727993091,22.76039258266932,86.65824689436656,76.7453273797669
7.456811987211167,624.9307640164016,399.955688970497,21.163948733357177,18.674749933284392,14.74788871722961
7.651477399450899,740.5516748127943,473.95307188018836,25.770484962014407,21.240593252136144,11.176554344341795
6.325674772310535,1372.8589866407237,878.6297514500632,20.392293626086207,94.6482335925833,72.97362091788722
6.903589874139037,735.8447516658309,470.9406410661318,21.021276747886123,36.352792453463174,22.51629702014257
6.7178751081804755,793.0719794177522,507.56606682736145,28.535196396716834,43.8564684510308,30.865893962691494
8.5,631.190250172294,403.9617601102682,31.152271646027305,7.97410786375203,6.7
7.2837024380042035,1184.6441751046877,758.1722720670002,25.87653298358268,35.275208210491954,22.842919780161022
6.410457685963463,1485.943039160636,951.0035450628071,28.372600033031254,89.57890606218338,76.45436641489175
5.831121691579702,957.7145673009859,612.937323072631,23.63953088894606,85.99720136278098,66.78268206702785
5.375487575819699,828.970516324899,530.5411304479354,19.818140348693106,110.8199549316269,72.95097721835278
6.6424245451070565,812.8739916109822,520.2393546310286,26.642600665165045,48.92600169164243,28.663743183149975
5.970554478300988,100.0,64.0,26.492512631445223,42.399609917453866,24.082101350735023
5.5044224032816285,1060.802802499686,678.9137935997991,24.750839938580853,126.23806202640822,97.70563575382985
6.0473989810302315,846.9582455985452,542.053277183069,23.65168589663211,69.75324075495955,42.62441396493638
5.742916397469924,949.9197177312537,607.9486193480024,27.867737025033843,92.04862191333721,102.01011910791493
7.680999144550795,550.9882320707034,352.63246852525015,21.04993438300384,16.44534824387609,10.010443267914177
7.117147829864615,665.4400923580179,425.8816591091314,21.7917679738827,27.976254280955857,17.672704354455636
6.494419151078368,656.1412722238895,419.9304142232893,20.9716272263385,46.39822886140707,25.12624644186504
7.535960897223018,1157.5680444255636,740.8435484323608,24.797405369225395,34.15523515089307,22.606483727588554
6.554157815353332,667.4340571889173,427.1577966009071,20.692374457617596,33.69445218894784,27.011649393540452
5.8971010590702155,1528.9311127384292,978.5159121525948,22.10515236819665,147.36634366463838,101.4037498066867
7.56618685408876,950.801846655263,608.5131818593684,22.029855532204806,29.14103326051972,14.918417343476069
6.877237030579261,353.5110690014939,226.24708416095612,23.587870836831147,23.613696698166283,16.198278987935964
5.773927691971481,755.0087973618151,483.2056303115617,19.29418943758608,89.10792491878532,71.42176673700209
6.366762925341474,571.9137072452545,366.0247726369629,24.805217472130433,42.5738842230912,29.919070699194076
5.88706722263067,100.0,64.0,28.86556277732637,41.03320382077256,27.840731118918224
5.532040188324965,1359.8148290398262,870.2814905854888,24.974219803108667,150.72921719143764,136.74315098815416
7.148324283272149,1046.0998897770014,669.503929457281,29.894624006804623,34.43548808116286,26.110136226563785
7.836591648329091,986.6225612647594,631.4384392094461,29.168993650569238,23.22519451281794,16.034416305345562
5.521002698326601,857.8912811048965,549.0504199071338,27.22207266536749,115.26789976550396,95.44068783295356
6.8940784656834,316.29385095764684,202.428064612894,24.7614004492291,23.521747716192206,16.22834744093088
6.0445502016147215,630.7340011555972,403.6697607395822,24.578751358859037,52.35239642373904,35.192998924975406
6.159012231364713,1094.6232711744044,700.5588935516188,27.17329920327141,82.93112879327606,61.419943145390945
6.085324253032792,432.07298957612403,276.5267133287194,23.129152866735886,53.18814368225851,31.626362205702147
5.895206461224129,100.0,64.0,17.91117736986388,47.12469921273815,23.642524099437917
6.533965139561379,720.5128972766759,461.12825425707257,26.222014189360358,43.11893215457944,31.10008148814029
5.918334918512274,750.3848560903615,480.24630789783134,20.5412597952276,61.644176394030815,55.56534908954946
6.6893197780458875,847.4471957451482,542.3662052768948,21.132505701333653,48.08516308207203,34.08805038795893
6.464833323385604,1054.9815252300878,675.1881761472562,24.50078381798526,61.97369960815732,56.116762418621775
6.3327363671935135,1023.1620342809231,654.8237019397908,24.167062928562856,74.21826572481748,47.71459406457893
5.8647054365708815,890.5694318353726,569.9644363746385,19.557735377895295,87.24989681773054,53.019564345800816
6.0962600686021675,1218.4359858303483,779.7990309314229,25.07922047446599,89.37857127663126,78.24177576924929
7.028773858078029,268.3605767153399,171.75076909781754,27.881488813013668,20.43931658594672,14.733298559150613
6.850642031337067,976.6036350670865,625.0263264429354,20.55080450406976,50.20760887291642,29.29060307131682
5.815711328641014,1019.2884271679299,652.3445933874751,28.95369165797066,97.88622634293625,81.00048092226491
6.569532613800458,366.1531998719162,234.33804791802635,19.039402112045195,28.36734150228901,20.822241285953325
7.025970986360252,273.99528696116374,175.3569836551448,31.910634505298336,17.690562100062476,12.231505096875996
5.33141630321504,538.9202557335395,344.9089636694653,23.060588493307808,84.84539928091434,63.651795350976116
6.880352134665954,568.4604951196478,363.8147168765746,25.00965948889412,28.7916175300736,16.979916105224344
6.036163368737907,1063.6968122258509,680.7659598245446,17.877882496300153,94.77775390358208,50.7116946122139
6.899419068015211,584.9114257081168,374.34331245319476,24.28252376735742,26.997061620302244,16.67502538438935
5.965718590420238,500.2780186015786,320.1779319050103,25.29968762201367,63.56694412312369,34.88368010397907
5.236582529534837,585.9281921569043,374.9940429804187,24.19843263565177,90.19423491994746,82.23019972781228
5.360720293481786,1191.521316953974,762.5736428505434,22.529216230316692,201.57537507399542,130.12242629289278
6.533659462662968,804.5651810319332,514.9217158604373,21.187024185152648,56.243946521956005,30.870985419966686
6.6818057512050375,737.2621411250809,471.8477703200518,28.456843168380587,40.961293825120194,24.291245629678453
5.866978362426914,761.498075454632,487.3587682909645,24.607824972492825,64.7527791508123,57.563461572777655
6.9470147211441615,1252.221117014283,801.4215148891411,29.892633317808702,53.165116950808866,45.98045499034395
5.336935956411728,537.7898956888654,344.18553324087384,22.65731175821777,87.46268668539412,71.47252894195131
6.4537441409468785,1260.4279018290363,806.6738571705832,22.97821857319724,68.86547489311192,63.34480252277972
5.65228866016628,873.6737046225263,559.1511709584169,27.35457985608657,100.54893979572884,60.919339213062884
6.043714724538488,743.8532163086282,476.0660584375221,18.819587632987528,60.340214470325286,43.55547380318481
6.53317906992149,1675.3151742769985,1072.2017115372792,20.25287823946477,100.21033949659797,111.79184509046247
5.897710644301234,430.52617857049125,275.5367542851144,28.34119739973607,53.30843339663369,40.47267302306902
6.230811119039123,676.2099841515479,432.7743898569907,20.39823124771882,50.5391673414562,30.23054240620852
7.204404966450109,368.6490662925999,235.93540242726394,18.133321446441084,23.72336560744814,11.48162263137722
6.096175691333796,1133.3616896876592,725.3514814001019,31.03984515825582,85.33749085671356,70.98625658087514
7.084984478445599,1391.2161267780875,890.3783211379761,19.621638232440283,57.13821357670205,37.822965168124185
5.7092052017396675,1384.4729734916236,886.0627030346392,25.144417894148592,152.28755866830264,95.18192087037075
6.870862924540698,1228.3820636011017,786.1645207047051,24.74179817453495,57.11980269244552,41.14624526084515
7.50909803446053,730.832836271412,467.7330152137037,15.0,22.729260160278113,12.526916806156388
4.8,672.1656578785537,430.1860210422744,23.56439041891267,165.24210646443422,103.96585799075513
5.942173321170666,215.0905796270772,137.65797096132943,26.069446373176884,44.17724330906508,25.70695334783354
6.903950489026378,1512.5557373136276,968.0356718807217,25.740082835316013,71.57378266594537,54.101761030111675
6.357868229769905,964.1423273519637,617.0510895052568,27.662322393312255,63.6030848538185,45.32764371601383
6.7598021113599165,627.8150832956809,401.8016533092358,23.14378039783098,34.0763165221176,20.126919413754734
6.077210369298926,1264.8199111454387,809.4847431330808,26.99376554732256,94.35148306458535,78.41079367931833
6.5606128512310296,459.5324191339997,294.1007482457598,22.087348261719747,34.0394175436582,17.606804545202564
6.391025935225544,942.3177119779359,603.083335665879,19.563364042555285,61.86563579318146,44.65311204673834
7.317447443161865,739.5798029982078,473.331073918853,19.957950685115687,26.32299623477158,11.637763457463816
6.678094590310849,1023.5369989581053,655.0636793331875,19.38261340681605,53.65817797308845,36.30453586112294
6.736321863452641,777.7492612848575,497.75952722230886,28.033550887619178,39.46012963518187,30.000002168910175
6.211686123714273,292.1752381110715,186.99215239108577,19.198992718295052,37.743949244138584,20.846369983031384
6.158675643149254,826.4517304345133,528.9291074780884,25.45913594227256,61.327975298153106,49.375431076617346
6.197209268526265,1167.1024496563768,746.9455677800812,23.569265320746485,88.3614784030054,74.52716764097528
6.776116499664807,789.7742579511051,505.4555250887073,24.14072999292279,38.78888485153207,18.107202415066393
6.205310863425816,1071.2902925561802,685.6257872359554,29.272625533198948,79.43997123932063,57.045080706426056
6.702842399827489,434.06468001408143,277.8013952090121,22.96550421474654,33.017822295643725,13.404444740735876
7.952780559051807,790.8087223555517,506.1175823075531,26.640605465423892,15.59765656524178,10.13959814398201
7.109787292402185,581.421340718998,372.1096580601587,24.63147172983389,26.996310710610768,15.91939495099609
6.271783527482511,1061.4432940366485,679.323708183455,23.967933830285556,73.9494581292014,40.876171546591294
7.340849745514761,811.0220467916985,519.054109946687,32.54989193535266,32.07632788054105,21.50084510923129
6.214347238884914,1041.5257867178143,666.5765034994012,19.455303889996205,74.02308572110108,57.549578894651994
5.073312825375503,1180.6986491552532,755.6471354593621,29.011961424031057,212.14164827764046,148.67524542859726
5.794339582357817,1042.066501292486,666.9225608271911,26.797422979214904,103.09843484454755,92.5301717311332
5.190445655281901,895.5914520027754,573.1785292817763,22.821662518788756,123.52697058644645,87.36934615931472
6.253940561171084,450.62570952100816,288.4004540934452,30.202614811045642,40.56595834934682,23.712377847883214
6.512892865432686,799.0248612665846,511.37591121061416,18.031614606640122,52.56577499958433,25.41131568953827
7.673506118592698,613.4183592944585,392.58774994845345,22.673816699453248,16.693123535687626,12.913212503743164
6.728849161634914,679.5776151535207,434.9296736982533,20.270312285058232,30.184852760962393,25.19468422718996
6.346629629833795,668.9130472374122,428.10435023194384,25.94229212705011,48.46046941856441,35.16464542589748
7.080583906828442,457.02604882621443,292.49667124877726,20.60427564584488,21.053781790508634,14.633854030256229
4.9522052836944805,114.93149380310354,73.55615603398627,26.01572381359462,82.51627528225988,56.60858322219869
6.664930190675996,566.1499330852816,362.33595717458024,23.847472544624562,40.339284930297765,22.60753883293496
7.039605635720877,867.6828081734557,555.3169972310117,22.822261200703704,37.59911409566377,24.18385324352187
5.464989627954111,328.13803410037843,210.0083418242422,25.860265361116586,78.32939386181438,45.36310977542585
7.30062783024485,805.4887827650685,515.5128209696438,23.559824316216776,25.913980436792333,16.485231889245046
6.73694748524609,1465.0939485088377,937.6601270456562,20.689778049293366,74.90101979812759,59.19487613760579
6.209298460269439,1158.0697943382838,741.1646683765017,34.304805463722424,76.64343533372228,65.98727052703958
6.9429473062744,1375.2395281921854,880.1532980429987,22.794914859397995,56.36258917838918,46.03791671012501
8.089485000463077,936.8947569264542,599.6126444329307,16.738368219467947,15.814202999474487,9.188381588539572
6.627306378540947,1208.6284380452562,773.522200348964,21.55265458597514,57.602908876362825,41.44838879757471
6.673754410410235,546.6123443362744,349.83190037521564,20.064531590695445,38.697044011756375,24.639631035094062
6.1784473703218294,574.4809065423055,367.66778018707555,27.391509656141803,41.59209460920962,32.31723314462583
5.905108941374646,100.0,64.0,25.62578430857055,45.20335765842912,25.849261370940745
7.081235071580972,1215.1509159148045,777.6965861854749,25.895494806266203,52.46956944249098,29.822028946595367
5.9007413218637925,1339.11339293696,857.0325714796545,23.204921369569647,131.03878004223154,85.23931284181062
6.550096366053575,606.3879641284555,388.0882970422115,23.522274135300776,35.64052213076658,23.360407981950175
6.165639787264419,711.1169027609677,455.11481776701936,23.201741137373162,49.906259986372845,38.588355627686546
6.835285878022474,536.1482602081635,343.13488653322463,24.215823855525855,28.52539558609019,17.47700690544193
6.733563473700864,933.9287430171221,597.7143955309582,27.423667023776922,49.4124063080133,37.5762841991075
7.226277960980529,1193.7263908561342,763.984890147926,25.676263943768713,41.229128455457385,29.966917633852137
6.142988520801677,190.0298091416356,121.61907785064679,26.250394903673033,33.000127451804495,27.378891028237682
6.31108754529464,943.3034857247883,603.7142308638645,26.24845617887221,71.40055230380725,48.19383758263917
5.814865398952385,703.1648798982991,450.02552313491145,27.595548530836084,86.67310545903099,39.42321235949087
6.188994717946722,839.6880371883412,537.4003438005384,25.50852514539089,62.56521460411164,50.874241545293
6.764110345131397,960.6479005860018,614.8146563750412,25.755968254376217,47.219058771538506,27.37838008554439
7.029892031651746,734.1291464295126,469.84265371488806,28.66082184417605,27.14765122937431,20.803147363317713
5.854484273075662,763.7446013079768,488.79654483710516,22.172339286989107,73.36474367032973,49.438877565171566
7.108724144073962,725.1436913558764,464.0919624677609,21.504900970169725,30.597317251745416,24.07985941031772
7.448946501163466,1139.6106706258984,729.3508292005749,20.349274402846003,34.38552420260367,27.20532737037246
6.789404432256591,946.5659860446237,605.8022310685592,25.140200972670897,43.22253773477304,28.833702265122835
7.813757068790646,877.2042382080763,561.4107124531688,18.01193715573307,19.476445185434986,12.514665950197399
5.958347560627499,355.16689761770107,227.30681447532868,26.11753933620887,46.50579899429289,31.944177183114242
5.628741707682008,667.497089875396,427.19813752025345,24.117824169248067,80.29026677954204,64.10023929858122
5.254895825767005,1114.534206118711,713.301891915975,28.4712389493737,170.2850065172852,131.67737481844102
7.547231018042428,813.193800593373,520.4440323797587,22.14828941337253,19.118865195041945,12.996347018097177
6.95805595944784,1030.8360143561983,659.735049187967,23.788386001038727,42.93213814341573,27.811248743457565
6.461090730362682,1418.2791301146717,907.69864327339,28.42771166652679,91.99445264489947,70.3936881075575
6.695978038423874,1163.5121242230857,744.6477595027749,29.340974763723533,56.217624449476745,50.10563813668933
5.7121576668911365,832.6054181949098,532.8674676447423,22.11946671986863,86.29356122041129,68.93494266513852
8.212026385731779,621.1537904314955,397.53842587615713,25.13623431405506,11.287487830878213,6.7
6.5904548273826595,100.0,64.0,25.530466421894168,23.00871985311715,14.988544073933395
6.576576356223425,741.0652771345016,474.28177736608103,25.80778691967402,43.868928610973974,28.14373105396962
7.008036636729084,685.8956264641027,438.97320093702575,23.58098519239532,30.686449131648498,21.610031037261525
6.836706462215699,936.6281680383815,599.4420275445642,28.984841893432723,35.71779387489818,39.97765751999063
6.656718816995392,746.1331705588593,477.52522915766997,17.88603780732459,44.09795618755628,26.624023060943593
5.946667881188282,687.865229197122,440.23374668615804,23.026044178196205,64.65653316061363,50.42885577388966
6.830027849995197,177.21037432247283,113.41463956638262,26.067757564705314,25.857930554184207,11.503388122372787
7.817417147532524,471.0112597974767,301.4472062703851,26.1002868418227,12.279058689804218,7.830625240193718
7.441794032308485,966.8278642801952,618.7698331393249,29.23465660715167,26.342954091794656,19.06619959688182
7.615230638647578,1400.567670896443,896.3633093737235,28.693788876204504,36.74827052867295,26.62373175386149
6.142149026498171,765.8661156890319,490.1543140409804,23.500604311424716,64.17823597901166,57.05997578406014
5.807276625818993,914.7338757509432,585.4296804806037,29.049549352357115,75.77646421996867,64.48971610552834
6.411949155930246,1133.367354933482,725.3551071574284,22.000853896778906,65.8202018780606,56.47341488396322
6.539007438602086,516.1871223299127,330.3597582911441,27.75810583977143,38.69414680246352,18.747208702901695
7.265934062929664,928.3849151499048,594.1663456959391,30.836828674473477,28.729634973420353,22.01483139708496
5.315274759199626,540.8284627837445,346.1302161815965,28.75230437399239,104.7718270161016,73.64966831053809
7.57068522362243,1102.688553471854,705.7206742219865,24.87019634233443,28.203357072035697,18.846234095657255
6.3893944709947075,852.9910667831064,545.9142827411881,23.33877429879757,51.35884731106994,29.15387997558645
6.201183251036806,904.4581348935039,578.8532063318426,19.1499304630925,71.0909608236985,47.850043964586
5.791526937317883,526.0904909034939,336.6979141782361,25.586888732699713,74.37933169966469,43.338114225704295
5.341600329693962,1047.4613258637746,670.3752485528157,20.596739702101782,150.08188481603648,123.13295445712265
7.0762194087733405,1529.6495224308555,978.9756943557476,21.72402867735122,70.45093708399102,61.474233150634525
6.551322577031883,447.23090660012787,286.22778022408187,20.33238969742165,39.768073391354804,20.495091842208037
5.597027370181262,681.0843473233667,435.8939822869547,22.888626835701707,78.43513227193625,54.79843908324316
5.593444859555468,881.0626159588321,563.8800742136526,24.402107049295562,112.21692004363972,66.75437238212638
6.26495071049691,1075.2421741985358,688.154991487063,25.45765103407997,65.21895291275324,56.858090350042104
7.668315067702575,604.1588001486859,386.661632095159,22.39822677605113,17.98037725626366,11.018864418331697
6.318286054045477,100.0,64.0,28.24249297238314,29.194144083161177,16.26736125724532
5.447799932817325,1275.7163229574087,816.4584466927416,23.77128159703512,184.8028049996712,147.93206589287558
6.327979855139839,1066.17714185445,682.353370786848,21.742971483570685,79.14206241021033,55.15245201847475
6.309093501176631,189.96836432966722,121.57975317098703,25.292022935352026,33.87417753779841,19.451945371605763
4.8,587.3509228771554,375.90459064137946,31.372434917403357,144.8363211324132,93.01537159401472
6.461993593437532,1348.8638503345642,863.2728642141211,25.673061982872913,87.50690773903456,61.46684919991754
6.338345828853925,1306.7287464602532,836.3063977345621,23.230005304192375,88.48948513181034,51.695836634246405
6.987344455369393,1128.5240079376306,722.2553650800836,19.153885253584534,46.02688118839629,33.92194907215782
7.7942692664617415,738.3606481140481,472.5508147929908,23.732056876597753,20.36485024794937,11.028162205989089
7.28859552068343,829.0455965843785,530.5891818140022,25.322248437808405,32.492510264309765,18.747282148290832
6.311777916611619,754.1759682058557,482.67261965174765,23.143466880605505,53.23963704471221,39.19057758258801
5.72543186388083,1194.8839241440933,764.7257114522197,18.6711537661565,127.44442122486495,102.99873338107999
8.301351862274903,493.45515772671143,315.8113009450953,21.52302113673798,9.867694061861457,6.7
6.541452903810142,517.9701207905284,331.5008773059382,29.59088461310715,31.58313098129399,23.545609997648263
6.509750504339062,1153.5961053926055,738.3015074512675,29.519003513056614,65.29213315819904,42.47853744155807
6.483112439022998,784.4734905709535,502.0630339654102,21.396762907783906,56.64760900443785,31.18612098225245
6.6386593325374985,1282.4635744088328,820.776687621653,26.854648755197978,64.36109263504216,52.50789081513847
6.39894771165324,564.970727556809,361.5812656363578,20.37499525330439,51.63055122986248,25.471879169306305
6.098436595183834,780.8275738814112,499.7296472841032,29.415106986982334,72.06366929167476,49.9998289278879
6.117198741131726,477.15545530461634,305.37949139495447,25.35832546762983,50.05166290799397,29.14919491006706
6.477072710848801,802.5769384982485,513.6492406388791,27.82374524515787,52.57765826880985,35.08555017040955
6.119602660206365,282.5085720504204,180.80548611226908,18.497173284861113,36.98642108202151,25.422697962051558
6.001007952125985,629.328302665763,402.7701137060883,26.871729856737108,58.99288374802176,44.83583350484309
6.574501159384328,297.31114727515876,190.2791342561016,24.473140777104238,33.32268995481459,19.61641887513199
6.321515947805401,1042.8731316169403,667.4388042348418,27.481751747767948,66.02113341374853,55.41248345356435
7.552795092007882,1050.806268915878,672.516012106162,27.702037293342475,31.3237210969922,15.01843026001091
4.8,194.40804433047924,124.42114837150672,24.730246413161623,86.43340261325874,75.32019393415736
7.264054796345723,1266.8600109252004,810.7904069921283,22.3970962631643,38.39901932550563,36.929738970647286
7.372259634748341,1674.095294246949,1071.4209883180474,27.22893663762823,68.6389167949119,42.91909549106481
5.048626837314296,816.1022353577193,522.3054306289404,24.289459252082054,144.6794404169444,112.94423553969081
6.260118684143756,575.6100089213743,368.39040570967956,21.445252662653253,45.23410784932156,28.32838923249871
6.239991393802946,1788.5157068510662,1144.6500523846823,21.2794671898981,167.15472977341247,103.00111837609622
5.514741813697525,338.36102559412126,216.5510563802376,19.329924542906664,74.20956605847202,40.00231401738544
5.955528318686388,807.0372634041844,516.503848578678,22.71398094152928,80.1449248465311,49.212651887870116
5.722596908173919,862.8677954211732,552.2353890695509,28.359422161260323,87.3212996202651,64.6818515463398
7.726589310396536,1270.801667158345,813.3130669813409,25.12240429896902,29.808174811366857,19.1932654783324
7.154974875203223,925.9086412943759,592.5815304284006,22.64581302926936,34.93306157596001,20.991421828329543
7.390088566495911,625.478136474042,400.3060073433869,27.31699578363028,23.074850024304403,13.355426262878288
7.005170444830265,467.0854703642154,298.93470103309784,21.586331823968138,23.705018731959573,13.906624568386846
5.70966376014794,680.3623629138525,435.4319122648656,24.833725960164724,79.77779459324067,58.74556458603143
6.132835813604158,447.57542366919955,286.44827114828774,23.871293695460697,47.557428226802536,32.46221947363478
6.842562192859543,816.7388619246391,522.7128716317691,27.226957189559233,43.50572730090584,34.079408692356374
5.644510533775638,602.5313370488298,385.62005571125104,18.97970070178175,82.21438211189819,60.53004242543055
6.9990989011206715,277.08677234858726,177.33553430309584,21.524307889648703,18.232700361834826,12.618679900615557
6.331772221289306,1239.3010259312164,793.1526565959784,18.766140193169132,81.47194551887968,59.2266298265159
6.237625434715282,625.8146167998362,400.5213547518952,23.591411473667556,46.465902073060214,35.02884146688486
6.997671977742444,356.1521182586406,227.93735568552998,28.739996262713507,23.764534472750004,13.97078035740881
6.810984318040227,741.1093029293604,474.30995387479066,22.730934766212656,40.16565683304777,22.9638385951058
6.247323683926644,823.9300480886806,527.3152307767556,22.712606216315223,60.88224799584469,46.19429085716837
7.3115308623549735,188.73664604733824,120.79145347029647,27.551035484644476,14.96510268795234,7.335464513513258
5.743255670680072,916.076683494017,586.2890774361708,28.239923454593548,95.79782534430433,68.4981536306398
6.9311549248609845,433.4948509584074,277.43670461338075,24.190001264559235,25.92896224620856,16.54383251423794
6.915170880577868,1398.8600832167758,895.2704532587366,26.896501989174624,59.031710219125024,46.210538134392934
6.283317492480207,983.3861792268572,629.3671547051886,20.730659106927188,60.80571926462064,48.105446176880235
6.728293115569483,660.0350034617393,422.42240221551316,29.32291016873895,30.126913651542317,23.346706207101654
5.624220496530288,539.1912803889273,345.0824194489135,32.02047202877968,82.53026479645568,45.63924006159298
7.146818913444831,763.2613023527316,488.48723350574824,26.32425526916054,30.77351595620588,21.82423744385073
6.370568504489908,1014.4767595541514,649.2651261146569,17.2048393253002,67.87490313931511,42.32895233804605
6.1340938856366725,791.0770549951801,506.28931519691525,22.546194081607755,71.47081493613035,46.18634910424358
7.234306458085823,723.9944175021002,463.3564272013441,26.644888625842626,23.68105137716107,17.810345458253803
6.006959416620068,820.4296017862634,525.0749451432087,23.02480950991773,61.16733968033687,45.74545062040396
5.5140770925455085,588.6493740670659,376.73559940292216,28.952694939875343,86.36233116680475,58.620958788283986
5.410359578533267,679.8779256049368,435.12187238715956,26.558550425525528,100.54650060701131,63.216653472869545
6.924206965941948,100.0,64.0,22.02733574731971,16.03250922618646,12.47612408964483
5.603699453252602,1140.8041807983286,730.1146757109303,24.612926837699383,134.12776557418073,89.57114685975237
7.728355927389055,904.5792231126167,578.9307027920747,21.371583727763184,21.025623065628196,13.021774857540832
5.042649414481395,529.2904545882994,338.74589093651167,23.860952925556454,103.70145426960718,68.94562006702793
7.687519457803027,1464.5572434743335,937.3166358235735,22.55892365848607,36.51570774801731,23.646228129014474
6.647712227041833,830.4557681373353,531.4916916078946,28.611666300815635,36.07889699121361,36.99042908791592
6.432300821690725,437.3497498086811,279.9038398775559,31.906042198908484,34.90990508621183,24.8032345981223
6.118556639233735,1099.8580975146604,703.9091824093827,19.490840833674866,80.13704640212354,65.38059917390474
6.779395280046449,939.3168757782419,601.1628004980748,17.768742998265868,47.709444351536945,29.109935402713592
6.473655708302606,938.1029949194767,600.3859167484651,23.64189652352015,55.89103677837902,44.52998923134998
7.272311317411565,650.9855383719433,416.6307445580437,19.185545054099613,25.633584987244472,13.771228554370467
6.579959354063428,957.6735033223122,612.9110421262798,24.66174061284821,42.21830900246619,41.260353306587085
6.605211233023314,708.3845984226169,453.3661429904748,27.121276398320745,38.55869401463222,25.046255342100434
6.245471451450301,994.5795080760447,636.5308851686686,29.729496640433887,74.39107264205283,47.769353198640914
6.460138063395253,133.2694410962764,85.2924423016169,25.204880955503484,26.528275000588646,17.518645223760732
6.715461238224441,648.1442879572838,414.8123442926617,23.823956713026472,39.27611656486715,26.11271794772541
5.302882125140362,1402.754284232868,897.7627419090355,17.575652791994205,174.5803328907332,188.46991947992566
5.556270204526001,531.5263906098949,340.1768899903327,24.591648022150295,82.00654675012099,46.62135781886391
7.020284865815901,588.6565958773847,376.7402213615262,24.749505411923117,25.90633114672079,16.401827936591193
6.61960580668956,643.2135315425087,411.65666018720555,26.73634884974461,36.27134590882817,25.85768678277686
6.371211664553124,374.81785243897485,239.88342556094392,22.020291644648182,39.88240048352949,20.65479055764169
6.512903753145776,100.0,64.0,22.977315899174492,28.336541569950068,17.339310527948623
6.74330719375317,719.2947605167356,460.34864673071075,19.326992106435355,41.80686384630917,19.02797250696493
6.122168223783447,847.5507984285799,542.4325109942912,16.480475175905774,81.55905118128025,43.86110261556416
5.955186692218382,781.6232260114717,500.2388646473419,20.620260182211258,80.84658749778984,47.97532722264405
6.637091678568377,749.2925033182396,479.54720212367334,19.003859650114443,39.26722408758655,20.392336123375678
5.815139055669477,815.0643047976357,521.6411550704869,25.67849303397214,83.3387052989326,50.3990124167483
6.78577692900013,1157.9945150427675,741.1164896273712,22.686530801666,53.37541594165073,43.175741810507574
5.308191477033512,733.3438349247741,469.34005435185543,22.616170044738237,133.62258086493355,81.34279337354724
7.22040894612795,599.0710980194556,383.40550273245157,21.054554338386758,26.50283755497884,17.825807774132635
6.83081823768913,701.6060802891698,449.02789138506864,15.0,34.4528688218267,27.370200525715163
6.679220814019713,1002.7713659148715,641.7736741855177,29.779087620616426,56.088558395543956,38.48670375701112
7.187883688761859,1294.2094074901374,828.294020793688,20.99905317028124,41.52150091335014,35.237681443750894
7.6658321111238035,580.1496912907876,371.29580242610405,23.056529755525325,17.338202480579103,10.240712225255404
7.210059045512692,834.6268254601093,534.16116829447,19.407877421487413,27.4862147877751,14.489007789520777
5.211388038067849,918.4251046775859,587.792066993655,27.90175620204222,120.83206057489556,92.36315583798707
5.604296123285009,452.597697644912,289.66252649274367,25.002001279630637,73.96832241432197,46.7550989905284
6.062626995613025,807.1460085245213,516.5734454556937,21.60772150156946,73.98802056855531,51.576853169258015
6.518263735147584,287.01414993026674,183.68905595537072,23.127196360295915,31.42315373535571,18.905939259512593
6.862361314328386,180.83239369121043,115.73273196237467,30.373629727437045,20.84772430837298,11.065383966317025
5.991979330792574,928.36124276229,594.1511953678656,24.244606988415526,71.3274610125866,65.14156224342575
6.630736735133955,665.643840534226,426.01205794190463,23.86393261834433,35.31570709302116,30.632769597721218
5.971231947352674,870.7981426674266,557.310811307153,21.205164798512573,70.59173152652112,61.996528206787595
6.071937537905637,793.7367580470775,507.99152515012963,17.86896597334694,65.3322716856045,52.62234617157705
5.515337232206244,458.2599829676709,293.28638909930936,23.939864642472294,81.55361717737034,46.85982585682846
5.853736727722367,784.1609943124822,501.86303635998866,25.639197893136163,85.68105656366949,62.6713931006281
5.553820776068567,368.4145432448007,235.78530767667246,28.348545625146844,56.780663746277106,44.428119564378505
5.816888722915867,1286.8403253004903,823.5778081923138,16.630262129251207,119.0151930283018,107.9162600642081
7.237549257625488,325.4103792990127,208.2626427513681,20.5621628554194,17.19261541615995,11.16437824036701
5.83542077781764,731.4751551609966,468.1440993030378,22.467406183052425,59.428133189906674,52.151397424696974
8.342667445386173,435.20494418346306,278.53116427741634,24.487817029993792,9.485784041127182,6.7
6.845322530616622,999.6474106762785,639.7743428328182,23.992382079650522,44.617924216150755,31.612146538155883
6.629385286586412,683.999020051474,437.75937283294337,24.074089600094556,39.597759614277045,29.58371708531464
5.89914955387315,618.4666481325764,395.8186548048489,25.928336204994807,73.02871254607629,41.92346690956615
6.990216915586294,1098.620540768044,703.1171460915482,21.33847411227312,45.30135203198483,35.269695731101905
6.097053521633558,810.3007070871432,518.5924525357717,27.76949504781793,63.9490264617656,51.054632510507105
6.585406870251753,980.8255560775885,627.7283558896567,26.017083545948182,57.26419089303823,37.20261806299095
8.292059176788156,456.5359222188873,292.1829902200879,23.380587075551723,10.50776390389394,6.7
6.432758070192745,308.3140696253726,197.32100456023846,30.103177971611203,33.62805492095116,19.27144929539073
7.304491328399973,837.5227867140468,536.01458349699,29.947456124501183,29.863415276392693,21.76039485121566
6.007776502411879,688.403775576844,440.5784163691802,27.765133743178332,62.66864771780605,46.045422365533014
6.475508056652127,1019.2521353588804,652.3213666296834,15.0,60.570891552667945,43.89397904016111
7.739560444944857,772.0320415681076,494.1005066035889,30.026307824512912,19.349702967402838,10.78399793517756
6.061123059548563,871.7763687321204,557.9368759885571,27.28165482865177,67.45689242448928,51.295834800156165
7.76871399059785,231.81611452056484,148.3623132931615,31.52243023199528,10.814725590026562,6.7
6.995426354818833,1460.9529288649899,935.0098744735935,28.831126071067384,70.95122917550292,41.60661852173335
6.106273256874013,742.5153052387889,475.20979535282487,30.0241993712405,74.69936736062039,41.99341961118151
6.942685417338865,1044.1554396187196,668.2594813559806,27.575291975631327,51.249632895695584,28.31050815503571
7.180788114738711,507.36791542313074,324.71546587080365,29.220426195259293,20.05232224417535,14.78113236105435
6.935266973552038,907.8034657760693,580.9942180966843,31.479433092570538,34.4382959112881,31.03646971113221
5.400842696076681,344.00433276633913,220.16277297045704,25.25794158432372,64.81920394427905,41.72164648878644
5.991003976922592,958.2237433908849,613.2631957701664,18.997193095726544,83.4725579697838,73.76933460927526
6.3267369551139465,675.4090704649585,432.2618050975735,23.423886849947003,38.30529566512451,32.87903399427967
6.447896599629968,810.2166763774486,518.5386728815671,25.86480959784203,48.66398795987771,31.593188526811094
6.9344704682854745,1044.2909105455342,668.3461827491419,24.76210654530045,50.69554379250347,34.11681891775898
6.624390700653278,368.61089107290195,235.91097028665726,20.137033118442005,32.88038434512574,17.516445266784988
5.56525894890293,560.427894285521,358.6738523427334,18.791263311817573,74.63190169948255,53.491709971529225
6.766138495704174,960.063498380368,614.4406389634355,21.905930659778097,44.8256775850208,31.021969282948657
6.927410021698676,1534.3775160913615,982.0016102984714,27.32708844594453,74.07462605869439,50.322053353473656
6.891853313551728,751.6711828684814,481.0695570358281,30.031189197880394,38.254820017357545,25.112316905198284
7.256546507888235,1006.8976412733764,644.4144904149609,27.707986648221954,32.31012835344492,22.35334251349994
7.083745508184233,762.559985549532,488.0383907517005,28.200995504899478,30.11971032441502,16.987774025870504
6.821426055459906,1479.7859581647049,947.0630132254112,24.21714549392755,68.61477702667347,60.24858699326343
6.450884001978947,188.47241656216056,120.62234659978276,18.402711398029126,25.577147519543725,15.001949183687458
5.337327346538806,833.1173656342753,533.1951140059361,22.90672796691053,116.55004497385823,77.77340314875269
6.80073275339281,231.05958825327866,147.87813648209834,23.594324558446676,22.612691230084923,15.66403484968812
6.645381381014178,100.0,64.0,22.76031629607511,20.561376874087188,11.595768106114587
6.690105186036761,904.1117185912358,578.6314998983909,24.691432028811192,49.73410024698206,24.814001339532705
5.606275996925784,848.8242286516106,543.2475063370308,26.044969159625328,103.47947093017866,78.22734480331506
5.743260421714217,700.3070717902295,448.19652594574694,27.48555315885224,83.19711790066772,53.066349966791314
7.237206997333033,762.8320684860864,488.2125238310953,23.526580474717832,25.615555239691385,17.27869064332798
6.472311392300342,1884.40480192494,1206.0190732319618,17.836842080243922,113.05225986116471,115.12466885216476
6.977050488160837,709.638701688998,454.1687690809587,22.809927982481028,33.10492205276687,21.107421216307923
6.519822863291322,978.5435264375262,626.2678569200168,24.652986389471945,53.51919663841953,37.127678861965855
6.520829297647022,572.7223131351417,366.5422804064907,28.77982772746693,36.04099935195073,30.052225995846293
7.156798664183198,903.3314012642111,578.1320968090951,22.51267255235563,29.571602852799675,18.748850415903178
6.138768690247838,716.6182137305339,458.6356567875417,26.293902699397908,57.706987530615315,42.85325459956894
6.567284543858689,656.3185310445945,420.0438598685405,25.51530764872401,47.21602806134489,28.95447704105583
6.17640729790647,1436.6144862701137,919.4332712128728,24.65365186593186,106.6540811041702,82.9052628999728
6.195852640797379,1212.0147371145185,775.6894317532918,27.75686661763607,81.0104282519595,61.13250921785612
6.2835795135719525,847.8613265897308,542.6312490174276,22.187055811365965,63.74944707870164,47.373616962092214
6.655493640143599,100.0,64.0,22.486847426247692,23.289197633375725,11.776986799044376
6.1648759648355655,673.6467718616007,431.13393399142444,24.458347119170202,45.912014118499904,35.38209964123851
7.3790292879014645,1746.0596475417792,1117.4781744267386,22.259487232172052,65.1070982373781,54.29189757873613
5.873774888446348,719.2684166761021,460.33178667270533,26.2780430186911,87.74817912159372,50.76332481262592
6.369189849087049,1186.1261502187804,759.1207361400194,22.003826934718536,60.574281473946364,47.205156799216084
6.192188259208078,1304.6798406834102,834.9950980373826,25.29206472710797,87.28577099053253,93.848424637692
7.5128845190476135,876.6373705495913,561.0479171517385,24.14939530924635,19.16861870197922,15.216282606743022
6.637588343558102,505.3624288461467,323.4319544615339,25.25224087671847,33.50460673966794,20.38860112993271
7.222291177628044,100.0,64.0,22.890905117279363,16.537972773849667,8.609685755433919
5.46010773887412,1039.4571230131342,665.2525587284059,23.313190969156107,132.6686783664992,109.63385689223675
6.686935186108482,514.8353990117582,329.4946553675253,24.836032437989676,37.30737804411655,26.00432582349011
7.122741556936406,861.6526581606922,551.4577012228431,25.207260771564595,35.367615188804834,17.983051030608113
6.557598792492797,362.56288114372256,232.04024393198245,24.485293296130955,36.70112964031233,21.25296238838644
7.245836262545746,707.1668608354292,452.58679093467475,30.468768247795794,28.880690407037466,17.975923998261994
6.1378980849297395,811.8016692153686,519.5530682978359,21.032420784405506,62.2982084806536,44.74847705233297
7.4865432081299055,894.0077533655043,572.1649621539227,24.2752867176655,25.976362306004184,18.453444312100533
8.109228686533475,409.81223442665504,262.2798300330592,18.992298422590554,9.643276901238004,6.7
6.246013007692238,1218.9188320664734,780.1080525225431,25.802285175335854,85.03880009215628,56.78801967003584
6.18814823501946,591.08682534381,378.29556822003843,20.59663712268115,51.13291617671598,41.41711612846646
7.51736913398239,213.93568884136414,136.91884085847306,23.525914104431983,13.385045743205428,6.7
7.605700502011499,761.8418030127876,487.5787539281841,23.19777486134036,23.69205333335939,11.538780494962218
6.133997980992712,812.031358159261,519.700069221927,25.4831189431041,62.91098236939922,44.26158909377302
6.2058692280329,856.2063016101159,547.9720330304742,22.56523178859187,58.79236236365849,56.53220779906486
6.302750773797645,1276.7463412897778,817.1176584254578,22.41643005807106,81.10242639936837,65.61415924694974
5.558884642276006,717.2429071424492,459.0354605711675,29.52549762430064,96.44019685491605,64.77615034623504
5.856943637461061,758.13313147093,485.20520414139526,25.495983766660842,66.51287986755787,63.20336816094213
5.7971014632735525,413.88546656841726,264.88669860378707,22.53632201792206,56.55021645207451,36.55453923148317
5.96254170442711,1087.1937260107638,695.8039846468889,23.62208214866069,107.14308693165626,62.77481345431197
6.475720578829253,864.5081724273361,553.2852303534952,30.258742332947605,54.35964621415975,35.06631597819852
6.663950312775564,652.9902954470431,417.91378908610756,23.67692292612116,37.64851082768901,29.016974624946183
7.585350344969854,133.36385728708774,85.35286866373616,22.087531818966642,11.873999228683422,6.7
5.801152171482847,1305.5442682692806,835.5483316923396,22.102513474557625,118.75897176443759,131.49274361000292
7.189025678933609,370.31201244038,236.9996879618432,22.57805731653648,18.33796752520323,12.76126610480669
6.350207809042144,593.0526967206031,379.553725901186,22.41925797150647,44.396354739989995,27.6511481045687
6.465375403243297,925.4205788766011,592.2691704810247,20.02123253077765,57.82278744231593,40.029734859481295
6.9723736445166224,381.2047249841597,243.97102398986223,20.565299660685575,25.65950796111325,12.81181565169101
5.714094584906391,277.27157761139983,177.4538096712959,21.597378689735205,54.46290325453607,32.00965789010094
6.767686822328836,100.0,64.0,26.57049856458584,23.90293243493868,20.19592851164426
6.616516545749139,1052.3489335169725,673.5033174508624,23.165669494544943,65.74491971622523,45.848475674732285
6.844715884805704,609.1848143457873,389.8782811813039,23.77493408817086,34.29063528178958,22.49037759479884
6.7024180507354725,1824.5445323656654,1167.7085007140258,28.94530808839214,121.3509814244894,86.15231118853681
8.218710097937626,451.97572702919433,289.2644652986844,29.032525024784462,9.14480646173405,6.7285042730347735
6.053582011024079,477.4921417998776,305.59497075192166,23.512562699017927,45.486514126028716,37.580551325713486
6.128302131498728,602.1124604001095,385.35197465607007,22.29197771260807,56.29984991863401,44.69218096764419
6.063801631502665,885.0971292984711,566.4621627510215,21.47449390214262,64.56154832615404,64.84458289381442
6.111166016587822,635.428831425141,406.67445211209025,26.924715193978834,54.57371687935101,31.978040300432777
6.053829010885438,1014.3162749008792,649.1624159365628,23.78352468267199,88.99157696215597,54.053772464817776
7.3323115717752865,457.49406350397095,292.7962006425414,23.147267883870235,22.039048438741922,10.28604904746663
7.494352973592898,316.4428985377466,202.52345506415782,21.652173987018564,14.730435332514805,7.726821442572291
6.100477594375366,170.62484120681233,109.1998983723599,21.80616756846014,34.68161672804121,23.244375402324845
5.91735109882704,100.0,64.0,25.620203670226356,40.66924529698933,22.417487837452448
6.829990889470483,618.6758431837302,395.95253963758734,19.895966069394582,29.439573564152354,26.452762778902216
6.11344386900332,694.6568906623723,444.5804100239183,27.982040428257783,58.16069295138958,50.44952543294847
6.943052272428858,578.9970403808859,370.55810584376695,22.631543746647786,28.807268933530292,18.159636253398553
6.64204611459591,1235.1920290155067,790.5228985699243,23.976274195118727,65.69051932128966,61.751311421859995
5.438979119501938,1229.8105733628472,787.0787669522223,19.82057714650806,160.3212351341778,153.34489632137303
7.583253640931043,682.8189543944243,437.0041308124315,24.456719216151726,18.327609479679406,11.607411334650413
7.757114371166865,172.12761038281292,110.16167064500027,23.35087670058304,10.17407010122571,6.7
6.0710479166609295,601.6532121807315,385.0580557956682,24.324717904002366,52.24458708712504,36.73342436145202
6.228608908044811,590.0625121290285,377.64000776257825,29.650981144266616,42.46844708316448,30.39394209201336
6.700105773507434,570.0027632026797,364.80176844971504,25.12194316026584,35.28909091680366,22.402146971169334
6.734119752990917,555.7983836356143,355.71096552679313,21.718692855489685,35.742697909079965,21.15527585069235
6.960980990870981,571.2879864963174,365.6243113576432,22.010380313087012,30.398606865812507,17.88345924779508
7.907143177136445,664.7104344357841,425.41467803890185,26.58295915069819,14.965749880462601,9.795787204151745
6.376136940754165,577.5606154145552,369.63879386531534,29.045426518476983,40.57142067873849,24.917604086817434
5.941191928823082,872.9128780189573,558.6642419321327,25.486713072628675,84.67521726899695,59.92489445654508
5.534476540389831,926.1290505667014,592.7225923626889,26.910494605941693,118.84366820812059,80.17093128485953
5.988348972040656,481.2742194861286,308.01550047112227,26.634082031678467,54.3168833308672,35.86857139203365
6.476811118988342,1244.8728641024618,796.7186330255755,29.466725446751322,88.13370705174644,63.59500893366837
7.7561905044624515,456.97819435578504,292.4660443877024,17.676434395458884,14.117353689547771,7.122007586461199
6.1376720906746804,233.76978516463203,149.6126625053645,26.835266287565847,37.083203609378685,22.627416879427233
6.656651566147229,933.2723249777681,597.2942879857716,27.943076153662474,47.55407469175036,33.95325402057547
6.488503972749074,513.907152954981,328.9005778911879,19.814467028525492,32.870512970327496,22.92259268549113
7.331875291413659,912.4520147650858,583.9692894496549,21.400161355977545,31.277664092751245,21.630229639498314
8.268852698111536,100.0,64.0,21.522260379801462,6.914292087163791,6.7
6.1283918589557755,1287.3595795190736,823.9101308922071,21.94923431267916,105.7439883297123,74.29722944461335
6.157392390237245,1035.3026928141408,662.59372340105,22.813990321725658,92.77492935780624,53.341847466970215
7.23091261394835,274.83320779294945,175.89325298748764,25.349109845692297,16.99852255555702,11.513303670181427
6.9773240427384176,282.4280066538,180.75392425843202,27.529861279085793,17.246745719483854,11.872122872145535
7.7926951280152235,1385.2930664341347,886.5875625178462,28.28460935218988,33.860830079270116,24.44587056553077
6.908749729728175,541.9170337757146,346.82690161645735,21.567619285912762,29.016249410931376,22.47405123173205
6.248495536449059,508.03530294358166,325.1425938838923,21.54353950453956,42.11117839924695,29.060514080343488
6.913458381484617,100.0,64.0,29.10537644005678,19.660020726507447,12.18688184299042
7.276092506408036,677.227628039456,433.4256819452519,26.763603773965254,26.545157224422088,18.860323644152967
7.074337526838155,720.2981348074865,460.9908062767913,24.790026946541488,27.319129003526314,21.651625717180778
6.855091821775108,1050.4225838693199,672.2704536763647,26.156678364442385,46.183450385736094,33.503415896798
7.2466722827124075,310.3225501354336,198.6064320866775,24.395686763519958,20.61883098975525,11.244272553582599
7.318506913311971,267.8996227157867,171.45575853810348,26.336046390666652,15.359346895480376,8.092886731815986
7.467511293726269,957.8369221717669,613.0156301899308,23.32376656222991,27.938169321110646,16.8378776855636
6.9540969213127495,1152.3555249294727,737.5075359548625,25.44081727053731,38.07630075209708,32.509484345936755
6.383017343778202,250.0966771087409,160.06187334959418,19.213088823706762,28.06721366624121,25.294312177908182
6.602699580503326,1178.5299302049093,754.259155331142,22.09275496811099,65.29032136002127,43.42010668642872
7.34455627655585,813.1396445203875,520.409372493048,22.130460881233798,29.793214384356194,15.653133453191725
5.928145030308935,1182.131868676126,756.5643959527207,23.1896348837758,93.6192484682684,73.11712808446052
6.758071316211031,775.4228734688342,496.27063902005386,21.25720360827088,39.862900048471765,28.208309767657656
6.224662831370847,100.0,64.0,22.632597309619214,30.414394695728763,18.988868136497757
6.520121376054372,746.8114161893864,477.95930636120727,19.19955078160658,50.165973954644315,35.13186258062286
7.394916303825109,1171.0503365349446,749.4722153823645,26.42045166738215,31.866530747299972,26.969161577528983
6.633769347613932,487.1888933207,311.800891725248,24.211202683810118,34.61564848398182,17.895988114679547
6.5325055837093045,664.2122608823918,425.09584696473075,18.53177337278394,39.73154836085493,25.431108317022836
5.548100701314056,738.3532737571576,472.54609520458087,21.578095313086642,95.25123297222929,78.63354022473787
7.022377496219055,100.0,64.0,25.678104996467585,17.60339537081798,9.594071795241373
6.951838926798753,1384.9716514031165,886.3818568979946,22.599423187649737,58.7934629529065,52.32651270854313
8.014278306313821,484.5185120359889,310.0918477030329,22.06070488951666,12.541538643158699,6.757371587508872
6.284555235532899,977.0074013654796,625.2847368739069,24.238925630471734,67.84086778423111,43.70453932390741
6.653405229364758,769.6546023481269,492.5789455028012,25.702591373123756,42.020374189491825,27.604026268263205
6.674568578597529,1240.166669725776,793.7066686244967,19.472766400362936,62.50979309082085,43.20975885188545
7.604217295834432,942.1196428498283,602.9565714238902,26.425449684262578,24.923111364955325,15.18120097808971
6.433293127329134,717.7765049676589,459.3769631793017,21.69897351437418,48.67865198245599,32.90651901150611
6.695315068039237,487.26971761825195,311.85261927568126,24.437252111125705,29.029622082260364,21.17653203279938
6.925527556801577,1079.2477454837485,690.718557109599,24.376029507579716,44.82821338148302,27.30106957209414
6.6306263862094506,144.29554361588418,92.34914791416588,22.65526858616079,22.06532538225993,14.143605563968668
6.18749646981463,1026.0616470965624,656.6794541418,20.9171908885425,75.6540133224459,52.24879421249156
6.635862995028815,415.3343369557946,265.8139756517085,23.500097081677076,29.44179525414287,17.893462182620755
7.25154222490184,1238.299281684824,792.5115402782875,30.18865608176318,45.25405773871216,30.74284766457497
5.781439290412258,856.4548399319433,548.1310975564437,19.734137393377292,93.2031181601493,59.86887187366487
6.593078771902813,1025.4433187475381,656.2837239984244,30.423095566867065,51.699004192035666,47.23359363971638
6.009915429542579,828.6960848386518,530.3654942967372,23.590975901232138,72.14615702129615,58.92244177110482
7.336532640247389,186.66801670065115,119.46753068841674,24.62379995981024,15.941068389465645,9.652481967520961
5.4337691666513575,498.74479281163156,319.1966673994442,20.696512160153453,80.10865700402591,52.82112884349097
6.108754706909888,1035.3362681639837,662.6152116249496,21.800557041628817,75.893450773281,53.88638441018636
6.764048312545165,858.3295360759454,549.330903088605,22.73981622486693,38.47159687176401,29.231382452188598
7.595866820464038,1213.3464668569852,776.5417387884705,20.84006760192731,34.580550816684536,21.907984649330174
6.453974817248908,941.1460970630101,602.3335021203264,23.76878714920195,62.70396781783978,38.127708473236616
6.111360331314761,461.6543382540691,295.4587764826042,23.075444378676302,46.84988458372176,27.10593114772826
7.816809948608413,521.3775517977781,333.68163315057797,30.977733998525068,15.41052167135268,8.370075884990138
5.486390269708629,836.021086683133,535.0534954772052,20.41909035011839,81.31209058100997,75.43457996276028
4.9608358303659426,100.0,64.0,24.859416808620054,90.2889744929896,55.99184924900857
6.808010115037333,1385.7046599680448,886.8509823795487,25.367461986656387,65.98433360134347,55.3737699750634
6.148562042953172,954.611357732145,610.9512689485729,20.753878079718568,74.12688524440655,60.3043935163449
5.785137028008501,1229.4621089671052,786.8557497389473,26.903896234084936,119.59699995484134,84.52171821165663
6.9958495131095475,246.7886207167909,157.94471725874618,23.105855454914302,23.220517982700773,12.442277871704688
6.6706604996398395,1235.5978061243395,790.7825959195773,15.776636219459265,58.50574280057042,44.32966434012736
6.10514495848429,1581.024618859712,1011.8557560702158,26.80947364236598,154.07844042484643,98.33109228164626
5.603786920930374,337.69257561793887,216.12324839548089,20.590706905641728,64.22676567208791,38.55589187123762
7.110720129796102,1069.9906282163183,684.7940020584438,20.832787688513154,42.41040095665602,31.599376807216327
6.955140824571062,800.3884806405526,512.2486276099537,26.907657290123392,33.98929415819073,22.247388254188795
6.430576895354432,259.4481531131145,166.04681799239327,23.284934811535425,27.7757558991558,22.766428001157994
7.792645897233366,972.5093901481544,622.4060096948187,27.712202526930252,24.13112112449111,15.355803880861675
5.7509406635716935,1091.7611216930718,698.7271178835659,28.735581333778615,114.51431257603402,81.91186319367438
5.432132380352683,589.6057065659036,377.34765220217827,22.242750388871958,100.4673296663434,71.04915900005405
6.015664351083129,1208.070782089328,773.16530053717,27.276418735842608,100.10705094609699,83.33409181194277
6.4680897885511515,216.63280762378088,138.64499687921978,21.855887195124915,28.190003874184043,15.770919261631247
6.670337614525884,276.83534874262455,177.1746231952797,32.31590570996262,30.321426715161493,19.803394591358742
6.331134759500569,847.8090884560634,542.5978166118806,22.074650484140747,69.12518059169426,41.781239476637666
6.746438777560008,808.884847290295,517.6863022657889,28.091306043360014,41.21614954971037,27.805368885018595
5.62392240306669,549.1992790515632,351.4875385930004,27.453265090585514,69.1694373157949,46.07338967062818
7.510635222851281,1083.35805259016,693.3491536577025,25.606307377381267,32.53577681121108,23.54689307363013
6.442494175125202,985.8130099755823,630.9203263843727,22.15309893504161,59.233343183091385,46.12085131543595
7.28210708211169,1100.3486748269056,704.2231518892196,23.970108778205066,38.35621255676357,27.09559970656957
6.739907742464393,756.9022476267063,484.41743848109206,16.962441604694067,38.514067080628806,24.780316373804656
6.819727253407649,1010.9030937924193,646.9779800271484,25.285470134337878,54.27615538945444,36.3288823252494
6.898837096162543,644.0223939395019,412.17433212128117,25.72365365859935,29.648416747757565,22.54285372387052
6.81339599201212,1518.8365415303083,972.0553865793974,24.9672479667148,78.78963447262075,55.11765874908634
6.9499059319072805,515.6089804573049,329.9897474926752,15.0,25.865782130896562,14.272100889693585
7.430406771092702,1536.8541003104092,983.5866241986619,20.07027244218566,47.39703897300133,39.52331222842157
6.637564818791029,812.210781481293,519.8149001480275,21.88168156002968,43.09048124171159,25.368241106194443
6.996302630311958,318.5711886509401,203.88556073660166,25.52080626616166,23.342961642921704,13.127452714159208
6.437185013998941,1278.8277726710103,818.4497745094466,25.512686169750445,86.76936699768424,58.08137326587215
7.508082050814631,844.0654859382356,540.2019110004708,23.904216728100874,25.547563734225346,17.99439649807159
6.026525388558511,1097.8934344330833,702.6517980371733,26.723359378113848,90.43778368618085,66.07248433984287
7.760658303037571,1228.3495714899077,786.1437257535409,20.90815168643985,29.076114664015254,22.55838623988381
6.4718894345489595,918.2844439507588,587.7020441284857,26.635822519928986,60.56448397366859,37.005855414776924
5.498457428517367,592.7157043155149,379.33805076192954,26.161597366939617,92.20455328254454,66.35861337041744
6.589673090437553,1141.4996821842376,730.559796597912,25.821441564932687,49.010988140729744,58.53037904495361
6.0232638397675835,800.2644276091085,512.1692336698294,23.862858491200203,67.88478634026626,43.50984267651171
7.088450484292107,1040.0502365129466,665.6321513682859,30.907603386909415,38.792305202157294,28.422955481809993
6.0431632144883265,100.0,64.0,26.226184909714576,38.278761155265656,29.67098716672135
6.187671596749654,956.4436009534481,612.1239046102069,21.110824478612543,70.7704075665619,51.98357973852578
5.177321488338128,576.4949611992395,368.9567751675133,25.369069165075945,112.88141465344302,75.73111886097877
6.183385576525646,1378.6583730124858,882.341358727991,27.133691819759765,95.41870846135352,92.16566947861209
4.8032844713597305,1018.0805717611834,651.5715659271574,22.441619903764916,214.08358979757145,169.80276745033
5.391268023559993,883.9502110472538,565.7281350702424,28.312452864258844,130.13153211419592,74.07471642034231
7.032290259301008,970.2084976725776,620.9334385104496,25.837117970006037,33.788989301211345,30.228529908088387
7.050060111055583,450.5457014931486,288.3492489556151,16.301325818171286,29.8362875317429,11.418377346962563
6.797820293249475,1368.1398416848187,875.609498678284,25.548851920682743,74.06088205781533,48.305127821808526
5.823116699809551,1496.9796464459166,958.0669737253867,23.078897959555498,153.26699646957766,148.17340661624596
6.466602050700614,937.5197286918757,600.0126263628005,26.380129350896077,52.790881143822794,38.69207537757972
6.497478222636602,1356.6412490007735,868.2503993604951,27.80475194088135,80.62320569685707,58.81910635715183
5.68914471756522,600.7981304646131,384.5108034973524,25.183067164996363,74.66980840060434,56.645003679475046
7.552378811237006,521.0102518212568,333.44656116560435,30.328382818806435,18.16642136911647,9.432282567107652
7.11415360340297,814.323662055123,521.1671437152787,23.874525904027767,36.2432175335809,18.034195936669274
6.345325078319235,952.2293634287646,609.4267925944093,26.686862380688563,60.442689606470594,46.66342411061799
6.518820087296172,662.1046615649078,423.746983401541,27.317299007730718,44.805139124890566,27.562533541035812
6.645867965563287,988.2188666289693,632.4600746425403,24.159289108875434,46.44218361460962,32.05324400802205
5.070785592102997,907.2363187256949,580.6312439844447,27.225710077922237,149.17605208318417,129.03003917380616
6.326975832235582,450.59262864813076,288.3792823348037,22.41864454493241,41.75163229586395,27.169344047254054
6.022611026401541,981.5775561081025,628.2096359091856,23.021010533425734,87.70937041836173,58.19520039021408
5.7988659930735595,1102.2348848825325,705.4303263248208,19.906289583822907,101.18765633957652,80.71379074752689
6.303229794979831,860.0142611566368,550.4091271402476,25.344931907295166,57.4566766316137,44.401366830626344
7.758380568794665,1203.4268361415923,770.1931751306191,25.638380865490205,32.144836258543826,22.171664077408153
6.948590002886907,373.9086722760668,239.30155025668276,28.627421055027302,26.453979506685414,13.829554005928449
6.100174707152043,963.7826477461481,616.8208945575348,27.268990015245592,77.94628866042626,60.195579677160204
6.900807946949311,390.4017527611288,249.85712176712244,23.503215551733984,20.34400022410963,16.1502074712423
7.479548805610201,410.07152461841935,262.44577575578836,20.376371094330032,20.942006688431263,10.743827949738844
7.147243578038938,579.1742081917735,370.67149324273504,26.01497640881991,24.760218669941054,15.48878358617409
6.541741258944122,470.2789357490143,300.9785188793692,28.387636103451246,34.060552554424824,19.948661063572434
6.047144255606098,608.2014634406017,389.2489366019851,27.1431474083138,54.6135020890583,36.683881730118465
6.988756319529513,725.0473912510839,464.03033040069374,28.295671337000506,33.01198322407369,21.557661934913064
6.775439769795224,1093.0040702159845,699.5226049382301,23.75838664080615,54.26554952850198,46.346968699985375
7.126635254019413,687.5943364530042,440.0603753299227,22.86683361138524,30.37662838350605,16.798629364061725
6.944620261177379,245.03100263064255,156.81984168361123,21.920845267188703,19.439783813447825,13.556194211249537
7.234686900723535,1199.0237462733062,767.375197614916,24.304362366852416,39.995386237798975,28.246759700819347
6.125335351907602,507.01845323473617,324.49181007023117,24.22493221410913,59.41852922724513,32.74653035271954
7.422175845944028,779.44785051338,498.8466243285632,25.223371699886908,24.869467986128402,18.52389099257904
6.638319723284679,956.287777429249,612.0241775547194,24.047458900375723,50.27497051747951,39.169372545435806
7.952682610837686,869.863646440974,556.7127337222233,24.0323029459563,16.421858757180594,9.75950848065609
6.0175685273373025,1182.9628416325163,757.0962186448104,21.781570814597497,104.1838926691633,71.89665496764815
7.7151746622156745,967.6511001874655,619.296704119978,27.79566654743022,25.67114719167942,17.632970686888275
6.638537548423853,498.5416471060122,319.0666541478478,24.76781321785299,36.31350331888971,21.521700517714464
6.044007397469886,1562.4967608970817,999.9979269741323,23.88944623000151,135.07168032378033,101.9538863924581
6.161279916161975,868.0167121683817,555.5306957877643,21.883997613627784,69.19061694172953,43.31245125394003
6.275756884263976,748.4309206824728,478.99578923678257,19.8383041136312,64.26826011858262,41.00862680763981
6.796916162481342,1137.3738980694498,727.9192947644478,29.077874673922704,59.26136886368759,43.6000318203395
6.86598484162485,887.3078310755253,567.8770118883363,26.441235478461326,37.70869244388113,27.63452385428029
6.098409997242995,939.7298675287645,601.4271152184093,18.816287551005114,59.23256576701549,72.30812910484828
6.482951785417312,1672.2643995102403,1070.2492156865537,27.1709980524838,113.82354009901282,101.931095789572
7.999589251028304,703.7075001107337,450.3728000708696,27.728684095815883,15.97927845317152,8.706096140457285
7.709280219070498,688.7836870939115,440.82155974010334,24.93531642805325,16.404946751643386,10.124147514992789
6.805426568771822,840.8024792043623,538.1135866907919,30.093388135131157,40.57260648810526,24.533399182914412
6.5266024347177405,1175.0305774533635,752.0195695701527,25.25851874743009,66.21425381431912,52.47778580869821
6.584021928702783,272.7130894333603,174.53637723735062,19.541117652177835,28.600239600577456,16.125382216727587
6.9294625809112915,112.05543798322321,71.71548030926286,25.778091503669124,18.013839868160005,13.01376629771423
5.784045204361116,594.5096552829484,380.48617938108697,25.35714055599455,77.36238259603755,55.738412623196204
6.319836423803658,228.12696432924952,146.0012571707197,22.388461029276456,33.48280899050676,21.566221490432824
5.331991148285687,651.3090283660265,416.83777815425697,26.507455929070986,93.13775564228747,63.16955298281646
6.779456185823696,975.8748936452516,624.559931932961,18.663171568331983,51.00614065042509,30.30517792590699
6.953037157791918,488.23789775670775,312.472254564293,27.96698389604976,23.429108563598653,18.764621985106647
6.161769476390438,300.61069812653017,192.39084680097932,21.426574037380917,44.65373820805702,23.202389996303665
7.601790734303023,824.2680066003718,527.531524224238,21.05268856209039,24.36556826392367,16.129255925613986
5.641964035898361,1101.8902196153097,705.2097405537982,24.10161329692383,138.3307106863774,99.99721239002686
5.4749375838531265,206.75929651918557,132.32594977227876,26.015405248152724,59.48313326894029,38.880996590416636
6.65711627299198,1087.0813394070944,695.7320572205405,25.073734222577002,54.288865890010165,37.879857233536235
7.232968811828508,1086.0571713084141,695.076589637385,21.900692919796676,37.43119731699774,25.513927043531478
7.678749384020508,1133.92978575482,725.7150628830848,22.72868748082839,27.732858766972885,19.448450515765774
6.178781015991742,1226.4680752050904,784.9395681312578,20.53435178417888,86.55015571055576,79.85233625937535
7.255076583401907,1570.7048736308657,1005.251119123754,23.713620344295453,54.264088230701475,39.97503499352426
6.473044071349505,675.3677829833307,432.2353811093317,28.262574250788184,43.06436982948766,28.772501699843506
6.379160890041426,838.3500530272504,536.5440339374403,24.485079718246432,49.797597309913,38.7891150541409
7.11856195624067,654.2465483631911,418.71779095244233,27.507949891658086,28.898634679599837,18.567802472892627
6.956626014889394,800.6918956645337,512.4428132253016,29.59390468204167,34.83890913038784,20.89794711215125
5.396525490111026,1336.5056744727092,855.3636316625339,22.441935183370617,175.94582832971537,129.90935486489013
7.533578244808127,329.2449306242659,210.7167555995302,23.846993614306225,13.382546696693604,9.153102740834257
7.466063947903216,498.6326147420486,319.1248734349111,32.099175013718735,16.3643086973131,9.126336334374457
6.062106108943329,1282.0133277765965,820.4885297770218,29.55520194192981,125.99924369096443,96.27610491100009
6.777062473406186,1157.0127774157313,740.4881775460681,18.646584159656765,52.36665348036664,39.69522044741112
6.845821130397917,672.9039236140227,430.6585111129745,25.855019106213174,35.72069856419681,18.324748045217714
6.682471636076735,1099.040700392252,703.3860482510412,24.501959973188935,57.244100486211785,38.60417419166743
6.114786392308206,919.4255448722116,588.4323487182154,27.39258588800567,56.238151060786144,54.76381778699416
6.029863642443364,1325.096113150346,848.0615124162214,21.892574313802307,132.4890886110381,84.22882210192569
6.482112150305988,826.0783578393704,528.6901490171971,21.561370697857647,54.14007015410886,35.09953910563922
7.320910313481555,1158.9712398554038,741.7415935074584,22.13375249647237,34.68888890237144,28.455808434010866
6.8805201082161025,1724.704168672417,1103.810667950347,22.498250088305486,86.49292269469228,69.83297268361514
6.2405699675397255,1009.3347042666132,645.9742107306325,27.35363458383155,64.68210683946053,47.16447229736764
7.040189097453841,817.2648580281952,523.049509138045,20.36579589397892,39.54524323676271,21.360776945686496
4.8,1052.8564448273428,673.8281246894994,22.320851350142384,198.99229902680852,207.5726975123602
7.304135990260472,672.1516996286402,430.1770877623298,18.238456633244954,22.941077027072513,18.3603717583086
5.2822003548553305,1635.7886969336564,1046.9047660375402,28.024912381943306,242.5654389596891,185.40776365112782
6.246291341017807,863.0248631935935,552.3359124438999,28.948605348008993,63.03937404824997,50.1027839138383
5.7162310737616995,704.4733379210705,450.86293626948515,23.35524299197675,90.65840031292751,58.08489103116904
5.593722966995366,507.5088482429873,324.80566287551187,23.45717722315372,86.01756965708331,55.22688137901031
7.312578751164963,1184.0270670622535,757.7773229198423,26.08627665799014,36.95096465146655,25.414791877932025
6.172609159081676,1103.5155944897085,706.2499804734134,29.660687025823893,85.36928934927897,50.45816075995615
6.742552717211501,625.9259700050674,400.5926208032431,25.93013761647371,35.158451176909395,24.115372429882996
6.467155594784571,1001.7579707928479,641.1251013074227,22.0586032013371,55.20126464553762,38.93369874654742
6.833928579056185,272.00541112550025,174.08346312032015,18.83412099804746,29.433861509999822,11.877172971929584
6.553775323742179,864.7397012756047,553.433408816387,20.597058080677794,56.649771102489375,29.691245655268116
5.601905443068001,958.464723226843,613.4174228651796,24.756268076093626,111.7739970169869,88.84053099946013
7.1973867736129975,1397.565433345728,894.4418773412659,22.20635366879722,58.76753160032392,38.607347905618205
6.154370391787081,530.2134190449588,339.3365881887736,25.182386970967656,55.1024755783322,35.497712974535
5.410392670938174,352.5765799191865,225.64901114827936,22.56476594317318,72.94229624489627,52.01212742458952
6.200319387323861,486.6002136762354,311.4241367527907,20.79648749046956,47.16028551816059,28.32315591214708
7.550531853444017,332.201024889778,212.60865592945794,20.380389289914252,16.87311484683304,8.315544366986687
7.0951552194794445,1267.830075215644,811.4112481380122,29.968240782806305,44.548821188410905,33.49953929047681
6.255943505914499,1342.0237532584129,858.8952020853842,27.611457122142752,112.68217139959407,74.28741749242144
6.2555196069771,912.0758022820901,583.7285134605377,30.556812831397856,63.68828351946628,41.51865746023777
6.274855464147832,1227.4532309898018,785.5700678334732,26.38982815264286,98.63126735250118,68.71497894144586
7.953723588492588,846.8854332030824,542.0066772499728,22.995030069848063,17.51271826606454,12.399252327474796
6.767354816562087,766.7109233047319,490.6949909150284,29.13169322871478,40.23787868448291,23.656507275751025
6.801029153033749,683.4368333311834,437.39957333195736,24.384261995233814,35.129589106959195,26.633098505445453
7.22119841782229,691.363153017852,442.4724179314253,25.272946196016232,24.802075351008327,16.7470456866377
6.667152411318559,258.2694552918391,165.29245138677703,24.350114673235684,25.64583327506671,16.131892991020287
6.318670497925508,892.4891672625687,571.193067048044,15.0,69.21266369877922,35.45997567755888
6.362555105640515,785.8831314250847,502.9652041120542,30.116572543031985,43.228389851243385,29.900893302556703
6.449879118410156,1060.8762534272564,678.9608021934441,26.218513810852137,57.65414628368086,47.883540371547184
6.473944434443111,832.7332237535134,532.9492632022485,25.654380713039785,48.12959443541399,38.902065975426495
7.009340680545886,743.0537044508179,475.5543708485235,24.28378378205304,28.913367234558898,19.261432888829923
6.536362120065109,495.08243949732923,316.8527612782907,25.071997371351458,41.38055220121792,27.753590289301034
7.012848054050905,825.2536328876165,528.1623250480745,22.409523724538133,38.57422016990433,24.82428772266212
6.443498393923992,1058.3830307856567,677.3651397028203,26.65802773307545,68.40927670574074,42.515766669048205
6.5550446332212635,399.83135312064877,255.8920659972152,19.925155794603036,30.676520353169796,20.285816295812534
5.101259520827525,830.6158137882587,531.5941208244856,25.151239513646914,159.67809896751922,142.46675464164346
7.1414293722917375,881.5650330353194,564.2016211426044,26.465507146998867,28.434357344052756,19.017526761852714
6.742541933128595,548.6773257336075,351.15348846950883,23.80465803161984,39.58556220586228,21.921107065374294
7.198607076901757,594.2502932821999,380.32018770060796,25.798037273648585,22.738439726510933,14.503587590149154
4.8,880.713797068175,563.6568301236321,21.030329627180123,180.22046667795095,156.92846007683218
7.961862293346509,403.30264359758195,258.11369190245244,21.119606301864124,11.12631546999559,7.557239771087466
6.402287260291378,922.4733003372874,590.3829122158639,25.328509923592375,53.37441158581551,39.913908245760915
7.275727971716261,486.62596921928,311.4406203003392,26.874923791173682,24.74126845942599,14.215227289817632
5.772065851012129,1171.9987925616258,750.0792272394406,17.937970205744012,126.8510977617153,119.353873503894
6.928941733543799,1618.239710885905,1035.6734149669792,26.327072222887683,84.85029397048702,61.27791580395893
5.7626091057784405,498.7351194043631,319.1904764187924,22.59879474868282,57.08373259262455,46.95683394987221
6.063361727512937,986.9727518311361,631.6625611719271,23.825178694424057,81.6114062010131,55.18076699963238
7.83982194770675,545.6403332912932,349.2098133064277,19.81168726752237,15.147963766279357,8.508352030385725
6.366522319465657,1164.3339608292263,745.1737349307049,21.51933965934652,77.49553896585083,55.59687917425277
6.652203011225806,357.1595568201747,228.58211636491183,27.88143863935609,26.166396687500367,19.505429637397523
7.109047411482128,968.2053654496995,619.6514338878077,24.615021808930745,40.30945954739454,28.58708582319286
6.846977321580823,494.45386158872657,316.45047141678504,23.160275594016547,28.947482832464974,17.591469747365107
6.605293233600504,727.5553938155709,465.63545204196544,24.09229076579138,38.826635742544454,33.7758437927893
6.755472701726358,439.14115369844257,281.05033836700323,26.212241386325054,24.52986597542166,21.461373031606108
8.182390909666793,1087.8226648135137,696.2065054806488,26.041730736571683,19.544773208180235,13.256143635349234
6.459666842076491,507.05687594614454,324.5164006055325,24.237405498611196,48.27781323165828,23.272536315039584
6.6407693327004775,993.1874907661397,635.6399940903294,28.325356888138337,48.04173008797434,34.812325701909955
7.235458077205329,679.5656901081835,434.92204166923744,27.896619229173332,25.899869352034557,14.680926024060055
7.273868153070588,759.934669870398,486.35818871705476,25.946802101956386,29.563506914351997,19.123693955054836
7.330921213892266,851.714567590045,545.0973232576288,24.691141240185246,24.774502832313363,15.828743755752793
6.947111155420429,533.361364919403,341.3512735484179,26.800623832918387,26.36760629648506,18.57948453118516
5.699896561088662,873.6284897393105,559.1222334331587,25.599935976304142,87.31284614268182,61.34723327846591
7.643402072610767,1335.6170975240439,854.794942415388,28.212800251320818,37.822065601366816,27.1515813936393
5.697558224886919,527.66682495855,337.70676797347204,27.648464818584078,77.78019019603025,46.83268020612928
6.711844825667323,1210.1335501458457,774.4854720933413,20.93611134503795,62.0332487771495,52.79624240474164
5.97200690498645,1324.3341717207245,847.5738699012637,20.699128902404027,108.3982064201994,106.91469417995846
6.455103157384905,514.3457538401847,329.18128245771817,22.045626594585734,37.35886329691252,29.487641807063724
6.730133687212437,290.7308882183068,186.06776845971635,27.916485415234224,24.402236664855387,18.317221178148483
6.724950050815191,905.6863150601176,579.6392416384753,18.98291851130064,41.80225934205716,32.084271405546694
6.7953445279647,608.4073670315945,389.3807149002205,25.881650861877976,32.716826419140816,18.530769133289045
7.629597888341053,1454.0111267070508,930.5671210925126,25.768900818825365,41.0323306550946,25.352462539738937
6.817474011059786,812.1826391749413,519.7968890719625,28.569268205401674,41.01017947411391,20.68392666223625
6.329090355296546,519.2302071876873,332.3073326001199,25.131185417323607,42.86016855009796,24.561234272908006
7.17486101780185,398.494171145901,255.03626953337667,19.79876713295635,20.688275751585476,12.344881124346474
7.332629342247248,1181.4667356817906,756.138710836346,21.14225763773157,37.401005059735525,24.907514339233636
5.640674529404105,600.0856090705347,384.0547898051422,20.363015673357616,68.0973062413807,52.09546741844547
6.918180048894901,815.3400798111498,521.8176510791359,22.61719611783401,37.04450637976826,25.759818206023105
6.9908209196176285,1134.5309607893682,726.0998149051957,23.859844514016256,43.99513620953832,32.00920557105107
6.2917055476480055,630.5095768242095,403.5261291674941,20.4209546582263,43.14836329733383,28.64615956570942
7.462994769318134,783.9249099409437,501.711942362204,29.64731696728301,24.560650238207575,15.040165054287543
6.394961089077231,794.201056562118,508.2886761997555,19.861515198166458,49.753504041243424,32.65424318728092
6.58790351743008,1039.1635790306323,665.0646905796046,29.21136198351868,58.43142299018614,39.836046767967716
6.3788497230012915,1006.7605174286141,644.326731154313,28.648070610037692,70.04510783345454,54.691735384861005
6.5109053333070275,722.96019406081,462.6945241989184,27.644058923911622,41.465300981996585,29.45357156063097
5.732607439173359,822.2771715237812,526.25738977522,22.071816873761374,88.7485649591687,78.21208430314321
5.491964382183994,669.8773459667791,428.7215014187386,25.698578077119155,77.28681686603409,76.61837531364642
7.616153544257481,282.8356575781944,181.01482085004443,20.029201032572836,15.390986331644903,7.027467128993971
5.9071270561771705,890.1603000893452,569.7025920571809,27.68817462261812,72.68098462943081,52.726566575446576
5.806025355380585,1462.2671162915738,935.8509544266072,24.24105326462306,143.34612133984245,124.85242316748214
4.9926269204774,490.698300758128,314.046912485202,23.0673792489466,126.524287957049,90.2809491681472
6.052726776617348,529.439601639054,338.8413450489946,20.216893036703055,51.94244099348809,33.247261837707924
5.573837144614751,495.2452799246905,316.95697915180193,15.82872858479844,65.55024484859682,55.23115867884909
7.649410612095458,1053.607122553093,674.3085584339796,20.865107000374856,28.323986742891055,20.414175614387343
7.206871962539844,956.969908968754,612.4607417400026,28.394793684645173,35.82698270397231,20.76722580516371
6.0182947583755935,744.5118076542401,476.48755689871365,23.090083000338186,62.607007644802984,42.85980432774321
8.076705063741016,478.69332842636226,306.36373019287186,23.907349000097334,10.862621575322052,7.049088993772342
7.187235840894116,832.3318770739735,532.6924013273431,26.794440254009587,29.214665822763113,20.33413823808188
6.272618031543964,252.38225543246847,161.52464347677983,30.819841073406927,34.31106303129775,19.791182353254417
4.8,850.1992984001226,544.1275509760785,29.137516292309734,150.78594991240507,134.1190988698706
8.103659800813519,1105.033535130777,707.2214624836972,21.096827486643342,19.56975205869853,12.963129501360688
5.527299273265482,362.0803021782127,231.73139339405614,17.701002999969077,78.96832410518542,37.00348978952225
5.348220877130176,263.61860310961777,168.71590599015536,32.758649906850366,64.29511269419416,49.91305472280581
7.215799302406748,1352.8032620932008,865.7940877396486,32.441470640808085,45.574906288532645,33.64629634762972
8.20782668443749,585.8841261733953,374.96584075097303,25.15958758750249,10.24482171279759,6.7
7.4689909729573625,1197.5817460803378,766.4523174914162,20.053291140463624,36.596711646696356,24.17967638607698
6.894736384036651,746.1008171807589,477.5045229956857,27.871292868628785,38.92714728613506,21.028781633062565
6.9163280391657,743.3158140705353,475.72212100514264,24.122057098955864,38.1341496608429,27.25111038668569
7.097390891146215,953.4444448238258,610.2044446872486,24.104566069126864,32.38115005734359,23.086769102771125
7.031250012850736,490.6004001387458,313.9842560887973,27.630605950867952,26.075450787390036,13.47350312392279
6.6968339967785635,846.374000223476,541.6793601430246,25.670311614056544,50.45598890529759,31.966253172077113
6.572940772766313,666.4787048115675,426.5463710794032,20.349647811447692,43.01668695078675,25.10080868231511
6.456184810470334,337.827294808239,216.20946867727298,23.36340322721309,34.537282735494486,18.632715535830148
5.972224787793326,918.1187261542397,587.5959847387134,26.814035250314713,77.13826300511244,62.26668664104144
6.303527446193258,707.8422675927293,453.0190512593467,26.285882778417566,53.06553134869143,31.308564975437438
5.31493023006323,745.0413100443523,476.8264384283855,25.417058010254664,124.93714503988943,69.09257706083595
6.431162261243675,376.44366980504475,240.92394867522864,27.766980340665526,35.95289803505415,26.52252964901669
5.807986224994358,1356.9901287169814,868.4736823788681,23.233990542639575,121.42537943472782,118.7612670787101
5.72748747794896,1106.8499652351406,708.38397775049,25.125344213266754,110.07845519279938,86.21719732746419
6.625925905807435,1137.4545594601925,727.9709180545232,15.0,68.08582676820333,44.614841271427906
7.47440160044122,693.0943541454113,443.5803866530633,22.92622432155015,22.305859499444416,14.315279597596568
7.142821624201619,194.78598867380288,124.66303275123384,27.173660180014757,17.65931928784294,11.11916816109952
5.400649577463776,1483.5210838713288,949.4534936776504,23.133619365090002,196.35408796487633,163.58159002807253
5.807260304400764,778.6158721979461,498.31415820668553,22.868204128990108,89.26208330227334,59.57638616257387
7.158539831591751,537.9200713929812,344.268845691508,20.854914668788133,27.601442926314306,13.744719644636033
5.812258824523183,945.8805510690898,605.3635526842176,28.01178062455201,104.4616692779181,67.48397016163842
6.3427567950020824,1208.4922758011542,773.4350565127387,26.419621457391997,91.4994325620637,61.98918164586166
6.885036469317186,791.9323053700869,506.8366754368556,27.388951092380797,35.41710037880298,24.314730470924296
5.822158881595455,1247.501308778781,798.4008376184199,18.458251133147385,116.3865828942753,105.38368744305757
6.5737628543021716,1179.049978480904,754.5919862277785,23.938424848570282,64.82791754629493,51.64904766901224
5.566182153557257,423.2665844092796,270.8906140219389,23.519611472874978,69.13075091249847,38.731211161012524
6.07904264923415,564.1734630191833,361.0710163322773,23.517999026905066,61.32203076030887,30.65706988825717
6.723847353899776,1135.1380071479186,726.4883245746679,22.343903596987154,62.959246133229605,39.421813178481834
5.384904386527832,100.0,64.0,23.288635048769947,61.42842379405036,45.36435369128072
6.8083323165722796,747.690507392254,478.52192473104253,27.47375673947328,32.59585603629195,22.30228448258147
6.486253540751323,299.20907943136484,191.4938108360735,17.805020263282596,26.703096483408324,18.578244107964647
6.886742968092004,633.2061694982664,405.2519484788905,30.72053168810659,32.29559035945604,19.029428456416753
6.656739893845263,695.4129688397785,445.06430005745824,26.193443937592615,42.975303231531996,24.55530327676951
7.454898300981691,674.6144677323722,431.7532593487182,24.351838365189256,21.43362602347135,13.708969674088594
6.587657151853535,606.708561760587,388.2934795267757,27.673919512305243,45.83838588165054,29.357099280124313
6.199416121212323,415.9997226299151,266.23982248314564,19.41857839191048,38.84088246432341,28.906974469312996
6.585608252122599,1602.1689433865401,1025.3881237673857,22.17354683197145,86.1269085142917,71.77034524596746
6.880308620325471,1453.611701456473,930.3114889321427,24.076235986633062,63.558652777486785,71.83883968603364
6.534202049227993,393.27696291030094,251.69725626259262,29.279461296512622,30.7803986939114,20.587159311420518
6.528414183842718,1353.7408629562485,866.394152291999,24.337261966057046,83.84076668891976,57.951465001182704
6.008605818535271,660.1870783345015,422.519730134081,26.07519134914801,59.49116796497069,49.85242874415629
6.035969357714336,845.2156156660986,540.9379940263032,22.436473514223554,62.32502097678626,48.59202541649108
5.518176309740214,777.8541140360794,497.82663298309086,26.203947241386217,107.39606393497962,87.23907083625552
7.724703720230858,569.087975561112,364.2163043591117,30.3703385754106,13.65626459213591,8.656962697247874
5.6292957352261,1144.3483202621514,732.382924967777,27.9843434208594,115.74865785097889,118.41921348041534
6.014966361542865,844.0602857018303,540.1985828491713,24.214904042777423,62.79522425828824,53.314372194932346
5.997114914101562,633.2070018732655,405.25248119888994,26.864217965429145,62.01416198344178,48.10230554671597
7.126447063861109,343.3936946698346,219.77196458869415,26.521309341125242,20.62226322386949,14.877455517104579
6.293535225195581,487.24174519830785,311.83471692691705,26.273056850940463,51.00627391879783,24.224408377116276
7.373419450871614,225.51695953926605,144.33085410513027,28.39183676301143,16.49170758782951,9.904903825821114
6.028556563029292,804.2782419453093,514.738074844998,28.365671963431133,79.47655684389046,41.85035330380108
6.695295913556661,381.1670427004615,243.94690732829534,24.054944910937905,29.6153255334209,15.662848018030829
5.91525706271817,707.0538206185106,452.5144451958468,26.746576715172193,63.22109233774871,43.955828005610805
8.001604389441372,1279.5356487636298,818.902815208723,23.159167775940723,25.493247302838178,18.38180352822083
5.668681106679341,1219.754850522555,780.6431043344352,21.26924661289548,140.48204685201682,106.53439202501163
6.716874497158919,788.7030870640838,504.7699757210136,23.556771855036047,44.07919869934356,27.23257229999043
6.943643816652469,769.5203458498976,492.49302134393446,24.23302646891146,32.881046495102076,23.00364204699314
6.789659368216049,1457.9560922973528,933.0918990703058,18.68446653787703,75.86525082843059,60.556636725035204
6.370298638785604,982.2646421255489,628.6493709603513,27.511163957958523,58.4910171311983,49.53819788944103
6.409125510186602,685.267739043217,438.5713529876589,15.0,42.80118849584952,35.821872414069055
6.530668030385376,300.8936590078418,192.57194176501875,34.00185928820213,27.28426791722067,22.68374515671766
6.397098598860058,937.8556263576602,600.2276008689025,29.756576968287117,60.12508985897373,42.54761148907505
7.174715381756437,1090.263320404002,697.7685250585612,23.586469465396902,34.9207008894422,25.581548433306057
8.047366101113946,578.9219664202246,370.51005850894376,24.532992261973206,12.28632102375058,8.008656270973475
6.109755750494516,901.9209642983113,577.2294171509193,25.56040155755549,77.94050360504545,45.22027807703704
5.541137914294645,672.7493467797398,430.5595819390335,22.437938642038702,80.31014666212634,57.948366311517354
6.438202566154121,735.588660280349,470.7767425794234,25.17416701655428,46.11456981238134,36.67688801937965
8.305796536358024,100.0,64.0,23.996000078044187,6.8392796115154155,6.7
5.937427802421189,722.3765086993526,462.3209655675857,24.17004548969162,70.6072314293672,41.94487462252431
7.647381763810847,1139.279255842819,729.1387237394042,25.135113722182236,27.45224804360397,16.541155992868607
7.674390569853508,579.0091055517046,370.5658275530909,19.90265270576102,18.083107438690657,10.13686557369972
6.112488230804404,818.3842288753607,523.7659064802308,24.63849403446777,69.98025968182635,53.323182363691814
6.898288155429693,535.4172526578279,342.6670417010099,25.07206711316117,31.79134891275481,20.40492772406029
7.6398776361899765,926.1545867024705,592.7389354895812,24.9509736747457,23.574197309020388,15.65539918477743
6.234610581308759,724.2168808623393,463.4988037518971,23.74459235597346,52.97837266398388,47.91154855037066
6.357493747928347,471.2654607612976,301.6098948872305,28.4825022158928,37.740087617284104,25.425464762171025
6.09282336023595,1266.3930136827948,810.4915287569887,23.26221605791457,104.5044613052066,78.30327914250871
5.789670288514993,1125.1262047362752,720.0807710312162,25.295640673881167,107.71340583791753,64.24017360136143
6.0455057184537955,588.2826326251388,376.50088488008885,29.04054136873941,53.4545197448036,35.962192995185575
5.64324181326642,974.2259082962221,623.5045813095821,24.222183509928907,103.73408785588799,90.06977363126343
6.523858427781458,988.0942009871333,632.3802886317653,25.25062143613643,53.73476626164675,48.85339137867406
5.961018738258951,1024.8054322539115,655.8754766425034,24.162653772897862,91.27608858397208,60.888380940822316
6.663650138253523,207.0104364017228,132.4866792971026,28.8307942774726,22.076631220083648,15.643729083463104
5.410873047657461,1152.3122893614197,737.4798651913087,23.597964034447966,155.4412185587113,136.36236651039863
6.73161616255012,600.605362975994,384.38743230463615,28.99174102050872,36.57521802116958,22.120626977136315
7.083470273126247,674.7602232955566,431.8465429091562,24.137442368735275,26.912772262864642,13.931615928601635
5.104385050199982,1723.25861329107,1102.8855125062848,21.49189096793194,300.0,307.2267587418766
6.7618395988933,905.6556832523542,579.6196372815067,26.877806097009422,44.583940873493745,33.439171849592505
7.359368294731304,664.7871335934885,425.4637654998327,23.433662581855202,19.882146969803433,12.860075517827266
5.653251286916156,100.0,64.0,26.67175314684707,46.742277771794264,28.751090588966015
7.6708006707863925,1286.4174468812244,823.3071660039836,15.0,32.53995963713267,19.98267783105995
6.7933133065562314,329.1766152169891,210.67303373887302,24.518218416632312,26.65441100825936,11.439874836796282
6.0064917009691134,448.79638377517375,287.2296856161112,22.891381454348817,49.790213466193954,37.45211231661836
6.460961645639606,684.0266953192528,437.7770850043218,20.778594597140525,41.27053896420448,30.233563944119787
6.890828838765206,1295.7441270951024,829.2762413408656,22.563656493560703,52.412297528084736,51.99549532870088
6.553203773988688,1070.6339953330157,685.2057570131301,22.49203899497572,56.896351638746225,48.36840723493696
6.877129194712459,744.756871555909,476.6443977957818,24.332049718022965,33.489633270956915,22.267565042611114
5.855528484844443,907.9022222735873,581.0574222550958,19.714357385502655,78.34166676189285,63.147637675570124
6.618552576825254,589.865007495113,377.5136047968723,25.606958230908997,34.569782884903425,25.512203556751352
5.510399852166514,848.8787913478728,543.2824264626386,29.28175174822026,112.87607639924698,87.93132517127071
6.422141757055909,825.6678606723478,528.4274308303027,25.483249739317394,61.818474867657706,38.12570181637916
5.867264650974647,1139.0694634884737,729.0044566326231,27.33146013230153,114.37248721243566,93.59911904291634
5.9851290401871635,1138.5123428536324,728.6478994263248,28.330968591148284,110.25494773824778,72.38149859144151
7.365265222647306,972.8920837719756,622.6509336140645,28.827713292644617,33.20753973587905,18.144543098718625
7.263917084415988,673.1783548588642,430.8341471096731,31.04548542487457,26.800511823978415,15.523074264201743
6.926396684635024,1059.6378030365443,678.1681939433884,22.752793006034246,44.04497132799121,32.797391682945566
5.735381064729195,767.8110368289337,491.39906357051757,21.985306051936092,84.6133537477582,52.05295343756224
6.278514085213638,421.3299709504035,269.65118140825825,27.24212976913657,39.136565204071786,22.19979435531078
7.3491683899854285,658.8492728311714,421.66353461194973,26.978931768800898,22.544548278652414,15.121156726030422
6.599201839547933,829.5844443245136,530.9340443676887,27.21486354865491,47.077768946194574,30.531893283929705
8.123530677987185,1118.5755242826608,715.888335540903,31.11248858987588,21.205232513396815,12.816220760455325
6.7753224875760605,735.7651397449964,470.8896894367977,24.539794680794728,39.18643860519248,23.907549626089075
6.634434381543022,376.78045106613786,241.13948868232822,25.991547958761647,29.595113359723328,21.997242223239635
6.283618475058249,819.8595891538868,524.7101370584876,21.068641119807836,58.8040818318093,47.17928841554231
6.593478633347598,839.7096140197933,537.4141529726677,31.973623933915853,49.35250826405091,28.20133066993813
6.393271114533619,865.0431701159636,553.6276288742167,23.322092775768112,59.82273837727053,37.00300840195937
6.995676073682013,1121.9550305840505,718.0512195737923,23.421244251437095,39.75629112116454,35.89145817286739
7.1696916217562086,1156.6231340314644,740.2388057801372,23.28637538147115,37.60558734281459,31.55123121438395
5.949807377644436,592.0261946664167,378.8967645865067,22.24286449474482,67.16832810829533,40.87969218906271
5.568136932509556,584.3497896828698,373.98386539703665,21.946970329033228,79.34166585616343,48.57881964357304
5.2146562388276925,435.93045116558443,278.99548874597406,22.66703500988666,86.83986113519008,57.373129491904386
6.855593928838781,1044.5854845981667,668.5347101428267,19.719714251821692,46.079118002762144,31.404833036825526
5.727643375678289,1307.0870379182004,836.5357042676483,21.751387279078667,134.7226828504959,115.53619323931346
4.992976584933262,689.7213252318768,441.4216481484012,31.321370890066667,141.40134295364547,120.92197048814273
6.772005023171674,715.4993023462524,457.91955350160157,27.07479300274479,33.48400959950537,22.552977224267043
8.245099662202954,1313.3738949146416,840.5592927453706,27.74066461854701,21.772523898300456,13.170440580147778
6.495750361922075,976.9452486252527,625.2449591201618,28.620230755959202,59.153806016240594,40.69402745915597
7.086943542116149,952.6824966803692,609.7167978754363,30.919470975268368,37.940389217786844,28.02192443648541
6.557280550983296,383.17922290919563,245.2347026618852,18.300021069946546,32.64799180085274,16.757038608083075
6.4307772427662,1037.5548242477967,664.0350875185899,20.19540909649711,67.26814648249238,55.041097462923425
7.1433535380914375,474.8022808215846,303.87345972581414,21.6869671868686,21.435811735047885,13.447013286079361
6.296807819067944,403.09293492276464,257.97947835056937,22.85594571228641,36.18983162818689,22.958723127456857
6.687174619850332,678.6299481316507,434.32316680425646,23.448007132951627,47.84496912152289,20.835042600642556
6.72518846433721,594.9725467929584,380.78242994749337,22.935578565178858,33.41012671123118,23.93295639539122
6.032336682449866,722.4401069652363,462.36166845775125,25.26758119596219,63.27761846692338,43.786845103481234
7.194429644675566,295.65642791627846,189.22011386641822,24.623533867608256,19.64077808802976,10.922275138249631
6.377528170313214,1135.5857072636854,726.7748526487587,21.970078216876125,84.5802257735657,49.047559982005914
5.970978388355009,1194.69020308075,764.60172997168,16.885579280543507,98.94227051561022,77.90186660236606
6.875556890499283,118.43013405071497,75.79528579245758,21.024959531174556,18.08178237443269,10.676799644172029
5.871072412746274,1142.4602319832925,731.1745484693072,22.577664713405987,95.18199135727642,81.53144063919501
6.51972681015839,516.3149795624308,330.44158691995574,23.63522197117298,43.04648172008255,22.017879466078348
6.493616702349057,1099.9414379439752,703.9625202841441,20.54616389241312,58.95151234247643,39.85619409083201
7.260126896082104,776.0437275667546,496.66798564272295,22.78217736726253,27.294468816088816,24.17700149905187
6.832288763015967,810.0714474283495,518.4457263541437,20.54154414030045,35.36753414828166,22.159728967347245
6.4824811288783994,735.2158227025734,470.538126529647,24.059632269580835,40.90327962370117,32.1967819657078
7.072436409440201,1224.2452214817201,783.516941748301,20.744180350730847,46.21930635636504,28.065221619606124
7.473145284312119,366.1441956162401,234.33228519439368,21.528833702703373,14.707529244501302,7.372569520408523
6.8904672144463035,1012.7441185572529,648.1562358766419,19.91960554153801,41.92595866100223,31.59365408602988
6.507246833890367,1185.4655577113426,758.6979569352593,23.962747565505758,83.58174618091383,52.95595035849431
5.581714637354889,1050.7190281891437,672.460178041052,21.467432805166606,126.22191692349013,108.35135344130241
5.754420435847239,1613.6446200131961,1032.7325568084455,27.673744933364002,195.5699340540644,163.21215515272738
6.286342706951733,614.8686330463554,393.51592514966745,25.920475933425145,52.155987132298435,31.602674144093793
6.0733414584885015,1135.056687907736,726.4362802609511,24.255518461357248,90.47299586889963,62.284333474632746
6.369120087910188,762.8682776305029,488.2356976835219,21.70880075929674,50.05415666073189,42.38309927764
6.539654947427975,1231.6921267234343,788.282961102998,25.83182106860706,72.43436412963307,59.348451785985525
6.870784928049711,797.3088514975207,510.27766495841325,26.91745311272023,37.75812278605238,21.456714720513435
6.450650855358636,664.2434763481357,425.11582486280685,24.999409442705705,42.53406595182006,29.94278039999193
6.840551150678341,1257.1252713550703,804.560173667245,30.112956494134256,58.758087759886905,43.809908337704904
6.545132090367084,627.9533213433745,401.89012565975963,26.108730613261855,37.88662081155393,25.4623067696625
5.1171734035522904,305.5459843848053,195.5494300062754,27.69762526148812,84.69632906135499,63.14730569324652
5.842465224326872,619.10359088916,396.22629816906243,24.967478954375924,65.25912186810898,50.84820469698133
6.399138710994869,1016.6615313059864,650.6633800358313,26.86482558639942,57.30405055554386,45.61502654324611
5.653213680011225,1287.213563055482,823.8166803555084,21.711265685657885,115.29506516027364,112.44458119441857
6.919950110997343,838.8952813537792,536.8929800664187,22.89560572875522,34.16736971157445,29.676523598426424
7.571525582640588,1261.368973531909,807.2761430604218,25.72277243718833,40.16276365365639,26.74807162454976
7.353133296188122,324.6387774828423,207.76881758901905,25.697348185450835,16.385722097400322,9.825185408246771
6.350589990348855,644.857787313734,412.70898388078973,26.276641380301367,50.908821603004036,26.19762643826213
7.543508295794966,698.9987089960646,447.35917375748136,28.35137512297555,17.009792792613997,13.380472700002395
6.604067220041478,759.9042003846181,486.3386882461556,19.512600898646056,39.84086206782835,31.87371950355773
6.264039820217373,829.4330358875687,530.837142968044,21.089416083363965,52.85680245759382,30.5194357093848
6.070618135521342,1041.8188350872674,666.7640544558511,25.303504243759885,82.42097168895991,64.38527315428406
6.28827121945831,644.3176066403284,412.36326824981023,21.964727288687886,61.995257992301916,31.654049500320497
6.22827622702114,848.660040433594,543.1424258775002,35.0,65.28676976257248,42.99229476810657
6.619291355662841,784.2069883865819,501.8924725674124,26.305018667095474,51.68137537904253,26.914261770040163
6.612401786734905,475.9385336380975,304.60066152838243,24.22584202874445,32.676036506494654,20.711863580643758
6.50213221410739,760.2166588214976,486.5386616457585,22.695857544206493,53.45632884936591,37.4939877606564
6.805856718822445,749.7191645360086,479.8202653030455,22.819432008824343,45.179745902814204,23.46874173504409
7.333452392350439,742.2218022489338,475.02195343931766,24.605492314603122,24.877640788320708,17.892920888019244
7.164687894808926,811.1158098035078,519.114118274245,24.891936764174403,28.851979114124404,18.096749748348415
5.460571422085067,826.4857392146852,528.9508730973985,22.901552993572704,95.60905004481074,87.09248482092659
4.8,648.6966873124344,415.165879879958,23.543967137180346,144.9159754863842,110.7722906237303
7.154023937867492,1245.4501568899427,797.0881004095634,29.204996013321086,45.937596595752936,34.38887287121102
5.543184911109205,390.6817797789442,250.03633905852428,29.34576736927862,81.97693658826142,45.2463795013012
6.342664218675122,547.6604620355363,350.5026957027432,25.38211892977207,38.69124244112927,30.61815491743142
5.680920881758448,1772.9872684782445,1134.7118518260766,19.805590954671416,220.64124579693365,147.84003943731014
5.238613693693987,436.7030257537695,279.4899364824125,26.38476104823665,75.11946798116878,51.7422672066902
6.879023909743352,326.1858638515845,208.75895286501407,29.93998854563859,23.020575751735436,15.006817063263181
7.031408612211853,1057.0668607504263,676.5227908802729,29.294233856868324,43.17494596343014,23.19335088820586
6.0964427194912965,100.0,64.0,27.070490484833833,36.27785961470687,19.48570082947922
4.8,717.6541315096464,459.2986441661737,29.478480343500376,167.73456849811626,119.15438342435982
6.117628886223262,1551.038723776771,992.6647832171334,24.686844953676577,134.4839347400924,98.38802545698167
6.774262803781783,259.2724272463098,165.93435343763826,26.698360394417968,25.654393465217517,13.306571201850584
5.46476190185811,106.31242999145036,68.03995519452823,22.11728551786187,55.67121870000574,35.81530544771049
6.628351943845409,275.28657931480564,176.1834107614756,25.522929096544992,24.953263775609123,18.543207456075084
6.489283105578903,1114.4258489214449,713.2325433097247,29.153369853896834,55.60751238363426,43.455161513863416
6.905504049720762,1193.6718519950343,763.949985276822,22.437018059795882,49.640932606957136,35.57595759540142
6.583706257889907,620.5939210575219,397.18010947681404,21.484947996874997,38.55377855824136,23.411903297589017
5.818851741382911,1039.124341400374,665.0395784962394,24.84121128658294,113.18124091248637,57.79563951654873
7.337600051165144,1286.5893646291963,823.4171933626857,23.706682286966,40.980727371293455,30.35430222651899
6.389029298881121,1425.5712450504388,912.3655968322809,26.77201702374647,92.8701957634834,83.82262462868191
6.480886822343048,713.7826515870531,456.820897015714,22.91359165918535,47.53903509497208,34.626858986107216
5.846712428648763,100.0,64.0,30.5145386546095,40.574347399613245,22.914602669818475
6.189702424165943,512.6923771566096,328.12312138023015,19.986133657136307,50.908916627579416,26.752565601774606
5.880638100181169,650.6185317726598,416.3958603345023,28.888071751769072,80.83818710830106,46.57643113927042
6.3789377580536035,709.3714211975633,453.99770956644056,21.82302770092164,60.27259726417141,36.60337908039555
7.698195936099641,734.2492096469482,469.91949417404686,18.214060428955918,19.237941926458657,12.036453700182841
5.539669199948051,1191.6131092757341,762.6323899364698,25.332563047221036,147.03705454445486,117.86573437154046
5.370507021486281,1246.0499493406535,797.4719675780183,23.608872048951408,196.341442630774,158.6496299830563
7.5298192292455255,739.9142211263259,473.54510152084856,20.61636721233939,21.400555873586935,12.518824535092303
6.353473425993694,1184.4697066181366,758.0606122356074,18.615180878996576,82.76449548070062,57.21641593244423
6.031649082938058,925.1814783208813,592.116146125364,24.470737244549902,69.90986759468727,68.11516856674825
7.227933281177253,822.5770905019001,526.449337921216,27.915429120683363,28.42226080770365,18.69267007177203
6.076069122184196,1117.2904549884875,715.065891192632,26.547337225802554,99.72835317825171,58.70217414177689
7.778206799482855,825.2882168832705,528.1844588052932,24.69847327093743,18.29621628560476,11.397351013735264
6.974548109937488,1520.2339119842168,972.9497036698988,26.17596650626207,66.23935920534659,47.00197692556706
6.158462014298008,296.5560916219043,189.79589863801874,24.4047505366775,34.272533235070966,25.743907724669924
8.010115749285852,619.6901853177937,396.601718603388,19.4959651493937,16.40097875830804,7.269545016107294
6.075999553897663,755.7183860661174,483.65976708231517,19.526871051717947,72.19192458905347,46.21799080173503
7.019466760406515,953.8084416602967,610.4374026625899,23.788910148553622,39.15777404181911,24.170609043379507
6.709504806284544,1243.7861704860811,796.0231491110919,23.93771349771874,66.18711405971493,36.93154497870561
7.411218902579159,791.4605014673451,506.5347209391009,27.47843937477368,25.753133314815823,16.486733740807647
7.5930578377087965,302.2196226728275,193.4205585106096,27.150564783211614,15.721059490297998,7.960910697889994
6.522402904346037,1094.8798637592515,700.723112805921,26.617965555156324,60.260261840155316,49.03281264087864
5.972607490757672,1064.2355681496874,681.1107636158,23.51901050422987,98.57131152161443,64.27702998703467
6.821980500057381,120.34946921720791,77.02366029901306,19.66771740461451,22.814065685674223,10.802004051122514
6.025599241173525,798.6685532152202,511.1478740577409,25.942248979731083,77.60482125109165,51.33905674807121
7.909371073268636,243.45035926189576,155.8082299276133,26.33809259641759,8.433475059226982,6.751437981758658
6.5955747317579165,567.372115874278,363.11815415953794,16.1401398813281,34.865343880743005,23.757093246744457
6.244274914081524,484.01687556302005,309.7708003603328,21.57981634696068,40.241295427969945,30.042873744000776
6.6292762141054355,1083.242644384695,693.2752924062048,22.081309679121365,58.601967960856584,40.29909219484495
5.557011597329213,840.8905609602643,538.1699590145691,24.914225703932026,84.61966554241997,62.850638684760135
5.819870173042544,350.04314973539033,224.0276158306498,21.68823848532007,44.241912132685094,38.586775228776965
7.340289735561098,1108.0230870350697,709.1347757024446,24.36652900911376,42.768135671632926,26.93586011778742
6.040174004720023,298.16796162505494,190.82749544003516,23.76312770876453,45.826752129830226,29.550292252957796
5.767162312122642,915.5398266648302,585.9454890654914,23.942976849617953,94.528846961668,67.63411820266614
6.8756569267691,515.0962657479555,329.6616100786915,21.99261997204739,29.537599367008195,19.095059391106247
7.3299929082640976,672.013021114318,430.08833351316355,22.263552310766627,23.936525720800315,16.41334440650653
7.003267317465546,976.4947618134344,624.956647560598,20.719065290767574,43.59597445121429,32.969453931367426
7.1972333800640715,982.5072896708351,628.8046653893344,25.830236042008412,32.70321628167084,26.40269549911707
5.970243438001377,1267.939175744586,811.481072476535,26.498859200069788,113.28237959634697,88.62891768222833
5.504732533280709,771.2112051149913,493.5751712735945,21.802837174561315,101.40676352954105,62.16365666558197
7.5509335563688404,907.2578020371692,580.6449933037883,29.822240336059657,22.632371561821074,16.541887815158343
6.274124112810505,646.7919371584863,413.94683978143127,23.39889493395283,56.50363413000607,34.69615896225775
6.324416888481466,863.6964589179792,552.7657337075067,29.855649683287965,56.733308333798504,45.056121810643845
7.42973589929434,953.8201168029791,610.4448747539067,22.252554891589387,31.239884946217575,22.090069721736025
6.889361006580462,765.5915533909684,489.9785941702198,17.406977781901976,35.994621266910464,23.268152354159763
6.819121440457125,168.6873305676263,107.95989156328083,25.90769238719323,25.159352769031052,15.947790453969644
8.01550164143076,916.0148137158134,586.2494807781205,25.369907867916456,16.210269556695135,9.217592008471104
6.0495372387339,927.5965170744099,593.6617709276223,24.620378283576542,69.46984635804948,58.53657641765606
7.149488089656866,561.9392832782172,359.64114129805904,22.252186325446036,22.423928551617017,13.763306791780673
6.539909187427959,350.46453737462,224.2973039197568,24.378997210799632,31.823408745219783,15.520401542711117
6.6880145952042795,1316.5577026763879,842.5969297128883,22.710591897456656,79.08919341339461,50.97826190630583
7.569927898488772,972.0059288130407,622.0837944403461,23.44177651783887,30.20989311693193,14.577047367763726
6.855485029402737,719.8216391774016,460.68584907353704,27.445712895177763,28.29923543276485,22.51228946877603
6.876807255334743,402.0384908983794,257.3046341749628,25.144760303355326,26.31633226632959,15.699114916804797
7.250755136116862,512.3648100525289,327.91347843361854,26.63482985566192,16.076301261304007,14.93981356261978
6.24453308931998,1255.906638875181,803.7802488801159,23.688460226809735,96.8084660558254,58.477322778071894
5.912553232862695,848.1816793038162,542.8362747544423,23.302939289683287,87.49483445976475,63.11309331268909
5.768633564185277,607.2945265497527,388.6684969918418,20.46281114188975,70.03986480194348,48.92485399998724
5.123550387436799,978.3912309286296,626.170387794323,23.20487185601131,160.39086570689074,140.40915882318373
7.939344990958226,514.9606343937867,329.5748060120235,15.0,13.132258180127588,7.19651129915846
5.727754143994822,1325.2950605981323,848.1888387828047,22.43422311793028,130.5746954023303,98.02150145098857
6.345122463489959,1273.4801872138537,815.0273198168663,24.213440379832065,88.35296288185809,56.894759384681265
6.306230690077755,636.6990750790281,407.48740805057804,26.472857789945547,47.58055342375317,27.962656215397953
6.715184688466371,579.9654135391988,371.17786466508727,23.55962742866265,37.18251257412104,23.097170137949547
7.071016048777508,100.0,64.0,25.7168573978575,16.700512045001542,11.194133553844337
7.102331441851822,281.44672995702115,180.12590717249353,16.87073968513414,18.004941155517393,10.633097202443777
6.091845793001744,331.1855787647853,211.9587704094626,24.301071017275675,37.294860833335676,29.167790149256486
6.383014800349512,847.3166193455851,542.2826363811745,18.621740224803087,46.96770273012228,32.61602464816399
6.69780596534181,685.8182034455242,438.9236502051355,20.270937695192337,43.00606888626856,25.567783272310752
6.325916211671517,329.1325794046655,210.6448508189859,23.844920582476487,34.597782959617646,24.206039989878526
7.625141903213994,701.592585137405,449.0192544879392,28.96692395755744,20.143484218378088,10.223283108713582
6.843682466146776,976.868001676572,625.1955210730061,25.799223672145207,52.73488547361277,30.405417017265062
7.014414450234872,984.7437724704555,630.2360143810915,24.56380848997991,37.737463993827184,29.725056287760964
6.964016888067189,135.11540169939155,86.4738570876106,24.431643636865143,17.80170734669953,7.646509944284825
7.321431700239727,755.1077818306592,483.26898037162186,22.002298873784365,25.345362003693108,19.134867043170356
6.626715091092595,315.83072805993635,202.13166595835926,22.596058053195605,28.63919259813024,18.04051997716923
5.592217636430908,1115.6050439990959,713.9872281594214,25.99581615914779,152.13685281148616,108.73334075673814
6.779781566226849,1074.4512457237245,687.6487972631837,19.65123818544427,59.27659120073513,34.96762296129431
6.04405017434572,485.69047078643956,310.8419013033213,26.575689175990576,54.32692816062158,27.624317077755645
6.12996832277517,531.88417915986,340.4058746623104,23.140225265084016,57.430204023538465,35.24977298695789
6.910454813128565,638.5565323255925,408.6761806883792,27.38944976204348,30.686567489488432,19.791994668530872
7.366798150003545,100.0,64.0,27.863827100312292,13.9505450111725,7.4683802238081105
6.514890103715243,917.5888607042018,587.2568708506892,18.64420595622991,52.50614883795949,42.95000743148865
6.7161831088192745,704.5044087809542,450.8828216198107,22.464467328704735,33.96318676987904,27.522717344648612
7.691550461244667,1139.5612788987507,729.3192184952005,21.505653092207815,31.094483954141644,23.648295790931027
6.668527225641998,415.55677371310657,265.9563351763882,18.155452122244,31.883203170108594,19.11994194751944
8.321178179926276,583.3069681125239,373.3164595920153,20.886133533267063,10.50192007127032,6.7
6.895856751942081,272.71615968630965,174.53834219923817,33.04439545842869,22.50679158151432,12.983368221982413
5.267466068590927,448.4983027770114,287.0389137772873,26.63328463674354,76.48241352209746,63.30225717978147
7.027339134773173,386.3063013761234,247.23603288071897,31.21050789012014,20.733612812728207,15.288936590583514
6.766810869417944,1148.590787596256,735.0981040616039,27.401844540064175,57.21408589332017,34.084732654111356
7.402826927857922,555.6083529370127,355.5893458796881,21.903548936470337,19.15023984318161,12.224796333973527
6.97122694588897,843.4614896606147,539.8153533827934,23.16380081164085,35.30884012959353,28.992014728124676
6.403080811211359,666.7328086483685,426.70899753495587,26.559526630841077,46.08090728243794,30.218832181612726
5.642991234597444,355.68715689551544,227.6397804131299,26.03127171215563,57.44059328288836,44.601271423869726
6.353683719899783,741.094851889925,474.30070520955206,22.479302945020834,47.26529987113792,37.27468657284586
5.90463568205349,1009.6861661522581,646.1991463374452,19.215023902972774,79.41393991975595,76.91545698202647
6.093633585136694,377.2842126098267,241.46189607028907,35.0,44.166217479860016,26.024495812461463
6.9120048830944265,1083.1894767559825,693.2412651238288,24.00597614680018,49.67965486186502,30.34750179579769
7.668933153045984,502.5976774828063,321.66251358899603,23.35991387386083,13.528046778335124,9.293639662247971
6.776270070876087,630.9556258745057,403.81160055968365,24.896670623668555,34.12038435160173,18.500020036561704
5.662881856575371,985.7390930535167,630.8730195542507,23.6504499374114,110.51447711659821,78.95395074859492
6.8112218677540985,567.7973449731792,363.3903007828347,24.92955117696919,28.70415219994688,20.54068164657173
7.337642040651955,813.151200767553,520.4167684912339,29.00431550140747,30.48601786268223,21.263397916047147
6.0731519669764324,689.8582099241677,441.50925435146735,24.064080321097517,58.49328872032725,43.59752405630811
6.406187983328958,845.2788023463365,540.9784335016554,20.430513462352835,54.2101961542258,40.90110399407434
6.510281736310438,100.0,64.0,23.93424671932486,25.133852632869832,16.96778625322055
5.950571180842432,159.61136467717097,102.15127339338942,22.874593765065313,34.580461990728836,22.329185909539017
6.953796303690702,1015.5884521163933,649.9766093544918,29.483646280363978,46.921365945031184,29.222097580521208
6.415336295974553,1163.0134919771676,744.3286348653872,28.598916726581496,66.692505203368,72.01279577346568
6.79367271073492,481.32965376396754,308.0509784089392,24.876337501507795,28.78033027389367,18.15194918087462
5.87875547553853,714.590076740103,457.3376491136659,20.024424508132604,75.60329411400052,56.957662696446675
6.193779189773613,903.1517385158055,578.0171126501156,20.20937707796019,77.21247819938158,53.94361495173821
7.00566695047944,1042.6261605805464,667.2807427715497,24.552931415545938,38.1979229889636,24.855583441637126
6.239016793535763,100.0,64.0,25.677130392624484,29.898904957044998,19.13674571574318
7.708874695863384,489.885913557568,313.52698467684354,23.188820132358806,17.15580921585801,8.998584243911777
6.220254670069778,683.5972170525438,437.50221891362804,22.81940645527468,56.4294669186554,38.124785893835174
6.65727930802632,1046.0990690326173,669.5034041808751,22.425202683874737,58.2045724496411,35.916677302407074
7.152813582311163,1674.4506693025232,1071.648428353615,24.418121139146187,61.49427022581058,47.631538037708935
5.507143986946878,720.1979956165987,460.9267171946232,16.160331767744275,91.33237291209083,64.3869869543856
5.267433831613457,307.55788826360396,196.83704848870653,20.645356799306015,75.98553260158683,50.73262723271715
5.432040579800933,940.7938270204543,602.1080492930907,22.30532204093427,113.1745444314531,106.76574453117664
7.383808872399028,1262.3485263392486,807.903056857119,28.726261182331722,33.50717287525719,34.4910724881435
6.1136992978752875,837.8049423428254,536.1951630994082,21.65165225324875,64.31588637262485,56.0967381632641
8.290739499967776,482.6730091959975,308.9107258854384,25.131638496409224,11.071439512480417,6.7
6.105026680939828,1135.2978795180065,726.5906428915242,25.292899628258485,89.71758039581017,60.34934881578178
6.629185912237926,1032.2409664744523,660.6342185436495,29.04270776981267,62.59339836505463,37.62362223814177
7.579476966797513,440.87170453153146,282.1578909001801,28.919020924374525,16.146443937860184,9.508570185826716
7.904265021711386,933.4989661370197,597.4393383276927,24.298739609217794,18.341990759787294,11.71210004724209
7.943052503645479,1149.0429486806054,735.3874871555875,22.83580340583695,26.238870664723056,16.722968845744937
7.3458563614151995,1213.6615148956128,776.7433695331922,22.176584140110084,39.199778762115145,29.635027621723502
7.216843768068023,776.7428586416904,497.11542953068187,23.656278721369766,30.887352961881973,19.46662279478121
6.914768864440828,674.6721938372384,431.7902040558326,22.9808832598674,29.134643886700978,23.357358394661354
7.044852753316646,1229.545837728442,786.9093361462028,26.43769593275381,53.58160341536944,31.90398221391821
6.114169998570027,376.4438239566902,240.92404733228173,25.971084361198216,48.61818043342636,31.25387333230256
5.927260781604385,953.5027518223519,610.2417611663052,26.571304169007554,88.36256952721216,58.53664532543753
6.497637879812333,320.49068042244977,205.11403547036787,28.90749299002659,29.287025624719057,17.339049428413272
6.38087076423255,1172.881695290861,750.6442849861511,31.020041924900617,75.06434172447048,60.22015747780027
6.182740365470908,709.6840695360935,454.19780450309986,24.93632187692645,60.234922618026175,44.8411337838495
6.987471213219701,1244.0041324766144,796.1626447850332,28.348123199884785,52.600959417333335,39.882999763336045
7.1687136459993575,971.9944647244345,622.0764574236381,23.26918935658025,37.05550435129954,23.87743422831967
6.561884820404293,371.87291947832455,237.99866846612773,28.647524442540554,34.62867397525519,20.1736491675075
7.5342710567386835,1298.6197062270353,831.1166119853026,28.215282050115455,34.08342878369642,26.250424397907956
5.700817620106546,1342.9358432497052,859.4789396798113,28.02945589480047,130.83070270145433,104.68494031680423
6.364438378504198,1108.8002724097255,709.6321743422243,24.829244444170335,71.68004607081804,46.207843055733925
5.998224375578037,533.444247237323,341.40431823188675,22.16074642603189,53.796766443050046,36.59336084119103
5.193424368048858,692.895115974907,443.45287422394046,19.61915046747083,124.93844752643751,85.6528604070317
6.44212351991011,850.8995260920158,544.57569669889,24.359869773676152,48.51771605267365,37.26259961017604
6.414776744131702,553.7013602339983,354.3688705497589,29.86554389787214,45.66329653157389,29.206794862568618
7.559414820269492,1392.3213003621217,891.0856322317579,23.415542845225744,43.859155184823805,27.516400836933364
6.941568179188344,850.5142651041128,544.3291296666322,27.24794304911019,37.06091071820174,26.537330236435693
5.783069222969557,100.0,64.0,27.45382990181626,43.83765290186131,26.223848884023166
7.797864796433932,918.7745344646771,588.0157020573934,23.507098226754895,19.565512074762193,16.645718143097113
7.354723586867747,678.1449111139405,434.0127431129219,29.107206931318316,22.184006340073996,14.755532482419703
6.907468392428031,773.7757053585433,495.2164514294677,15.0,34.102555888951485,30.641501715378094
6.341461130805118,670.9832219750051,429.4292620640033,20.220374024416387,55.82687647237527,34.16495041583106
5.828392534293564,1082.4662458123405,692.778397319898,21.29528696274539,103.52042729004242,77.73415417606645
6.239455256750263,1191.8907224936834,762.8100623959574,21.630997419964135,75.3778400459598,58.50104481793447
7.26212403379293,899.0686067905287,575.4039083459384,25.676920329150633,31.330110425257427,17.204674593797712
7.8192104141542265,681.2410845016443,435.9942940810524,25.515132310688657,17.922587372917285,9.00170513997315
7.580270469790532,785.5319783167904,502.7404661227459,25.878967002612526,21.75253049763139,12.464963446506692
6.157805404749608,806.8598658021699,516.3903141133887,26.586285229463705,72.6130626025157,46.5520748265687
5.716267796697692,519.1494860473072,332.2556710702766,21.174634007990228,72.36931237792265,42.911406110979414
6.598620372837843,1002.6250269999322,641.6800172799566,20.236383766174384,49.83406820967197,39.91551487268245
5.262092444106004,961.0148133511632,615.0494805447445,25.88711888702752,134.42468601248893,126.72840513749468
6.726217399929347,1339.1544339218358,857.0588377099749,22.29418774223746,69.5538632033075,51.40563277024208
6.396678189590932,1239.3724231009662,793.1983507846184,19.003337341212102,67.9460757642581,76.70199855496892
6.173774448692231,560.0137788434545,358.40881845981085,27.899704995895185,51.505304308518625,28.866576673501335
5.383707852913243,1087.1044310781376,695.7468358900081,29.38285667275804,123.478675515526,112.6484679563572
6.859520074598802,467.16631591693493,298.98644218683836,29.95006311394531,30.391871248738784,16.061477204578686
6.127109412236662,1043.5762353292973,667.8887906107503,25.15452702516152,87.70945846667719,66.6998955284194
5.681058215002798,619.1850304339623,396.2784194777359,26.69076233590516,79.41940659971299,40.66610320044259
4.8,441.8613718185454,282.79127796386905,29.29453878176669,115.80022791338713,73.92220646800463
6.480739566464555,898.0158699440915,574.7301567642186,22.25504473491798,55.23035054627432,37.61679112416864
7.740576117668821,100.0,64.0,28.38737189418932,9.828348392888019,6.7
7.662881450183509,187.15854895817017,119.78147133322891,25.46388681950123,10.752482500684003,6.7
6.18003262038961,737.8778406790009,472.2418180345606,27.697990783199067,56.75328144572154,34.54221082255282
6.078451557746754,828.8546183221948,530.4669557262047,25.151325573065773,73.17588276748702,42.37511934093267
6.828141979252517,670.7384304446339,429.27259548456567,29.036898484118005,34.28013365521579,26.863896627364603
5.801130192568196,247.19729544884046,158.2062690872579,25.282333168895377,56.30483025525255,28.98320044551314
6.7112543298736265,513.7378552515231,328.7922273609748,19.30607329186404,34.556120369886855,18.22979326423922
7.036256194869283,936.9232645330878,599.6308893011762,29.581743213101525,39.76627907466071,30.174535409981445
7.358853256719016,1003.6236197199269,642.3191166207532,21.183642406597606,27.055735450082697,23.81047286002164
6.429892146464033,794.3219088414205,508.3660216585091,28.8857037358537,49.97547555578086,40.7757244088469
6.3574283748761236,1204.891823362946,771.1307669522855,24.184149914958873,71.61512478094791,53.68387870852939
5.885412189270407,939.088958210732,601.0169332548685,28.616038448191972,86.0961175247718,54.124628792100054
5.921183752172098,538.3905211146257,344.56993351336047,28.471690152033677,55.315438918585485,40.12723836484095
6.341464775668931,701.8242813059339,449.16754003579774,26.0055004101038,48.568734330063265,35.330987475659285
6.757155854771325,308.9968449772509,197.75798078544057,26.279873611694956,28.42859351213171,16.133328005483133
7.139509238363274,762.1513533630041,487.7768661523226,25.97920016017398,30.848040487667365,22.706836876162605
5.937774734523758,1189.2352167274685,761.1105387055799,17.451613353016228,116.38332184901694,67.5628711067465
7.544881998271665,1039.8515296488388,665.5049789752568,24.914155766143708,24.409059613292037,20.99915494171722
6.310213479270202,1290.7032640716927,826.0500890058834,20.593775383748365,88.98810941577324,60.52651406486707
6.485042893956095,693.9901646703524,444.15370538902556,25.09915500310982,49.09650066627044,33.11439580811627
5.976951824596524,1271.1349280799902,813.5263539711938,20.499701087658746,127.66775571962883,83.1546404772174
4.803031817808941,732.3435207432105,468.69985327565473,20.35266820570874,139.32969647323105,110.76741850080073
7.118831777452735,1315.054778899463,841.6350584956563,30.117270756138655,48.29880629860934,34.31161277356964
7.015790727964704,792.3501383952567,507.1040885729643,28.243065858434665,36.58104345762132,18.551020458469083
6.30307071001725,1047.530980831497,670.4198277321581,24.48550095269546,69.8777049426853,52.44597805544867
6.546893502057411,1316.2893275084493,842.4251696054076,25.146690275871585,69.99920431280385,53.468532980783145
6.861157452392869,732.3003299965781,468.67221119781,23.63229390989947,30.573825329569157,25.35478710036917
5.406217900179421,876.436145640461,560.919133209895,26.49456731592833,107.80444518209289,95.07024471599378
6.1296631258575935,1251.1021988222058,800.7054072462117,22.13380971707918,83.44351929524962,92.16729847055892
7.055985275735279,753.4488926244777,482.20729127966575,27.97809092003785,31.318625026631306,21.15660481755939
5.621997403781526,337.68770112284363,216.12012871861992,23.614196056450613,66.35724069892417,42.38172679739333
6.705490552516641,1550.0524691047185,992.0335802270199,23.0305355145907,74.78681198216125,79.0878067204435
5.550392736763617,635.5824374820021,406.77275998848137,24.57599556469695,86.77936919253438,55.43328630728488
6.826500987703469,855.56461782814,547.5613554100096,22.430986095260362,43.808297147707556,23.12565554537854
6.475050962391761,1204.6023343078946,770.9454939570526,25.65038822323769,72.39628694105643,55.72345465259035
5.369407728866143,587.0271336940793,375.69736556421077,22.619230937403103,79.83119098040252,55.34637588618272
7.31531754812002,447.24623037225444,286.2375874382428,26.139832609865927,20.111540549041738,15.344717839775857
5.9857858962413655,888.8080538711916,568.8371544775626,28.756022886190166,77.24775327312788,66.39782874275018
5.932823294089934,172.42326073066363,110.35088686762472,21.98237409617139,41.13444710338529,32.955074221692016
6.64039843806166,699.2328730962279,447.50903878158584,24.0429858994669,38.27296949287093,26.82868164440687
7.3040461446001,885.7635325103921,566.8886608066509,26.114657495623977,29.544874108763917,20.606028460692045
5.7889247267151225,705.5168361111926,451.5307751111632,22.974499257565075,79.45908107417233,50.54299721106605
6.54317589489358,259.79216988498854,166.26698872639267,26.125121962893328,35.952285757059556,19.227851618228748
6.800171550231401,1357.9622846714042,869.0958621896987,26.44389601228109,66.3167600834507,43.46542586951707
6.985173925084201,836.2383538822114,535.1925464846153,28.291416217030065,40.70852173235007,17.62599504460053
6.623509088694058,1300.9032412166093,832.5780743786299,22.379034838702808,73.30753078754005,49.28195281721302
6.243080512641674,708.9873124368444,453.75187995958044,21.20028665919334,53.92970290834985,31.379195360104717
5.920686845545896,491.9958064082326,314.8773161012689,23.423479136526897,57.29548936207148,44.42770137675391
6.560300718132463,894.213322089306,572.2965261371559,21.11286681158515,45.65829021428158,43.83139394068578
5.7495026916100755,724.4745057851231,463.6636837024788,26.47574371416624,81.6927191490918,47.83710147660677
4.8,387.7834897030247,248.18143340993583,20.43387044938256,97.59572470124463,95.16505988478544
6.805591862910368,1314.4244905756236,841.2316739683991,32.66555746388441,58.0061105279471,52.823155660909784
7.132754388760336,582.2054219871014,372.6114700717449,29.035747515508127,25.39770579867041,13.066216221946663
4.845947295120713,155.906765321551,99.78032980579265,24.5440151936011,102.19246209528879,57.857338641916556
5.793188506703044,1264.8581188850665,809.5091960864426,27.535880725492916,144.3271053056353,94.58121658620784
6.933407982703638,623.4956944655819,399.0372444579724,18.77119347491223,29.59687512563036,21.01139190067239
7.940246828798189,587.2616375845315,375.8474480541002,33.331806659898454,14.133650982204642,7.1302615560863005
6.514555595372785,182.11434453950915,116.55318050528585,22.434248857298286,30.030491904915596,16.07011862477807
5.990397941139606,1409.329520308947,901.9708929977261,24.07825905135224,110.56679581253286,94.13015104137436
6.371972491226612,348.68179447660935,223.15634846503,18.00423349484047,36.86645856800042,23.32478152091073
7.462413493403729,820.4573182469775,525.0926836780656,26.202005566593133,22.755946010557505,15.400837371130185
6.047825074612826,1119.4171128891542,716.4269522490587,20.627795450230117,90.2796401830048,65.49490177249649
5.940565595344823,947.600926551084,606.4645929926937,24.8557951654811,81.22663277996897,60.80477365009197
6.162079534472578,779.120990802733,498.6374341137491,22.595039484764115,64.15009005357518,54.279370206454956
5.832669974218901,204.41694959940435,130.82684774361877,20.7278962277438,48.677081883575305,27.53778481869466
6.585869221196357,516.5963074814506,330.6216367881284,21.68473474383084,38.44178268770888,20.00753869068584
7.637274920928692,865.7301183148827,554.067275721525,25.290258119299324,23.242991627320773,15.452206925522095
6.7261554911812205,524.4890755045512,335.6730083229128,20.014781594959114,32.68075068462283,19.9946534998517
6.323352548511599,871.1758109995687,557.552519039724,21.87915915141748,70.65753151528406,35.616629368105635
6.295732111759119,1038.6101930852997,664.7105235745918,26.82145683442567,61.63614081123933,67.20068100716385
5.405766433912341,1136.8760100300356,727.6006464192228,33.6086795620601,174.87572965603417,114.49744772180064
7.1181768440030115,370.8372247655608,237.3358238499589,26.171560868435517,20.366923093060482,11.889490502063085
6.445513962091039,1568.826119242634,1004.0487163152858,21.289584252379495,109.09419532117072,86.3922809460752
6.373664060486562,1068.6177705939458,683.9153731801254,23.215100404746913,66.81103838441084,61.66408655676616
8.5,799.4000462158276,511.6160295781297,24.610561521534024,10.511346517749743,6.7
6.70912703585598,1181.3378040768243,756.0561946091676,23.277012672775022,62.373132809695406,45.31831272106454
5.9737462649333715,1627.892720199991,1041.8513409279942,27.660703583579267,170.31128105221737,168.84910986094445
6.20154968265612,296.44796463009567,189.72669736326122,25.261157190549785,40.08700457178225,24.216870948162768
7.303911996437728,721.1580751280262,461.5411680819368,27.677483347184545,23.962203920093415,13.881715511932605
6.579289287376435,100.0,64.0,23.399446733958296,33.81282295679182,13.071604728170781
5.493205415177844,867.4280364268086,555.1539433131575,29.1392507690244,122.20484613243462,83.45190392292513
7.143460254202642,927.8879846737992,593.8483101912315,23.91730045501459,37.37503471286304,26.93227864867907
6.032299140122705,786.2932595950342,503.2276861408219,21.10083545801703,66.07893119050694,46.22481040444014
7.8113084433522815,570.9132501505916,365.38448009637864,32.120621333647776,14.247542681106035,9.836288536006327
7.256033646000254,100.0,64.0,18.112577885636092,14.350785404896142,6.896357750468422
6.186874673038874,930.7367891941191,595.6715450842362,21.914414461432752,76.8689735875593,42.440094333257
7.396711453214579,1309.4020693703637,838.0173243970328,22.30540251859362,36.91381992047916,27.651073182028686
6.547498857369182,593.1435404932988,379.61186591571123,33.27907195569797,35.42661262974467,29.98117202239601
7.096941572585553,954.0209751581008,610.5734241011845,30.82400609451279,38.20929179566113,24.91865912236239
6.839312972106132,251.14949030298226,160.73567379390866,29.728748502747692,23.694497498947463,14.00573047898901
5.907550341506388,960.0245722923798,614.4157262671231,23.34269468168284,81.80525036147574,67.03068327735329
6.049515117377776,662.31619578937,423.8823653051968,32.991623013446215,54.37928557623939,46.69691669868157
7.220972572306813,533.15371728898,341.2183790649472,25.7892320134434,25.70787286596705,12.844743132070741
6.265657267525421,533.8727255743543,341.6785443675867,27.92042179606093,47.07810157924829,32.23818436187064
6.217446075730602,662.2359462884465,423.8310056246058,25.128933833871724,46.85653823492592,32.61877998637833
5.831414194455453,933.8516604923874,597.665062715128,24.32686700036862,80.49021742359989,84.15782346227505
6.7965193459154225,340.7428795815688,218.07544293220403,23.618774641257673,24.94310312330204,14.176535622389078
7.943767443470201,661.0096339512515,423.046165728801,23.76626002303293,15.911530072438955,8.055022291165908
5.7527269600220095,785.4848777002983,502.71032172819093,26.629720770373275,88.53636267453346,64.08722893022976
6.516953619670931,415.33627141384926,265.81521370486354,25.78519929571386,37.66834086555872,21.41528164306122
7.4885543887908,1428.8328205862558,914.4530051752038,24.389850204287107,36.777459976041975,32.341860126711055
6.444251026128,501.27658197853043,320.8170124662595,29.78333397444599,39.56436247106935,25.498587403681146
6.816660257374814,565.6970802282783,362.04613134609815,15.0,35.64379711760021,17.478245698172348
5.756324530297184,457.5922175621257,292.85901923976047,26.284605367724183,69.8755286412177,49.51656042761082
6.799814968045354,1429.4680304983412,914.8595395189384,27.012085473306428,72.4774360953678,60.183284649028096
6.368999014496816,993.5168300098185,635.8507712062839,28.514370038893095,80.02907324824417,54.39465887294722
7.190010996975904,472.1927978147252,302.20339060142413,24.272949956313237,23.03801224372756,12.392987324743501
7.331170236095326,1187.181045600989,759.7958691846329,25.22772023584385,41.74532129800572,28.087114027491346
8.31269454941303,870.2445430011074,556.9565075207088,27.950819341601523,13.797915410700181,8.620800647329595
6.905743221249503,890.0386973890256,569.6247663289764,29.71908241498063,36.723040907986416,30.50769195679776
6.728057421607517,679.4329769366416,434.83710523945064,23.448124051874313,34.1811325019716,27.727377643531415
6.636069011104135,537.7044045650593,344.13081892163797,25.43441524094646,35.38378494849829,22.692408268993162
6.252783595032518,918.2181346691104,587.6596061882307,30.37500887522065,64.2593640485927,39.33120502521139
6.736938690423184,609.2194695015434,389.90046048098776,17.065905234424022,29.317300604359996,27.268690798318755
6.2932190129026795,1435.8644703512866,918.9532610248234,22.08495590064895,93.2146043641914,87.72127842664841
6.61792268338873,355.74811316491355,227.67879242554469,29.630425925110373,28.961952946498304,17.028612596367864
7.422318274925572,1337.6548704992308,856.0991171195077,28.32388241762906,43.55231806995687,30.998676076949348
5.795420204304251,761.0384029207697,487.06457786929263,26.32855823824343,79.29356434017441,47.4862038503544
7.297914992790332,904.6800069073871,578.9952044207278,22.92991094411808,29.76162475515999,22.430420191795065
7.421980547137906,1091.6052183203021,698.6273397249934,21.413635253551032,29.657313441410604,18.81693264880657
6.417352031106245,579.4127467484473,370.82415791900627,22.430745332651693,42.5734741812468,27.076432206237705
5.014701570693984,1102.4869346445228,705.5916381724945,29.918028772865423,218.30028984295876,161.55508794905046
6.074524609033897,100.0,64.0,22.300450587956288,35.67591574739344,23.760653027640007
7.4078961825927765,548.0036633723213,350.7223445582856,24.854980374838803,17.31339126133236,12.205776170449067
6.483992356390782,476.57801743062714,305.00993115560135,21.862023242983888,32.78632511868819,25.155898147096377
5.800488437393563,361.27289566988344,231.2146532287254,27.449709105346596,57.79688246051437,35.40439270774721
6.146657555140248,724.7658066723671,463.85011627031497,22.614458018787456,58.07688117928982,40.685856358883086
7.088434018553187,935.0124888635931,598.4079928726997,24.15842138445955,35.70449545693439,24.59394516858745
6.882713497740966,1045.930999474757,669.3958396638445,18.60816253435011,43.79199328905643,31.95677018580738
6.332747530581214,884.3068650201427,565.9563936128914,18.85321117328271,62.716241635458694,34.78269949196472
6.243222911729719,567.0072872872586,362.8846638638455,24.526856176625273,46.444562326633516,28.83762233205891
6.225769295669325,929.1557532388085,594.6596820728374,19.861949956807834,66.36691002551659,49.865177028987816
5.854312870851048,843.4999931977977,539.8399956465905,31.867803237670756,75.85268230683023,57.58169457754422
7.630762982628609,1127.6196587776058,721.6765816176677,17.284669107607126,31.33800611722711,19.28645158382327
6.274375671552062,1071.9278460260307,686.0338214566597,21.699386454675636,72.79903321685053,52.937661730822725
7.352010964577848,810.6667448722201,518.8267167182208,24.558453035436425,27.921477937979656,15.450751767865311
7.564921236345716,485.9614478435601,311.01532661987846,23.222034717714756,14.992226020340494,9.345516705686585
7.198817628703572,571.4674454587717,365.7391650936139,20.635490901676285,27.81766434636519,14.151613714372617
6.1978657810973665,607.5737241266884,388.8471834410806,21.14725256176656,57.651073857349765,34.2602869177031
6.782611063235627,689.6567831293105,441.3803412027587,21.032710728752665,30.132507007411295,24.580088185084094
6.483063075526359,893.8176496564137,572.0432957801048,23.49647406812978,50.21915220168737,37.051793406847096
5.86740869748891,1050.3110365448204,672.1990633886851,31.331751813310984,102.72094522415581,66.08147242689486
6.727051497205122,782.1084574446178,500.54941276455537,24.772780537953732,36.090903774131455,23.263877519973516
5.674672146188138,805.6436757651653,515.6119524897058,28.640151712856333,89.35083599100389,88.42161584628457
7.331375571923094,850.1572067500013,544.1006123200008,26.274417210398497,28.912654806750457,15.944334673765926
6.174767891891125,619.433140403681,396.43720985835586,28.39851839293777,51.815356946648365,33.31321578728308
6.640811759110988,476.11270982496535,304.71213428797785,15.0,34.43014638328455,21.858595547976083
6.6983015100823,185.5967359412515,118.78191100240096,23.434396925981197,22.544936424951473,14.670194435366076
6.318766518407146,556.6977246730946,356.28654379078057,29.074973981027497,36.383673210233624,31.104545909196133
6.9106856610326926,965.6009086437255,617.9845815319843,22.49892462037733,46.1429721134627,27.66461428880618
6.167567440364233,553.9809966861515,354.5478378791369,30.668656077043643,54.57621386348189,33.90547224625926
7.109908108220071,716.7675369009211,458.7312236165895,29.693615538187167,36.44868679710398,18.749216060498128
5.557814223827276,963.2509505943109,616.480608380359,22.85804249355388,93.00630008338149,83.32665123608056
6.588465705682489,982.2413237479341,628.6344471986778,22.738927683337753,58.15951658404409,39.57565869560097
7.8572502993408,422.16350174188636,270.1846411148073,20.95237955175936,10.612019012282648,8.19997301986035
5.799768072776097,1148.9707747587745,735.3412958456157,22.29642018847671,133.02162775195094,87.79232503201816
6.025578520632604,1194.5725312744198,764.5264200156287,20.185938275408795,104.51017122157884,77.18917971530553
6.859735494761241,404.5525499735041,258.9136319830426,26.00083913151552,23.9126940740532,17.979470750963557
6.6257072473577185,511.65709562559607,327.4605412003815,19.403837273287483,36.78285355490793,24.26045988874935
6.745441069491491,1216.881739101167,778.804313024747,26.613065556665777,57.02821169650126,53.300749657287454
6.842430991103364,748.6012675606447,479.1048112388126,26.69827543915087,37.31463809379444,19.572138267283396
6.944305027993239,100.0,64.0,18.68578458185627,18.882557666633232,11.607780827285437
7.276789889369356,310.1114733435598,198.47134293987827,29.92436512214919,20.6651494379104,10.920896159344837
6.786873059849959,712.7206311896316,456.1412039613642,26.297632530453278,43.24002234670315,21.71061494016227
6.33111964176702,392.93507240038934,251.4784463362492,27.123943075057042,36.08486863936379,24.726067897734804
6.970801590841912,655.3016802772455,419.3930753774371,21.8446717946003,33.403224142509075,21.899105242988792
7.829917354426651,811.3386747892525,519.2567518651216,26.678326914655916,19.193559472374936,10.561857828466728
6.407156377532199,1311.789111412155,839.5450313037793,28.442377074027227,73.77654635548502,68.47277754156522
5.817829486730551,698.3411293202738,446.9383227649752,24.15487060348363,69.1483594278617,57.0818352935547
7.274956468500881,1175.3896298504656,752.2493631042979,31.506728607369265,48.48591837267635,24.429190311473313
6.415733185232481,1300.0660567128698,832.0422762962367,24.65422622219528,85.37013721368879,62.720877956699944
4.979131317790175,1302.0083842732265,833.285365934865,28.492750301583662,261.5004949443341,210.55068066650392
7.093195174005295,899.6641076849489,575.7850289183673,25.525530825405294,34.00645919675543,21.252360182089813
6.125270269832254,112.84879825635903,72.22323088406978,26.549325364999035,32.617851890118594,18.56188786598489
6.436626702387088,961.2887028913528,615.2247698504658,18.650337063278297,59.68779243198345,41.79003891086408
6.73238623139831,1166.9399607347393,746.8415748702332,25.79868808375377,56.463556269502924,46.474720353179904
6.633349775845346,771.626513097604,493.84096838246654,21.92758714559957,37.691945954868146,31.356496687521833
6.996616271997327,1410.604354526337,902.7867868968557,21.537605929778092,54.348994847012214,41.05970696810985
6.19515954060111,1100.9417465136103,704.6027177687106,30.604361145630925,86.34576193849361,65.27899029035505
6.859174058723258,998.8956820034745,639.2932364822236,23.75180413178178,43.59081073645371,28.637818456585205
6.318317325691258,1180.2332489220432,755.3492793101077,20.988443591585764,79.66360409675342,49.91109185197481
7.017167336621252,916.6794479413073,586.6748466824367,23.24303930161894,38.069322982841925,24.20883985955094
6.930757238809138,100.0,64.0,19.948424198773303,19.26103788797242,12.03326372634459
5.845192908568784,625.301366985372,400.19287487063815,29.518595638686946,75.07960489775276,50.07618014492301
7.2601874813225225,1219.0088095367487,780.1656381035192,22.065117395417197,37.18738989329184,29.400870957481214
6.124825588420166,517.3430309655964,331.09953981798174,26.35254976880284,52.45696173954079,31.199474945335144
7.065640458796802,721.7846231670713,461.94215882692566,29.246373499736137,32.20401455037186,18.55367924209143
6.7571011193809385,434.3072901339251,277.9566656857121,22.74946561574845,31.687255744657477,18.097038010655076
7.7867285737565854,1424.372908320619,911.5986613251962,26.362078512954753,29.612789244736444,21.5481296065483
6.343573812339703,1388.5223600963054,888.6543104616355,20.894698807834494,96.75158597856394,71.879488581825
6.2554782427172615,490.64588670074477,314.01336748847666,33.06019349189789,51.65928070850864,27.869365760486208
6.486406275878587,851.5543001361794,544.9947520871549,27.777330471158177,51.40518080446473,30.759638743437442
6.2877741520160075,561.8270832825833,359.5693333008533,23.82587746433718,48.08204081247456,27.43280244007712
7.059959331359435,1015.2306236609824,649.7475991430288,21.795081941888625,42.4737970166147,28.651996235702637
5.368582574094388,978.3890770348152,626.1690093022817,24.101012065061308,120.89000995026059,102.48639798842251
5.762422306597552,1084.096950064643,693.8220480413714,23.310056971769683,129.72289467207048,81.23862761817797
5.7525379548945645,916.1714566977605,586.3497322865668,31.335305938998275,99.00029050609966,62.96889500581212
7.165215314381503,1827.392172235964,1169.5309902310169,20.21062847224784,81.07147617498346,76.68549360516248
7.697429360807348,440.2266822462414,281.74507663759454,24.971804981515714,12.486254490357268,7.657977819144385
6.42688554702377,201.28882594722006,128.82484860622085,24.435816766782015,32.04010622468384,18.35752430503461
6.3818247937669925,662.4184297544884,423.9477950428726,24.08906394879296,49.32190604429505,29.728779693338176
6.549036514179227,251.20410705390634,160.77062851450006,24.1198417077158,33.094636201475154,17.18910395933543
7.313314811825733,277.6382054979025,177.68845151865762,24.09375216457831,16.156375333684487,10.047069482210734
5.850852806066598,449.5398710307116,287.7055174596554,27.555731232162348,52.24403566836391,32.24472103039678
6.66685828791435,477.2338830989304,305.4296851833155,26.631445562723524,30.21407767132752,20.178353616169034
7.182638340847701,465.883664317479,298.16554516318655,25.966190639804754,20.78308755716801,15.085331051169232
6.850765918957892,981.376632655894,628.0810448997722,15.0,40.32289438258766,38.10617340065311
6.63270713161912,622.8338286201324,398.61365031688473,25.549282059571073,42.488720234253954,24.18069168225641
7.200732264796999,737.169898794632,471.78873522856446,18.70526223940471,31.170340703207643,17.799701409973892
4.8,1112.9814710753271,712.3081414882093,26.76212057097539,224.57474767012042,243.81329680160817
6.974512723671635,531.7871163265008,340.34375444896057,29.660740786496802,26.011199382163635,19.123189072423497
6.042147021810804,707.4089354533472,452.74171869014225,21.25816310594007,53.315962112469634,40.559144092019075
5.2185569722004805,928.0159951325204,593.9302368848131,23.583767471800527,151.04509169291717,101.52286958087109
6.857841819667486,120.45126978292251,77.0888126610704,22.40225503231451,23.43196607898496,12.817651846812781
7.46156098161407,100.0,64.0,28.8240112151488,11.934732715240056,6.7
6.4037860397606154,921.1410650792029,589.5302816506899,24.832597598452256,58.15318588718166,47.16629426608382
7.167012183042057,972.2049981984145,622.2111988469853,30.549152831982166,36.54346794481305,24.794949792530048
7.628594780592052,1522.4770471983438,974.3853102069401,25.948139710315857,48.620254019821104,32.89397731606973
7.420440117508833,855.3332065533834,547.4132521941655,25.34857563222537,26.64302264414713,16.507293456491453
7.647975170559975,1086.9089010403331,695.6216966658133,24.738723739109926,27.875887456917976,17.18588497006929
7.019489243750325,731.5845747449091,468.21412783674185,27.362972347400678,31.883795280190032,24.102977402906923
6.552803547231115,904.0295275547802,578.5788976350593,18.4180983061413,45.468787756391514,35.171967097844735
5.378623931671982,1383.5398946123369,885.4655325518956,24.798703844321786,167.64271031801,154.42045131025822
6.327756258309036,100.0,64.0,24.254837446952124,27.089325434709764,17.03250229768777
5.909727383278666,944.7656901500882,604.6500416960564,27.038965895052183,94.90938000335355,65.10725233256889
8.01965990224847,1547.4553555270782,990.3714275373301,23.843044379440872,30.85152886910086,20.66833326316775
6.376879931297364,898.7119767232699,575.1756651028927,20.864429480430655,55.93698454935363,38.83331250406855
6.58624336474914,1377.7005371314967,881.7283437641579,24.525727362218948,74.40384065112586,56.59310042668022
6.886039763228327,579.7757476646951,371.05647850540487,20.710058148960798,29.707855285759663,20.991234095301333
6.530521712460717,788.7833770427003,504.8213613073282,17.7615822559438,55.44095724314724,29.134727521089136
7.686535728301527,811.7336458360056,519.5095333350436,27.044928685199224,20.368269368390106,10.660827718971554
6.064145446785884,100.0,64.0,26.526715504431348,32.96260762581581,16.950962592732598
6.63622521866607,391.1377602524299,250.32816656155515,26.13481830397751,30.470028419519622,15.825995826366189
5.980270590011366,416.0937222156049,266.2999822179871,29.060249476810338,59.286285941508595,38.28503643569442
5.575984242145506,1087.7231273113846,696.1428014792862,22.172388383936262,120.4096529575541,98.41865120547052
6.0717616363663005,1105.2535869894193,707.3622956732283,19.491100500300607,79.78063906767449,71.21519619778175
6.474074242066112,913.4127549472867,584.5841631662635,24.254895781171843,52.92022642895684,41.45765938866485
6.199488442837918,1088.436013899497,696.5990488956782,23.283748951029313,80.66565290226968,59.8695850184072
6.015305314088301,742.5477055473791,475.23053155032267,21.55196499130476,70.73771382807558,45.938618222719064
5.515577775429716,1220.6760843388402,781.2326939768577,24.220527962792715,163.5162387307551,135.55393906088648
6.441826099159914,803.0759549212252,513.9686111495841,22.359381988283953,46.560468249562014,35.826026142255586
5.446695738178299,820.2524165993648,524.9615466235934,18.07398150825109,99.34008266283483,94.13206237194909
7.032039174582722,707.042578358156,452.50725014921983,22.95588158222184,29.487231888176773,21.054700854592053
6.557707827054152,1039.5576671727497,665.3169069905598,20.5226869165365,62.33561997166544,39.23659217306999
5.479713950374549,652.5804141854803,417.6514650787074,25.31076825063823,80.74644031090394,60.74822925869968
6.283553646065096,1141.7509820193238,730.7206284923673,22.20387834615771,74.41665583889105,54.35737484178049
5.973490516086592,403.74780074939764,258.3985924796145,28.39071015949368,47.4539541134885,37.32756160076634
6.7234221572934265,415.3793108451321,265.84275894088455,30.11353123543753,31.792639694272047,17.149021811683664
7.438315312216201,1040.5993642942765,665.9835931483369,26.87783480554167,32.14469254670724,18.92194095836224
5.187379271247979,769.0095248959456,492.1660959334052,19.07140836305838,136.07902145478536,96.58527475178234
6.580518255403192,641.1380043464051,410.3283227816992,29.76818599607664,45.10622469293089,25.85409007010378
6.387907043103351,1111.520206366411,711.3729320745031,30.01502157630818,68.905172605291,54.290152767954524
6.969938053515326,587.4585050698704,375.9734432447171,24.565766789577793,25.533301808483877,22.32243818517609
6.649237639766382,729.9295609948706,467.1549190367172,29.130241561174362,36.895825784530594,30.43582980389681
5.973621467782826,1289.7297825249057,825.4270608159396,22.569137016836628,95.67726246646286,90.2501443595289
6.276662245033367,1338.6998210337276,856.7678854615857,17.968139228026438,90.90700227371858,63.40112374480745
5.9427819002375575,1350.3393735946145,864.2171991005533,21.839004464824423,118.32503368301475,93.36796577443155
7.253204997019019,701.255978073131,448.80382596680386,30.55255303115665,27.604439189248325,17.683105793435686
6.51491815407036,1230.7460167445647,787.6774507165214,19.281220267359842,72.14415749966464,47.489719287136715
7.830833480027105,467.86651028096264,299.4345665798161,24.498324486760232,12.932031468120815,10.004377065468029
6.457537430329765,482.58399384727863,308.85375606225836,24.619503626690744,37.32344052647155,24.092103733131378
6.004115263162676,100.0,64.0,22.704590146112658,33.66078008147136,22.438926579646946
5.440399925171021,1385.5038706644855,886.7224772252707,22.947674400570097,201.5068597241663,142.9814516018298
5.237802226620839,497.6070528233726,318.46851380695847,24.75287196982671,87.39960826839577,69.24838270814772
5.391104839896157,755.713597088529,483.65670213665857,22.532431803228455,95.83731527991293,68.08791169415154
6.6869886557080385,481.38648032510065,308.08734740806443,19.522795259912243,34.31100988685534,25.614851363565347
6.856107516260954,1043.3078369155492,667.7170156259515,25.252611800302095,49.69758645540297,38.7154091222604
5.393166508577506,668.528218748931,427.8580599993158,28.2567830385574,83.68557213221172,78.68114179493855
7.1265268198532805,343.31408834846775,219.72101654301937,27.543503815286975,21.92992358486359,10.18242469566772
6.1618572638215925,954.5818974651212,610.9324143776776,21.66592586413566,67.66665822276737,53.81601923710047
6.602755108389885,298.19449131642006,190.84447444250884,20.120702296178134,27.633250929251616,19.887824442175926
7.628554439778797,506.9079961395781,324.42111752933,23.505342412458276,16.561763628023858,10.306595081506194
7.127787521105873,100.0,64.0,29.987270284284826,17.083348026949885,8.038387025060867
6.312028546465918,301.6146607308376,193.03338286773607,26.75959327635841,37.03530251213778,20.37476701706824
5.876165442209299,862.4852094021672,551.9905340173871,26.963876368779818,81.77647929177031,56.492122609489634
4.993729219069486,112.41238666397635,71.94392746494486,27.61449933124923,75.85528971662504,47.66823535379472
5.996592676530306,281.5989963823995,180.22335768473567,25.972682968815054,45.73184994368559,32.99369863200627
6.352208832820614,799.1708793535172,511.469362786251,24.922129916647524,53.97914629959905,30.217719901017443
5.808974330994172,609.7375863674316,390.23205527515626,26.81807413826789,80.76764629490344,50.64350255878088
6.408120123035387,1497.2128225857582,958.2162064548853,22.58841863523693,105.13396656126889,69.36640695685898
6.553796318071138,1441.8637911085314,922.7928263094601,19.549379460217878,78.08975668879467,60.12299544555877
6.342600812734345,496.22713803709627,317.5853683437416,27.030489271185132,39.78822792247965,21.267508557115857
6.044998193423578,994.9981664412187,636.79882652238,28.832083370122287,82.32420240748033,56.79328557243975
6.618058270376709,1062.2488949078079,679.839292740997,20.58618821225389,64.4314878304171,49.01631241567206
6.809358454698586,590.8823996914589,378.1647358025337,27.37672518845565,36.62709330048924,21.15470399183859
5.736720645790008,276.5604622256286,176.99869582440232,30.382679996858663,51.171504914155435,29.54676430008348
7.487652665822389,795.6955427421798,509.2451473549951,24.492138293850076,21.621409159787447,16.90544947334169
6.430988307401017,739.5040138150612,473.28256884163915,21.636992353403887,44.200322845455766,38.06022159316297
6.5131947360613935,647.4824260602833,414.3887526785813,24.930565357343646,43.13877467947422,28.140083349612883
6.99575009627959,954.8109038575699,611.0789784688448,22.573131111297545,48.46583540900086,33.933634375328005
6.6632512918844515,537.2446375480404,343.83656803074587,22.341444615152593,35.82788782435703,23.85407458548084
7.167195643739271,396.80085834729994,253.95254934227196,26.016144235450398,17.842727230031066,13.304990819716135
6.700986915641277,838.1790396224411,536.4345853583624,18.886946837395367,40.91811689606092,27.137832899352315
6.071293837751694,935.0895323991066,598.4573007354282,19.446248771277205,71.82327708212667,59.42399523943025
6.753052467644271,388.17426963498144,248.43153256638814,24.5675180813088,25.78771236135036,17.432446258701933
5.699391654875537,1124.8317138468783,719.8922968620021,24.42192011380649,114.977166844915,98.54174029328169
6.575991794043566,180.33160177837271,115.41222513815853,25.702441019639775,27.076408712672542,14.267221114264341
6.476739006548877,597.6602894495248,382.5025852476959,31.06328885969186,44.033872486909004,27.439515366899496
6.354318199909223,709.6970123308369,454.2060878917356,24.865799126265372,55.48396902397994,30.90253174175775
6.410023741992749,577.3217005718245,369.4858883659677,26.593602526171782,44.73930009860131,21.766867598820273
5.182705668151653,602.2288342570827,385.4264539245329,21.08563472534879,90.00356464676877,86.5132568639518
6.115892564581327,1454.87606880784,931.1206840370177,27.18778182230788,107.78854842054189,81.61240718715035
6.564991430798781,502.19056883638547,321.4019640552867,22.65763197211263,34.97479746358727,22.840605189139488
6.6118994743981805,1654.4276028651698,1058.8336658337087,24.749972914033826,100.42790511210852,85.05485173501766
5.780627401351829,952.9943729058682,609.9163986597557,24.119029812257935,103.71790004728719,74.06375840410547
7.385995488605291,832.2192980591972,532.6203507578862,28.11540982219911,26.369174239835665,16.47620831756429
5.89367760624985,966.6841236856831,618.6778391588372,19.915082059687503,89.68609308163661,68.25201435068017
7.178620040368716,1685.4747122381832,1078.7038158324372,16.50866477884736,68.63464101538143,56.7242412573933
6.7990360533101795,452.2424486239932,289.43516711935564,23.752985560192265,27.861505048322787,19.195827848107392
6.047640883109338,407.8537283722638,261.02638615824884,26.139859399167936,48.014434070239986,37.490792603967606
7.742717624826659,535.7968311998277,342.9099719678897,25.03294281532625,17.048351055942266,9.325174222340914
5.664454217770464,811.2501014375963,519.2000649200617,28.81271483094869,90.89045027419887,67.02989155245709
7.143407921527001,195.9801063155993,125.42726804198355,26.03080435962884,17.429823870819128,8.963153464617074
7.200407622630085,807.8187337615128,517.0039896073682,22.52653083849049,29.353077286621893,20.2098930455328
6.0305658536463485,1392.7414966947852,891.3545578846625,16.36102946051112,134.6562383090564,104.48209080155208
7.47472571004503,852.9925867186721,545.9152554999501,23.669407180316735,22.64449680262953,15.875489885851653
6.324967439780733,697.560089358653,446.438457189538,28.097856507902293,59.712923000964686,36.49825204605863
6.7020855404959,583.6438429607304,373.53205949486744,23.1278327606651,31.0266502458297,21.45192019444937
6.682225287139855,1114.4790965930476,713.2666218195506,24.599120922872174,53.865505062007564,44.8756064200503
6.405983880970616,510.95852936668336,327.0134587946774,25.97476089007348,43.0782547919604,28.77497944336344
7.067565791211847,1446.2385722097367,925.5926862142315,20.946476690125643,64.28165409764745,49.47691955478776
7.055442104386549,1476.6759117000252,945.0725834880161,26.68132563823586,53.30757548987515,47.29611143443763
5.2760276187332735,889.8627795316256,569.5121789002404,30.22992626500597,118.55181281022325,88.37375643956267
7.4130381700147066,795.9697191731742,509.42062027083153,23.89515326837308,25.546381039172452,14.887639620595593
5.336255608375028,1160.7309328845458,742.8677970461093,20.548274523586944,199.74106169859215,138.81419205892502
7.22278234303916,1183.1794757795637,757.2348644989208,24.266896405423093,45.9020362683829,38.55285395375953
7.288693595779308,517.9028941292046,331.45785224269093,16.71465561986896,20.646922376207364,12.32743297616542
5.736323498849361,615.7057034021543,394.05165017737875,25.679161423918156,58.062214546733465,52.836192163303096
6.212429998431791,337.1783978608466,215.79417463094182,26.082960321770027,39.82533787631681,23.250702090255327
5.726006732059845,943.17272841692,603.6305461868288,30.36472702845947,102.19715578303682,65.88486429956158
6.349555278797885,1033.3197592099118,661.3246458943436,23.82101822601681,65.4881027682585,45.76144597101372
6.284376001069981,327.52602674855444,209.61665711907486,25.929698683512648,34.35430212882146,18.201526577700633
7.045762372588538,640.6803833143443,410.03544532118036,21.485491641649347,28.707462389177362,20.98916271695122
7.417216122283726,328.4611288465278,210.2151224617778,23.252505078162226,14.797380610709759,7.189495380167745
7.476978667552969,485.42006641465684,310.6688425053804,19.161850971682306,21.20473255971197,10.293808580950596
6.106482381395189,992.8559710792048,635.427821490691,23.818236325508675,89.89547225807111,50.14790070655101
6.353544688378831,543.2812766626022,347.7000170640654,23.431417962685025,45.76091668145627,25.332671217739236
5.321593265445335,694.7109153886954,444.61498584876506,25.547199181311136,106.79795677290717,89.8719050658991
5.935890953452668,230.44089521843955,147.4821729398013,22.317410918835762,41.33183524132542,28.03573610513984
7.1753961431682205,865.4465734036326,553.8858069783248,24.79170872841282,31.56605989199215,18.752744158495826
7.630907976483762,784.504338054373,502.0827763547987,23.33316980537317,24.40523917448624,12.358293940239639
5.635955789684054,544.8642624883933,348.7131279925717,23.3397521409517,79.28408430138198,45.874732392072296
6.085275018592974,733.844995811134,469.6607973191258,24.781268140870605,63.73789017096963,43.14186920209415
6.4815159701287515,863.1032081762055,552.3860532327716,24.641830298109536,57.29479187740843,37.29628705478759
6.696112811173725,514.7961478817296,329.4695346443069,27.164109136680736,34.27573576178955,25.61753443708892
5.933277536054848,283.3081095993772,181.3171901436014,24.077749380545576,47.920962671743844,23.39870806071689
6.796842731124863,1431.9510514403853,916.4486729218467,23.275401278069488,77.09270369973186,54.3675739779272
6.168312457050359,578.3545533514045,370.1469141448989,23.867173942194707,53.476495768040664,32.695616602545755
6.489883410385205,766.1339638845888,490.32573688613684,21.998675591056525,51.76461079803853,36.21889653253122
6.88239897360259,1153.7939072571098,738.4281006445503,23.24031117251665,51.95237108106158,38.529929891390914
6.504495588867656,2035.1693156496694,1302.5083620157884,31.60905549575631,148.75244228222542,148.09122040888587
6.194529876631402,364.429742538897,233.2350352248941,21.305624337564467,39.04773266639049,27.001240912197762
6.423273137251918,957.4395248042784,612.7612958747383,23.524702831422417,56.342488118615684,38.368481193239056
6.438145928556265,552.3567001470628,353.50828809412025,23.143789678556082,35.19890597000186,30.436208456322046
6.24099227908251,611.4233933981512,391.3109717748168,23.6348993571446,45.81147026631567,36.4157823128826
6.318842756133028,547.9257926476236,350.6725072944791,23.340662418925618,40.69176183164698,32.22140110861246
7.619053019353302,406.0207612697953,259.853287212669,25.477340354273498,14.256651400008597,9.989513367780077
6.892643613558867,785.5480233753685,502.7507349602359,18.51438714512872,41.78910033385876,25.190251410077966
6.293163777379588,283.92405953311754,181.71139810119524,28.130100153862017,34.95060813721758,25.90623661777358
6.987868083157515,1131.3826482791546,724.084894898659,26.71403979874769,47.435769306196754,34.57956085476706
6.266326357170793,819.2510276116811,524.3206576714759,20.14994944877903,60.730766502956754,40.31422908895307
7.321187246310648,947.8522405155039,606.6254339299226,16.558229544666595,35.47024709575826,20.47294824376937
6.758749534538666,636.8339858188219,407.57375092404607,21.080247488505094,33.030133204195884,22.473073252960443
6.424888499197039,671.478623025888,429.74631873656836,23.65066738500507,45.05326257020614,28.91071088683372
6.813401848067194,900.6473668085648,576.4143147574815,33.53102164541771,42.239851282565816,35.255548763980975
5.400386693552051,392.58227865796107,251.2526583410951,26.401399377409955,84.01765652696123,52.59816157726815
5.711262771763137,674.7033479553324,431.81014269141275,18.173436227864897,88.3164248428912,55.35369642853661
5.664252495520661,499.13527014254106,319.4465728912263,22.086205732846697,71.79210085219555,48.583967140885704
6.600060166334595,488.300916293145,312.5125864276128,24.31375647304456,38.24877128016737,30.417402578978045
7.712760499639565,100.0,64.0,25.387892440043338,10.69111694161803,6.7
8.061910102334842,1268.7643063179999,812.00915604352,19.89837898891352,23.484988933636448,14.806816415532177
6.94663577100853,559.7114363961809,358.2153192935558,24.027534202080286,31.48546352396699,15.118358777345946
6.85059113246112,1207.1816193072425,772.5962363566352,21.988263018363106,57.56893461191385,39.28745995618802
5.239259586093083,1174.0773124880022,751.4094799923214,20.63684503089189,163.54852466677974,146.4110055171227
6.120128340186184,349.9001027192272,223.93606574030542,25.40858476344634,46.926245652832925,25.682601098827245
5.948551373664233,419.056067514504,268.19588320928256,27.208570107049876,50.78626590375547,31.662755919272847
6.065406681224219,1696.1760357744893,1085.5526628956732,27.44364446936567,149.38511832026208,135.61755887753955
6.382299326990648,1412.8240796745004,904.2074109916803,26.510352228968564,101.97976854741339,70.38852816752333
6.169536595612011,788.9685203351636,504.9398530145047,22.75920663400908,61.345457814837786,44.735803597620006
5.1144901327369485,890.0805872460722,569.6515758374862,27.00092416512227,153.092436099744,129.02695985325715
7.023537179282274,579.203758968484,370.6904057398297,25.58169053336501,28.881995074004553,18.416851667250143
5.749079881982135,951.323449970119,608.8470079808761,24.968796590332047,91.09742361470096,80.82290081472665
6.6674728048778045,548.9863347471351,351.35125423816646,22.359074074043704,35.59567713572312,24.841259191524067
7.951857868824981,100.0,64.0,22.76093355430465,9.985835469795107,6.7
5.856430785889504,337.45547472113213,215.97150382152458,24.75860427643594,47.0614877814427,32.437315949507955
4.8,807.3824617477055,516.7247755185315,33.03956063444926,179.8661091989078,121.64060662888019
6.299797044683922,404.1264675740943,258.64093924742036,25.554348680319865,36.520509127686346,23.85477694165188
7.2706717444989994,776.4528872802629,496.92984785936824,22.360840242124,29.84159995068468,16.4932809321136
7.870843217954416,423.86863619849794,271.2759271670387,21.58663694260695,13.846941202397721,7.829297722023109
5.639315283883308,526.1761271243022,336.7527213595534,22.77881685570329,69.45710317892349,50.8940300542241
6.847689456265565,1098.6078572446172,703.1090286365551,32.12052706642173,61.17411046540346,38.676797984053444
6.174282680253962,886.6181916740367,567.4356426713834,23.102601739189133,74.66925725308778,42.10108758122515
6.425836151987105,796.6174525403285,509.83516962581024,27.674046871136,55.03723048939801,41.76894897141565
8.351040342911924,1107.637390574728,708.8879299678259,23.184251140850254,17.650072040473265,10.223640193198934
5.4479207701233925,968.2130076715716,619.6563249098059,25.4141458944787,135.9275950339488,83.62447460218408
6.677617763046201,1306.2971519379787,836.0301772403063,27.27110845903053,62.49646893678774,49.43351253353361
6.827385220235803,639.0492581897009,408.9915252414086,22.498340025665264,33.778529304144264,28.453002474732955
7.260050427457543,649.627757515372,415.76176480983804,22.256109210465308,25.232633613428792,14.60193415811716
6.5685882074296265,344.6117567630292,220.55152432833867,30.306043930593653,29.504688494767123,18.07362146737539
6.715635377652871,649.8567489196531,415.90831930857803,27.946075132135288,37.97792123944556,23.165984330465957
6.225846002804746,1137.669463005856,728.1084563237479,27.26735311541755,91.63572839424562,60.58395362095186
6.688388858871575,1254.9955802917468,803.197171386718,27.255467025930198,62.350944091545365,44.410727373598704
6.2597654071518125,1136.1068088303339,727.1083576514137,26.108514209088728,79.27583429712728,60.85498589126134
6.935100322899236,172.03284670769733,110.1010218929263,31.562215346112726,18.48236844031956,12.95719681977755
6.241272764769456,1179.100824431257,754.6245276360045,24.65367905657005,71.27766837045327,66.19411960229345
6.7639702757315305,156.51848185477525,100.17182838705617,26.520418285203217,23.949375412998005,11.358248849623017
6.479516030420515,1114.3410634428217,713.1782806034059,19.421804749920955,66.26160387400593,47.00268049482365
7.2882351755405175,671.2754157001307,429.6162660480836,21.612637596930657,24.44432711273398,14.360812978616798
6.464024393488059,1045.8866598768495,669.3674623211837,20.29713350057736,57.596476142555915,46.044924546318946
5.258877272255183,333.64307823690194,213.53157007161724,28.959222542306524,78.19812916791827,62.049327285161176
7.383345050499794,1209.9086714471514,774.3415497261769,15.566109467927376,41.2246335633589,25.902365558082266
5.8659873893961665,287.2588388632888,183.84565687250483,23.091914920365472,48.73269445566244,30.628525495249423
6.042363562945826,566.0407812013879,362.2660999688882,15.0,55.46606070842894,45.40204183347226
6.083037094169556,450.6668802808377,288.4268033797361,21.590492365813386,49.203501868403045,34.68013319299021
7.462106665219572,186.00030151212536,119.04019296776023,22.78167867593847,12.219985838128327,8.127685345647093
5.005028050214913,833.084648655964,533.174175139817,29.347048828279156,160.9243271524639,145.44174867494934
8.5,1432.1311912429364,916.5639623954794,25.8881977872751,17.891409331417098,14.640508408545283
7.239239766346236,1733.4168278120032,1109.386769799682,21.58400466834862,61.54962094238513,43.01779430352467
6.656267239890412,834.0045254801868,533.7628963073196,28.23087301906139,40.89099728820114,33.80197036601051
6.4615741995686,1190.8384462736328,762.1366056151251,24.56241289085415,71.05957995636184,45.10948100123615
6.6998878524003596,881.233123274988,563.9891988959923,24.631484005475382,44.09923222562838,32.980412384482186
6.8647856998655366,974.6091181688745,623.7498356280797,20.29064972279803,43.96056057173247,25.05776808461895
6.95165091016504,680.2479721054664,435.3587021474985,21.03495200133901,28.93081386874019,19.217787946785176
6.888923126202414,868.2769238979107,555.6972312946629,21.612159450190664,42.961079150727045,25.399556956128006
6.562706476878674,988.11754661225,632.39522983184,24.662614456039663,60.054015094478785,36.19141397453795
6.361863105784872,597.5390948932841,382.4250207317018,24.772600044432362,44.286045671331614,28.48884619472631
6.3941087014425415,772.8769950374542,494.6412768239707,29.90432432233416,49.41984112412143,39.82250156740854
6.363564203753123,779.5494583508791,498.9116533445627,25.84769308778242,50.38542641864439,33.63795709181156
7.293639067806945,1089.2411610656836,697.1143430820375,15.023520072147623,34.61992820736207,26.24846739722711
6.915489705596603,426.8887399303118,273.20879355539955,25.419246957550918,22.479620800902644,13.955342222588852
4.8,781.9602269873219,500.45454527188605,19.424942753413635,154.31203490069973,126.32960396983772
6.959130543570833,1469.201914168444,940.2892250678042,21.11910176385962,70.01060125348383,51.89162012454373
6.636315336303142,1207.421053405078,772.74947417925,21.657406848957844,66.28572537378426,42.773396558063446
6.486903870487872,1272.2126671110468,814.21610695107,22.178315867706942,88.8069199178561,50.13072173702369
6.22803708283778,808.551144062312,517.4727321998797,19.68697712785894,58.678740726984294,44.57142308718429
7.2868789039902095,912.3491472901081,583.9034542656692,25.212187012083007,29.422385440957232,23.01023092779415
7.163268523486001,1150.782658346024,736.5009013414553,19.562192002181643,39.97156742878277,29.126888612759476
5.958985632523474,1346.0894353358258,861.4972386149285,25.748336625374463,117.16389269335706,92.15822488593237
6.784936600987175,116.9389804909897,74.84094751423342,32.3293987697157,19.91579830487626,12.345976594156744
5.819840285821099,339.595542532554,217.34114722083459,19.847243293730777,54.241145683205765,34.32635322644516
5.534267284647749,1258.3054354909268,805.3154787141932,23.50421393481272,152.58814936343677,127.14646645873887
6.061297942787024,703.0887254809188,449.976784307788,15.667899231206356,59.05049852442678,31.89171157646628
7.103675430667931,564.897723759673,361.53454320619073,23.446726474604535,28.368012407750378,13.890159942645747
7.16718753176326,361.0436545515386,231.06793891298472,26.749510034210193,23.811171802239357,10.708895629459564
6.8591597940681055,605.7441544595617,387.6762588541195,27.022237309750434,34.996903170227114,20.40372825223641
7.007567050793598,309.1707508016613,197.86928051306325,24.77077305599434,22.57209162984766,12.919056625806052
6.861324800980471,1531.882995456367,980.405117092075,27.612421986656415,78.99508139544865,62.55857417858417
6.050962883343933,792.1473818067993,506.9743243563516,33.411190875799775,80.31699490058269,49.103875413235635
6.802345781271758,779.7173103830488,499.01907864515124,30.4930664060316,41.26188333362855,22.080091980340164
7.060286667659377,1005.8268363087411,643.7291752375943,22.67117674706627,37.12201712650537,31.927382506111833
7.028003930869502,1136.8208092432992,727.5653179157115,19.421136047366417,46.93080102259815,37.34263364744148
7.33223936003225,1131.0608547941238,723.8789470682392,23.078470041991686,38.12040599309478,21.69385768959742
6.995812693040745,1175.76768036765,752.491315435296,21.18556032033928,43.83876585332819,35.973663037498305
6.746013745279108,579.2040572232003,370.6905966228482,26.079716417526214,32.475809981825364,19.894177958668568
7.249105166821499,695.7466182650985,445.27783568966305,20.365822611996755,28.353107655480798,16.50553858631095
6.481435118525658,1069.1610794047965,684.2630908190698,24.245121485933804,53.785533954735214,52.329159855673645
5.882687744140598,615.413828426133,393.86485019272516,27.433049190877085,58.0347758575302,56.9208552809424
6.3858531252393655,798.2126787904713,510.85611442590164,24.14756444513988,52.33060904847419,39.95964587442442
5.978568148635485,939.567317548685,601.3230832311584,21.18790162038271,84.49525155962458,61.94860677132805
6.027375207517933,1074.8147788086317,687.8814584375243,28.611849201549923,78.8606853987009,64.68968082421655
6.3988369304991375,177.8116631704296,113.79946442907494,17.923566693361604,29.405277175813254,18.130911976677993
5.945306055300027,1050.1609774611309,672.1030255751238,23.35271730442888,103.20891080936916,81.69810141062608
6.284426929252672,718.1965797518961,459.64581104121356,24.35418991816533,53.58066171879275,36.08389636234298
5.17446973313235,1047.6101988025334,670.4705272336214,24.55568030439871,178.1465116368025,117.06715395023518
6.649305595161057,1071.92609232419,686.0326990874817,25.131736196273284,53.3713369038312,33.70711591866368
6.500843832753557,1362.7702713917051,872.1729736906913,26.636539369333228,76.28539649071557,67.88005532331339
5.928037958252267,1273.708776667421,815.1736170671495,24.376073963341273,124.87235930463926,94.2769467919247
6.961471967902684,1271.3000819136037,813.6320524247063,23.211796012497118,55.66979530392723,36.88412146309157
7.156299096338591,1305.2846117081835,835.3821514932375,23.073437293691065,43.119557315713266,39.740957667772676
5.3747080949417185,901.9826446855811,577.2688925987719,22.35969469286576,114.5124827812282,88.86989067109018
5.96609265500365,811.2647804628939,519.2094594962521,27.25640163514403,84.71094220093985,51.37688347385741
5.961600355148891,1105.485979112417,707.511026631947,22.2371503218322,88.61353648931603,73.34147814195364
5.842067829223795,1056.228333001558,675.9861331209971,27.463698881528856,109.74955745837536,73.42480286282847
7.080632389352224,691.8268171416089,442.7691629706297,24.56649678790955,27.65673410599049,19.032039289625377
6.364321702859037,941.6881930828938,602.680443573052,22.675608176003546,61.65457353004876,50.22353273627162
6.314839611082572,787.716236625392,504.13839144025087,26.664425255104472,57.03238375241164,33.61554521500224
5.097296344915272,501.1234820389804,320.71902850494746,21.953911263469088,86.15397384087483,77.79183700919049
6.944792621146458,1251.6612594817225,801.0632060683024,26.733644142548744,46.75436593214957,40.15698938610565
5.632519123602569,819.3197348855313,524.36463032674,25.244541424171246,95.23028743132706,70.14009756642186
6.54195284118643,1517.0478901945976,970.9106497245425,22.412863588178276,85.98485126133211,81.73963219441944
6.694163856570734,231.0777054300586,147.8897314752375,26.350221853670956,27.5525563884248,14.963954333963429
7.452461017087056,605.1274295048217,387.2815548830859,26.413064039910235,17.49921677531325,13.128461105776942
5.5838257206166215,811.423592841805,519.3110994187552,28.551318620334854,102.41307560403123,77.11982327522506
4.8,1198.0833841701199,766.7733658688767,27.881514543432537,217.86351430344953,196.70863831751447
6.628694681327587,939.8142804107648,601.4811394628895,26.21945907254199,49.05228177757707,36.7132790070785
7.7603578270575975,908.665463963263,581.5458969364884,20.553431670769328,19.389944694731987,13.355744804218673
7.367262447057606,405.4576726060485,259.49291046787107,33.0700544586092,21.416883841304816,10.412449086165221
6.646761590692238,395.070510969685,252.84512702059843,19.587343261248662,26.759919882494547,17.991427741519608
6.1558546700575665,912.8766311014666,584.2410439049387,27.82242110998808,69.24601256381872,53.14264928851829
7.064985817646117,322.56290216357456,206.44025738468773,26.009493359102045,17.74827925184314,12.377092890728694
5.818517660206872,613.842787398735,392.8593839351904,20.3905016963161,78.99402963529002,48.996765852886305
6.833450438549353,975.3210651800501,624.205481715232,24.064946713925252,46.7170684397016,31.266337460238233
6.853829111416639,456.18650470312843,291.9593630100022,24.224364898143758,27.843781036602078,14.094413633423377
7.242146935249216,1361.8745868266324,871.5997355690447,29.069539505336834,54.479778479653184,35.298340397184965
8.431762027237754,1228.3777204832616,786.1617411092874,22.00341184901926,17.745332330796074,11.647937950840163
6.774691177025137,250.00300058159485,160.0019203722207,23.58319247751476,24.597041724182606,14.655120212002043
6.143725462004751,473.6700648863045,303.1488415272349,16.32375638242558,47.72488489713047,28.631536906757898
6.4820979814656035,100.0,64.0,30.57166977593252,27.433045193138852,13.227940131088436
5.2616468665776175,526.0930231081534,336.69953478921815,20.75336114942975,90.57587883589498,71.2361501269843
6.013700808237659,1068.2359668003398,683.6710187522175,25.644188024837113,87.97081911331634,65.40973244695067
6.213502293320827,655.1367702038001,419.28753293043206,24.145072595973478,57.035776609633245,36.42543818022283
6.133138121445786,961.2790352655886,615.2185825699768,24.15699661625831,76.38398873998709,52.47689992151647
6.606648410423605,267.1829886013895,170.9971127048893,27.334516947048062,27.426851023680264,16.63265040533925
5.924306047332459,1079.2913391036668,690.7464570263468,30.34941861106272,85.09767699934534,69.77089364652133
7.28472146712713,605.7117702250775,387.65553294404964,25.38022784479697,26.369132956507222,12.729143784184611
6.500144945442738,804.2593887990168,514.7260088313708,26.79277306170684,46.25931617762644,35.5439383149345
6.49348977520297,767.4939245124316,491.1961116879562,25.651120378544643,52.308266929217204,30.260042700178033
6.2704736984409575,354.95801768770065,227.17313132012842,28.061359983757193,39.12566838117926,24.60428723606747
6.608633478701285,396.4204838910762,253.70910969028876,22.879792671797855,27.67371471030698,20.216759070380338
7.077568785267344,1138.728064151199,728.7859610567674,28.263866940457447,49.06369291456827,29.031823938527534
5.89300884900237,939.6472551255935,601.3742432803798,28.386749529765844,89.18210033218024,55.85682534566523
6.039318457647321,1167.5171645436994,747.2109853079677,28.288879530390183,109.10352281615368,98.01699928480825
6.287391779856335,913.6303824258814,584.7234447525641,22.189482464322335,62.544688716413006,42.6421874037181
5.55789035356875,850.0467221832257,544.0299021972645,23.91081828016983,109.56095897491731,81.45778475563226
5.926519498194952,195.89628346663176,125.37362141864433,25.33813446073152,36.42262056053826,33.161906833669384
6.166645388518739,705.3716561335906,451.437859925498,19.70205284309848,54.804157225102344,43.03832189433925
7.1120724264989095,790.4154878586896,505.8659122295614,30.082220728301053,27.503203698331394,19.541606066120156
6.6837929303013475,1483.587519395401,949.4960124130566,24.457032132742384,77.55859195917225,62.96662484011702
6.635512937957281,1040.4348212345371,665.8782855901038,25.493747606616527,57.767325074264704,35.98798421729792
7.095628573517581,1337.621413598335,856.0777047029344,22.48048446095479,49.00768842949487,42.601562438882546
6.403839748120422,1009.1381970631548,645.8484461204191,19.85592854221542,69.02084043192265,49.15172023679714
6.773325394950223,551.0438705676822,352.66807716331664,22.3858954008383,29.42313308162441,19.016770097543457
6.4277447729472525,840.993475652448,538.2358244175667,25.26721465671756,58.20074279974772,33.01241735186683
6.68575364457974,882.6782761924816,564.9140967631882,26.857000844637927,52.00204596770633,27.24354858691619
6.092068939671893,471.2955505802614,301.6291523713673,25.06627039210952,53.65339464504152,35.706669734279906
4.8,665.4644181924775,425.8972276431856,25.713534056846825,146.6959774449523,114.48560026298102
6.406004586469587,727.9815522129898,465.90819341631345,23.32040768861518,40.388061536916034,34.09089457593513
7.495923695269958,1361.9669413977913,871.6588424945865,26.236869981858998,41.62726463489324,26.07730737340471
7.148350781569115,100.0,64.0,29.689915032350676,15.758626464082162,7.497251353515197
7.17577823921382,1222.036447250615,782.1033262403937,26.966763048536453,40.126365504016384,35.28795724970807
7.365291505264352,472.12166776421606,302.15786736909826,27.33339660888529,18.184619694206607,11.48975475430519
6.5620603136730065,319.7722844556351,204.65426205160645,25.529057397573208,34.310466745858434,20.348235975846265
6.638120995183917,1212.9797455134624,776.3070371286159,19.23895725640139,58.2773200096479,46.11591904434322
6.067643673195954,1056.1643242320333,675.9451675085013,20.84366714279065,89.03322836851564,62.024887374145116
6.278749000781065,1239.0815458334164,793.0121893333865,26.09206530232345,88.13557964697507,72.05158376460732
6.931039804839799,1080.245681640952,691.3572362502092,24.4617133181397,44.65499329793395,35.55300493362244
7.342719106018171,1520.9457506080907,973.4052803891781,26.039450102654897,54.261212462512724,42.69720723270111
6.4023876070233,995.5533429305699,637.1541394755648,30.367481962454256,73.23979386173771,43.87134471905997
6.1848675146040115,745.2329183568945,476.9490677484125,27.041125997302668,57.16058995689889,43.515120546288436
6.500369571199618,920.0242320624699,588.8155085199808,28.906101720099876,53.476649838748955,43.68554311424952
6.92084472425038,1235.2141949210873,790.5370847494959,24.831384863147555,56.793412217267836,38.9110404270506
5.489301628706521,527.218636158959,337.4199271417338,21.67474512880446,87.30530746357731,52.08100184386468
4.892673332803933,571.8389961140167,365.9769575129707,24.297468442749807,128.22474488288225,109.80477130103029
6.1146242053558915,691.8639948907324,442.7929567300688,21.683368651983017,57.259941870843015,37.41891916694329
5.645501301860089,100.0,64.0,29.954032348703567,39.330885346145635,32.02936799319503
6.144301861646882,848.3274429461414,542.9295634855305,27.266368767874145,61.94896073108664,46.85295149134762
6.39655377682777,139.85495361714084,89.50717031497014,26.321793738198977,25.910291917534217,13.773850792059626
6.1827261136838905,818.5707595264166,523.8852860969066,28.825801207798364,67.04107156032956,50.32235340065737
7.516727274129522,1102.8514146473374,705.8249053742959,17.429802549168713,29.924831949445448,15.229248733561285
6.728721335221624,633.0932387746575,405.1796728157808,26.558482829699308,34.572087540850426,18.29311854390564
6.71033205172758,1386.9905545654049,887.6739549218591,19.912739754934698,71.96605803757592,59.05348919648244
6.935545000830381,288.82468520352927,184.84779853025873,24.474605055370187,20.480870663317198,13.90993665496706
5.702816817553462,1216.9412385711414,778.8423926855305,23.40902342636475,149.2811600504694,95.63255089082652
7.227378251194188,1036.2979697424223,663.2307006351502,26.816078142339318,40.1500327609061,24.886149254181518
6.446964999425178,199.38836309125884,127.60855237840566,25.298655511363343,33.99780015789286,13.082324864131465
6.9693364320688485,1748.7780046641865,1119.2179229850794,29.20791010764126,88.44234168366445,74.21129742001743
5.749699936871891,777.6891500736118,497.7210560471116,22.393359936735852,83.17495137155335,61.5086041559891
5.412368863788755,492.88059224552893,315.44357903713853,26.981900363716495,95.45163516303941,56.212001752767726
7.07252276061752,307.5194818255941,196.81246836838022,25.06778125914591,19.167339525120425,12.006567003007994
6.7634866682682615,722.9936903191141,462.715961804233,18.776484054749567,34.67635042633084,26.238513072082746
5.868563911949742,755.4075946635141,483.4608605846491,21.284842395169385,70.82101152936804,52.75472360156305
5.891235843107714,835.9259349888825,534.9925983928848,23.975426882672412,83.193568802437,45.954457893482505
7.287804349090338,695.7713453216139,445.2936610058329,28.393023574621047,23.212768417807222,20.275462154256765
5.667411674992871,1021.6288585402827,653.8424694657809,26.1230307014499,109.36160815806568,97.10920170820343
7.649871067279174,664.3295585678638,425.17091748343285,20.4137471164175,15.984493160960872,9.782788686636476
5.869565485746492,122.76255896583518,78.56803773813452,24.00889320183494,43.660426593899345,24.53445967719563
6.946874347925868,747.7234765226256,478.5430249744804,31.562322570775606,29.201520444812555,21.411840863878567
6.269967066975711,100.0,64.0,24.889281671943003,27.94628581327048,20.391726841473005
6.92223120175764,923.8197208119864,591.2446213196713,23.354360487246616,44.98840427629346,21.43707330411931
6.119120198520065,457.24491940107765,292.6367484166897,26.22108874264677,52.72204371850454,28.97210009715964
6.386044965749394,857.1761242205301,548.5927195011393,27.171875778536894,58.11772213515479,32.0214137323784
6.528643422777005,1259.9262435336113,806.3527958615113,22.903410783819794,75.13307182629319,53.787721557838665
5.79846878095297,467.93795665619996,299.480292259968,26.25901171030003,57.600570764427665,38.09604230523575
7.018577041794088,1171.4396904792413,749.7214019067145,23.348886761652167,43.82430891810063,34.135210393221335
6.14075050346989,648.3136516598464,414.9207370623017,27.017646606403034,53.67791417983458,35.04696619464391
6.339980059261987,1413.618180722955,904.7156356626912,25.093926052899494,84.3543505962542,70.83777311097285
5.803955437774041,672.1965853806253,430.2058146436002,26.186887394685122,74.42362784428873,54.41225492094467
4.8,505.82745507265804,323.72957124650117,21.842857588413736,131.30589583785783,99.00277425925583
6.366280566179881,1040.533457638351,665.9414128885446,21.625497655744994,61.896593938334455,52.437073737560326
8.188830795129041,647.4735946317275,414.38310056430555,27.80924056630788,14.168075424082447,7.05994007068134
7.049223001528617,505.49267005484705,323.51530883510213,24.22211266515077,26.34645913612459,14.352625577150667
6.486517734185924,632.756052253673,404.96387344235075,25.497621597347766,45.195002850691885,27.552067582778875
6.315976419554213,784.3877137359495,502.0081367910077,23.42761600519718,52.86266262364122,40.42594804656223
6.515726124968433,1269.763045935699,812.6483493988474,27.645543709047754,74.61388531187154,44.21182009909512
6.882983380622647,123.06928908914801,78.76434501705474,22.372665069896197,20.978186431993258,11.808535997396218
5.673431029283808,808.0782306326472,517.1700676048943,24.02539566034691,92.01203957825908,68.20169440778164
7.28002518626821,1018.7162581289151,651.9784052025057,27.250974844460963,39.07999280028061,23.144982629366904
7.0007669208088705,867.7070012471286,555.3324807981624,28.60538694707493,35.37413941130888,23.774938776482077
7.002730007995554,1258.452809301737,805.4097979531117,22.666842481406608,49.2407999669352,28.18155367940033
6.806933017166809,773.9791345845165,495.3466461340906,31.35889393684559,40.433673829317335,24.13072376559524
6.513731660385793,735.4069952349192,470.6604769503483,25.596345927927658,40.66144196910739,37.78934392530718
6.971002865176774,1007.3153414546701,644.681818530989,20.849751083669418,45.62229170406664,29.137462842378795
6.914269893618965,834.7598352329724,534.2462945491023,25.791682170064888,33.06047553725611,24.100217549737234
6.252171502341283,663.3569416018352,424.5484426251745,23.159502749307897,54.97829693200638,35.01577594996671
6.09847875897217,980.6504138552328,627.6162648673491,26.019239705141118,73.25141535691463,59.37399679827624
6.571299406683391,571.6150973741742,365.8336623194715,24.350003133188817,39.34536646334508,26.22972688657871
7.584314106046631,586.0879967932356,375.09631794767074,24.759957915665506,19.667465753946125,10.64363696454188
5.63262504704227,615.2020923820353,393.7293391245026,21.30942318194849,79.39216948539428,57.20424524076448
5.472732313973292,1273.5742060582425,815.0874918772752,27.96521430750726,144.60073613866425,160.38484666713612
6.615332588865562,100.0,64.0,20.453554214971387,21.738149028309632,15.30897570612165
6.5356213912992125,938.4595921670298,600.6141389868991,20.619322866082516,50.68023570093702,49.977821307389064
6.621339165059286,811.9951349700777,519.6768863808497,25.785761222016202,38.03375857590108,28.555537664862957
6.67076723853595,211.69533926665792,135.48501713066108,30.109954865122894,27.869664056840467,17.98409597267451
6.343758421755636,908.4043726976008,581.3787985264645,23.265924160274576,61.342766386195805,39.296426320301336
7.5429044070214575,966.5131971410362,618.5684461702632,26.95340312946388,23.84817482838314,18.235528875584603
5.37936721506644,1006.37373097509,644.0791878240576,28.256690619022407,154.66034615583038,114.03342450101309
5.920052082653828,100.0,64.0,27.351395530529242,36.942834091787816,22.5134945474024
6.427721667895667,1278.2362941490535,818.0712282553942,23.410770987892114,82.11953537309114,62.2033503817574
5.349767832192083,541.7921533603057,346.7469781505957,20.68133648982074,83.51804759092026,69.82330319568383
6.37690191689755,1040.2987113636116,665.7911752727114,16.773583520150257,55.56233197890759,44.949010930936865
7.6630291160096125,1059.3758232388,678.000526872832,23.580058251881624,23.281094292920837,21.433687476320557
6.514620541807173,493.15602003324744,315.61985282127836,28.62330578996761,35.0464648770327,19.825812252055528
6.661490634003078,1031.1609833230427,659.9430293267474,20.56541905333323,58.44121888962888,47.97813276590708
5.6178846643791935,665.0773656806746,425.64951403563174,26.95073446631568,85.53998692616078,65.51569569504402
6.068547014372366,100.0,64.0,21.174466144818446,35.78270437432077,20.966322712704535
6.237362533773244,1208.7096739347226,773.5741913182225,24.871254017353934,71.96589881364069,63.262236236134065
6.2775994322706365,528.734262944316,338.38992828436227,26.97727064954256,50.52023159225229,27.660238280311322
7.397150656502638,500.927288041681,320.59346434667583,22.191765971065504,19.59881858870029,11.341516585871757
6.890383742507587,658.9269461871472,421.71324555977424,25.096696382439198,31.905920158278853,20.673041199198636
5.721979430144078,895.2828538645858,572.981026473335,23.04718032146135,105.28745990144374,80.85556918955683
6.672553344902403,779.9553562122642,499.1714279758491,26.96802030628362,47.49686454238619,35.72865868987287
6.84875522394775,991.8234236475097,634.7669911344062,25.32361008969623,50.270280404225616,32.27129396839219
7.298104326964887,331.17872171496936,211.9543818975804,24.697776860502437,17.26611559674983,9.310466075779475
7.606378480597861,540.1647703492429,345.7054530235154,29.95422486049692,15.55556292253352,9.562327525857585
5.789434065720492,759.4010246874633,486.0166557999765,26.818071498289058,87.23653867241903,55.49374703278459
5.9323997421527634,1464.2605524305468,937.12675355555,22.083768468557988,120.9857234532758,100.99136942522728
5.619695498759769,760.1656115551847,486.50599139531823,24.199476347207835,108.05726089472032,56.7861350701956
6.336186098625113,1179.827792281571,755.0897870602055,24.234354252221188,78.6088688794284,75.35379377070417
6.826450862112434,813.4943090745112,520.6363578076872,24.781118504188242,35.358845588092905,27.07821480646742
7.191134161612371,630.719476896851,403.66046521398465,33.33578246812623,22.482785490793642,14.348487549017033
6.446834283450234,713.6464515599458,456.73372899836534,25.79798162448849,41.81840043869623,34.77454090203465
6.276106733721609,741.0531007898916,474.2739845055306,17.374341004633283,55.42192442550551,32.731950622398834
6.606230594574118,1011.2760086362584,647.2166455272054,22.60020359899062,54.9871132485151,34.56660236810952
5.915399968858984,1281.1139436517942,819.9129239371483,17.73669769376467,104.73231432793115,85.11671668294109
7.962677105186341,925.8882966902124,592.568509881736,23.345706100339562,18.11508655887527,14.412284467464847
5.374637281017359,1215.4771875596143,777.9054000381532,17.5444141959575,145.0739812982579,130.00843850596388
6.629318405227007,462.32359182961005,295.88709877095044,21.449433351260502,34.44447893709083,15.445963518064987
7.916524353460748,654.8793219150893,419.1227660256572,19.17747464628058,15.013439734775485,10.40302001143084
6.504759891191998,546.4941130273166,349.7562323374827,25.84456062288617,37.31972026663521,24.058138812863046
6.366972675498954,910.0556068061984,582.435588355967,24.501887769201076,53.09658106224634,34.20715587856533
6.249788204032701,674.3645651872052,431.59332171981134,25.56036807624556,51.02786252016515,34.19182143801522
6.373725822766315,1055.4205279619684,675.4691378956599,24.13407014001016,65.46163264843071,52.8392227746205
7.4609939322735706,474.1494009286455,303.4556165943331,19.619957874284538,18.401395940643727,11.115507153266126
4.951696662069345,815.0608406624485,521.6389380239671,26.297324792391574,157.82003070003213,146.00150668128222
7.573403590907428,1040.4002688542896,665.8561720667453,31.227785960943084,29.80940877482137,16.860501356864905
5.503229993284899,100.0,64.0,25.932244025122912,51.23695837255276,33.58965230428854
6.31334336953591,1542.570957565571,987.2454128419655,23.00926390238852,93.8300709429608,84.45723039654092
6.199528905790936,700.8968402920435,448.57397778690785,19.50176488363094,61.11575782772759,31.878924297508693
6.911987288839504,100.0,64.0,21.321765602340122,17.406953415027207,11.887234154694356
5.381312953681377,855.3328645018751,547.4130332812,26.085638798002208,106.12954895431051,92.76205835855036
6.82352086625736,811.7052137906028,519.4913368259857,28.255913093797812,38.853553633910245,27.02739732614329
7.917016736300797,771.3369671496274,493.6556589757616,25.413031611526915,17.265543410810313,10.865560530391956
5.545778196785033,1146.9168895243333,734.0268092955733,27.299605513970942,129.68336668124016,99.57777849206992
6.632794317327277,1061.6057399994695,679.4276735996605,26.976873854095352,53.77747501830748,36.22764509951245
6.036612475542373,904.2566668583459,578.7242667893414,26.27287036985071,73.17211729133848,55.105676152409984
6.798121044335125,957.5544718813267,612.8348620040491,22.195342416585603,51.79462208268759,36.09902236978324
6.5134034441910265,763.4745426966697,488.6237073258686,25.108732291913032,46.88064642614554,38.23401644850765
6.050959163668983,1421.421797234017,909.7099502297709,21.530677686412517,110.54606115807168,107.80696668632731
6.841510599409752,282.28139357478165,180.66009188786026,24.561001335353357,21.64301853347987,14.062764641086323
7.76304367685072,848.8780859755639,543.2819750243609,25.658022358734193,19.73976102219228,13.208787474345577
6.366367345790891,822.758620916073,526.5655173862867,30.375743325853993,56.41313240132417,38.34691514063651
7.003830559503728,1084.6481421226076,694.1748109584689,19.915938089713286,45.919027768722124,27.522394031511606
5.594708929490185,504.65114290128525,322.97673145682256,26.18527670846957,73.5393765801905,49.59179351056796
5.830494536227394,189.71458916121242,121.41733706317595,29.684328070682582,42.310937671889995,24.402980114522236
6.830684394516264,854.8880556343677,547.1283556059954,27.155967180435788,38.83099902676694,26.946392315354426
7.538881219975176,898.4306722765115,574.9956302569674,27.415309049887647,26.68619122949478,19.607045861916568
6.748929344149962,1321.3597933066771,845.6702677162734,26.556932156537343,59.29838272300929,54.91583447746582
6.280859378633792,355.3732837862198,227.4389016231807,29.04417071421396,36.613747031931716,21.539216430255493
6.499503983796348,1204.142818350852,770.6514037445453,20.69382641160671,75.11287181848081,52.920454007107544
5.624714586221198,1628.5950274094926,1042.3008175420753,19.649256669104137,217.04040964042107,159.92950495716465
6.923160728448757,667.782289367133,427.3806651949651,24.477830508371603,31.187809139588605,20.307628094580785
7.117633143626386,348.17022317737155,222.8289428335178,16.935932637499015,19.732277339235697,13.644854284897328
6.183536767016844,657.5589717693201,420.8377419323649,28.80726031462304,48.01833593541169,39.55414619099947
6.170970496568349,804.9017385799832,515.1371126911893,28.772503184234047,65.8075516701719,58.454560497374366
6.686114760756434,997.3257562524201,638.2884840015489,22.98327305720416,57.82621498192964,41.50941205225709
6.194296184771583,593.0118445566834,379.5275805162774,23.202302911688218,64.21494590522327,34.57023061256478
6.453707169761924,1344.3194869515696,860.3644716490046,24.24678383697265,86.69605737977443,70.34281317126496
7.969805252416561,409.9136897471784,262.3447614381942,24.68207227653867,11.523717656602615,6.7
6.327082009477802,191.27819673952,122.41804591329281,24.94510871718,29.177804572423085,16.779738280384297
6.2491618935851445,1187.348648500561,759.9031350403591,26.45381237407406,70.80327997100801,74.43145185770594
6.046720736055389,100.0,64.0,23.895807764470327,36.486124393223704,24.215716090335402
7.0209343800499555,728.5545808945493,466.27493177251154,27.80117656217228,38.79148411959574,19.71957481795053
6.3731430787473276,1891.1883952228166,1210.3605729426026,26.060817219938563,165.15893056598023,134.49028282956561
6.0454388731750015,795.784756464024,509.3022441369754,22.375627939445774,75.58507249201988,55.4671347191238
7.424912822591108,407.73132225631264,260.9480462440401,29.17289433731434,17.65812302951978,11.154850253224408
7.493722103159546,779.9108876746222,499.14296811175825,19.746100548571295,23.897595645941045,12.416455751250222
6.079703503982906,782.2197239831632,500.6206233492245,24.177419662124834,52.53308138770902,47.35813995867426
5.193422034047568,856.2274791235908,547.9855866390981,27.88421090376414,144.90933518011485,100.46954868098537
7.205259582885845,1031.7920437558669,660.3469080037548,21.969244132807493,34.186932004687094,28.164704745420995
6.0207591219679975,436.3110910712913,279.2390982856264,25.58344476368503,46.75331650620933,36.51253529428815
7.053437919413938,1390.6418193328777,890.0107643730418,26.40168858949667,54.47864728165608,49.26608244390873
5.1209273276017155,885.7899995304163,566.9055996994664,21.488166462065664,141.68995925267214,98.781523090657
7.124818136809516,1054.3779162406313,674.801866394004,24.246327981420876,36.56822993301209,24.791170576098274
5.652179649503453,580.1477100855251,371.29453445473604,23.952236594267763,74.80256308576384,58.548409204092685
7.011534883346567,1250.2337479484368,800.1495986869995,22.568917518586975,48.313803948575135,34.793440385526395
6.509991147485504,710.0316569154273,454.4202604258735,32.55586198217771,45.1677455047899,25.144747438455997
5.832242406422349,897.1433797227361,574.1717630225511,21.829127762940836,76.39284237115113,68.22077864956196
6.215074580951254,473.41287298451175,302.98423871008754,28.017256029237593,43.850946564532826,27.16873458631956
6.9804229198696905,451.07393075925563,288.68731568592364,23.125196440916003,22.534214000301073,18.701587861146226
6.574126117180664,1040.871857258509,666.1579886454457,20.696773338901515,54.57206813182431,43.08251176827871
6.909089086330739,644.7376094274149,412.6320700335455,24.859849851042743,31.821634990635324,20.521097737639522
7.883508409160839,501.16191937346804,320.74362839901954,26.77182684535625,11.576630511148094,7.462611308485709
5.405030871802264,574.8858302905394,367.92693138594524,27.721783512729875,82.68907963048845,75.02808758344344
7.632048802478037,1044.6335751010974,668.5654880647024,29.967927887292742,28.07736764219698,18.57921796179147
6.573049156266249,579.8367485787362,371.0955190903912,34.808362014772854,33.26839549597441,23.384397980054906
5.870851166173811,758.8207739392426,485.64529532111527,25.37679971314459,88.30201662173855,48.40701395387843
5.5687804619827075,805.2597126004839,515.3662160643097,22.17917739161114,109.21202389868219,70.77551559867254
6.367615726456076,128.9278898963954,82.51384953369306,26.08506014378212,27.806929776511268,15.37857513553745
7.145155078347122,285.10575811926867,182.46768519633196,23.56825467357728,17.623992148538417,12.393457269028595
6.410715615735726,917.6972612366469,587.3262471914541,27.740881454482803,59.39193892380688,33.47195372272355
7.557808451173143,542.0397235965561,346.9054231017959,19.959924962719974,15.503105226078755,10.44266154668202
5.484177016963908,1169.8537189481465,748.7063801268138,32.78917089840153,121.0372737790558,124.7301891071804
6.491537736507762,1138.3824864876906,728.564791352122,27.496168331714294,64.51898313041356,51.791561667950226
5.623324588910817,1051.709033224403,673.0937812636179,18.605985937713424,116.37449092136204,83.5269766335797
6.754542317837478,1436.9201255594091,919.6288803580219,22.018398841897596,73.6362388056461,61.28909193787594
7.12082117306811,770.918735289886,493.387990585527,27.356283654398787,28.517739271984752,17.73658431045151
6.205466744423263,1027.1086740663436,657.34955140246,28.617204196600092,84.34357023162005,55.02014665531918
4.8,595.459658191389,381.094181242489,20.047168304688128,123.70244309686453,112.28504249611373
6.639263702757546,1658.3294695040533,1061.330860482594,26.99559047651532,87.74793755642568,84.8336352858571
6.805716986213457,1494.2717783526068,956.3339381456684,17.684310445683266,77.50767579570272,53.8744678530075
6.7830063284731885,804.1581520812272,514.6612173319854,24.18732447085134,35.862068874334156,30.753998362411913
7.365047534275508,935.3051804668173,598.5953154987631,28.392163947361222,26.25995896650485,19.688865028892447
5.7502624242456655,1275.754159777682,816.4826622577165,22.56969494463957,133.39878678428306,115.46091688604892
6.976151273815314,748.5011733150626,479.0407509216401,19.225771953016952,29.84634514532101,25.64795193649757
7.334755258734583,570.1815752201034,364.91620814086616,25.011751787321458,21.16545310467534,14.921156122608593
5.254988691195438,1105.896412852409,707.7737042255418,22.383483966775827,152.32385475534065,147.81163973386657
6.723756278143284,827.4537361292845,529.5703911227421,26.703454281230425,39.347118867478216,29.515229684591294
6.14707411829463,864.0480573758412,552.9907567205383,21.401357487236787,55.521768303879966,52.51034157354212
6.442934128828848,508.0050299262121,325.12321915277573,21.79577088621415,39.540815025324676,25.683570493808073
6.743373538476836,198.8147480728113,127.24143876659925,17.42649187693315,20.97774332364068,11.988377562547747
6.158940005120513,882.6498434576854,564.8958998129186,25.09480648868019,66.90667498834115,50.21495866818471
6.027004344586872,1116.73671452297,714.7114972947008,23.936832716031905,88.62762258368687,72.73356684539927
6.523906692241617,720.9676378233853,461.4192882069666,20.340653652409753,43.901220197927564,32.085066570161324
5.738927842796038,1302.7503318456033,833.7602123811862,25.178295498184823,134.4795378926484,108.73029646471022
5.7399224097803705,553.6292861045595,354.32274310691804,28.094746052254486,69.56994713562932,42.63527040930891
6.975561298069552,430.853440761928,275.74620208763395,23.745512198033676,22.964203610957565,16.099247248086105
5.695844175388941,776.469392481354,496.9404111880666,25.438584324376908,97.19087231114375,53.5828266892311
6.966418750636448,771.0925986270483,493.49926312131095,25.456589373548073,28.529032043948177,26.317261351498207
6.823813904997766,1069.4890559673279,684.4729958190899,20.284845604873638,48.429672037861835,34.26405497349103
5.291935289846583,528.7630115776053,338.4083274096674,31.698050372476587,100.35410704906414,66.7545024002843
6.025704743365042,1278.8329828852143,818.4531090465372,22.852025594572005,112.81804701060851,90.85477117791025
7.33587658213316,1488.4209368778888,952.5893996018489,26.796406706510947,45.59260903627443,40.38202254690146
5.813184128202223,786.2995905610803,503.2317379590914,27.192253470301672,74.46824098321596,48.76251932249692
6.174917016383429,1237.3986470645114,791.9351341212873,24.011417055094867,84.86220484948157,79.19225265599252
6.823442625276328,430.22602528115897,275.34465617994175,26.62378258770872,29.010677770282072,17.460866231942735
7.048373356497817,1176.3275394136706,752.8496252247492,25.360367276357362,43.197100073300554,30.86526611310201
6.323922779768853,1166.5467429958119,746.5899155173196,19.53826084970408,80.01443283769812,54.00289609709594
6.081742863715851,1102.2030480664575,705.4099507625328,23.33704554562469,90.21849112758771,63.94239038194839
7.495658903188955,794.552918895397,508.5138680930541,22.356071841760784,29.103556069447382,12.848687277266922
7.717229764658305,100.0,64.0,22.883892355288555,10.789877789122311,6.840422895166734
7.185200635547257,575.3954997217547,368.253119821923,19.935988877571766,22.30736307519038,17.667906557191998
6.5597226997955165,580.9293938103892,371.7948120386491,28.442518008611106,33.48532227542715,26.13044236615267
5.934213994851351,457.6107716788329,292.8708938744531,30.106974291146944,52.85203595102347,34.72646424150724
5.918688915410405,842.7850515914731,539.3824330185428,27.92301041599443,77.3339394453113,54.953582002116654
6.86575987368603,653.3627940675678,418.15218820324344,28.946852284515,26.660849109646772,22.991575192459706
6.792878754622079,511.38579658224234,327.2869098126351,23.293778070471454,28.33211205204751,23.23146935585757
7.4811190150625,429.4199481132631,274.8287667924884,22.273101077548873,17.36616792299849,9.285354344845906
6.955315064775298,549.57045508017,351.72509125130875,21.77494533615901,26.474827219812045,15.294865165404243
5.447843788768127,1192.524724147475,763.2158234543839,26.754227230350278,166.8955775183205,146.85849548105364
7.236363332406043,568.6412308803771,363.93038776344133,25.294720686004524,19.92902115595675,11.540816073705415
5.801357560879911,619.7714527483547,396.653729758947,24.22972400940551,73.88384259867343,42.558277265572755
6.2312201096333535,640.1558347418638,409.69973423479286,29.0330199046837,56.056694935818605,33.6362819621012
6.675140144376186,918.6477298332969,587.93454709331,25.9172947383537,52.44137916643045,27.86141319066682
7.896967242848775,959.6873209849865,614.1998854303914,21.564698268677954,17.547334512054118,14.842688688840633
8.5,100.0,64.0,22.11681909802507,6.061527946906866,6.7
6.924706141395328,1157.5723248396628,740.8462878973842,26.88697654738951,46.813681919445266,33.604648072154376
6.371762366895728,1302.7288119853138,833.7464396706008,28.14606498429109,75.14184765986458,76.77649530277648
6.874153953936386,432.4347119234157,276.75821563098606,26.430880812895893,25.508793054879998,19.174678614622582
7.121358798111685,459.69561434280786,294.20519317939704,31.139110617552284,20.8374375217908,13.542963108011156
6.275532662109966,642.411314277605,411.14324113766725,30.222525080059967,54.40315576555105,31.785995423149107
7.7566479491386255,535.3985931901883,342.65509964172054,26.04362542197767,15.942433983213842,11.637310331581434
6.6610495314339815,878.3744058813122,562.1596197640398,21.564967691814743,42.045172011733115,34.98468420561331
6.8484201623639755,118.71614977439754,75.97833585561442,19.915043708938814,18.924445159473716,11.891242907148062
6.9661469764381225,408.72533718714106,261.5842157997703,23.144163892448496,23.393500112806567,17.154913168667903
6.795110627430119,1338.7190200612176,856.7801728391793,27.136247062456547,64.29186163211861,50.83552606763241
7.087258350328728,475.12301142819376,304.078727314044,30.89326477759178,25.845305108462988,13.54378508822763
6.067922769417153,1235.1998973360237,790.5279342950552,25.9610646204378,107.14600081038716,79.03782259261193
6.109188772237778,924.3683684565478,591.5957558121906,28.59052977980933,73.59742489153543,59.68989683930758
5.729892036919813,166.7562998941097,106.72403193223022,23.641423798342693,47.0664143867373,23.894979304180694
6.807650861434158,1022.3652183256722,654.3137397284303,26.679691938296425,40.69711752162504,32.66655005796097
7.04525555245848,758.8164442325013,485.6425243088009,27.381748903170106,35.54059595871635,24.139131949717548
6.82044100630632,640.5865303125909,409.97537940005816,17.57142003451615,32.048641582835316,20.302311779963876
7.672144703343276,885.7349826102013,566.8703888705288,23.052964191682214,25.787028342396795,17.1760095601652
6.4960827868196676,966.1217199483772,618.3179007669614,27.823951344972542,58.28362669456787,47.88164644882533
6.968119158914758,1047.6571376911168,670.5005681223147,25.460639174727977,52.51412004018061,30.318688250449622
5.7358093867024795,1212.3884966418009,775.9286378507526,20.312197331471737,132.96864900798806,93.37572734100122
6.229030208267919,942.8475694724248,603.4224444623519,15.994571684954254,59.78174337044986,47.52206107574079
6.986876430296045,318.5280689247734,203.85796411185495,23.21976739144298,20.750766843034782,17.66395739155609
7.094371477520201,634.2240898220831,405.9034174861332,24.249450074871422,26.713166108508698,21.271751464245618
6.294223136635073,1830.0669173440174,1171.242827100171,21.40626967560079,135.8075916585887,131.31819645841955
6.4498805236993535,1053.5718711336046,674.285997525507,25.00079727959798,61.99898051215662,43.543173170877644
5.437488377323433,1629.250555284024,1042.7203553817753,26.272353615315133,202.78058659399684,207.6616963472707
6.250079559435373,1288.401928769715,824.5772344126176,26.847405097541817,92.37706584822239,73.93744942655198
7.123268214463851,884.630725044512,566.1636640284877,16.254283762736872,34.19030219291263,19.36437795250953
6.902643511274596,905.4924744233911,579.5151836309703,19.90000215767158,36.575198338081435,27.594534468205826
6.850466004966846,787.196986043104,503.8060710675865,23.433820730758427,44.703326825406364,28.977145903829275
6.534841581026672,191.76838445372516,122.73176605038411,26.502605958631122,27.421965385907363,13.14382610892647
6.5049442110397235,806.3165383638785,516.0425845528823,26.212319047425126,45.52760798916415,36.9621302905093
6.037775202368588,1223.736093389769,783.1910997694522,26.151544817568364,87.54368037632386,92.76552875720304
6.989179894141774,590.1260018125787,377.68064116005036,23.158037203108737,28.30808885842685,16.62731677059038
6.7946810610725725,944.1835496716333,604.2774717898453,23.353282969415137,43.94970243691452,37.902005593470925
6.84441319359496,1098.056866062619,702.7563942800762,21.950847560523908,53.744269066693676,33.034440996921916
6.131775610132694,481.6118462406336,308.2315815940055,27.18867944837047,47.286996781731794,32.86537504858131
4.9926599560901295,642.0439974797174,410.90815838701917,21.278289242911477,115.19076480044622,90.8348241735751
7.268006898227587,443.7309783329943,283.98782613311636,27.475127383163496,23.364630418433347,11.553491706493748
6.164813780794117,512.2420376587077,327.83490410157293,25.22748633348176,50.07043914212783,29.34750883687565
5.896056965169816,349.3381507214286,223.5764164617143,24.342344325406962,49.298383957296714,35.15425604665858
6.985435238339796,484.8430385176906,310.299544651322,22.201513600782366,26.012583086457887,17.376386130791907
6.22559115205661,1296.8094882792436,829.958072498716,19.75560348592556,98.96834433638514,73.48974339327344
7.241955468832635,479.58303981839765,306.9331454837745,22.23321535267684,18.503470895626062,10.892026646427432
6.931904164703688,844.2607266712415,540.3268650695945,23.3449759598129,37.65327245036495,26.068882466512733
6.978498526240334,623.9959362151654,399.3573991777059,16.20841490946562,28.08496630439783,19.526490833866745
5.543831002159626,1212.6030779629286,776.0659698962744,23.809256956328674,151.81242231706074,113.53373820836053
7.348360789770481,1258.9068038112657,805.7003544392101,27.73525078809102,37.36629101292126,35.5540181549323
6.682875371863699,1102.4244937486314,705.5516759991241,26.485262669018553,53.48864598786592,34.198684723738616
6.241506002527657,907.1470935859644,580.5741398950172,22.763279434904724,76.224004405609,36.15615673727096
6.600371927139576,719.1291621056855,460.24266374763874,24.664277044453296,47.28998015792962,25.875733021813346
5.256635336971176,382.84385353306254,245.02006626116003,22.553424007023,61.5448597558675,61.25207216659589
6.78605696803647,1480.235108392769,947.3504693713721,25.020662566674936,82.57076207709129,51.54723605360852
5.77943994427255,534.1144437866063,341.83324402342805,29.89037738310411,64.75583596909723,39.373561063816666
5.553130799909526,1032.2762214614945,660.6567817353565,27.889745809187065,114.1777157173499,104.73537633926328
5.434348569647476,1170.8479504181892,749.342688267641,26.322780069924633,137.74018071757254,127.79956393618437
7.278881862492947,605.6518260831347,387.61716869320617,22.774902806656986,21.137510157545307,14.930360932173668
6.059515624415048,1163.3043845605866,744.5148061187755,27.124784375306934,88.93635295765775,79.4132865258543
7.573609396941549,1067.4746211685992,683.1837575479035,18.595930670194313,25.606459711909924,18.268983097781476
6.124938975863391,1404.7873423836177,899.0638991255154,23.616762813031883,99.48336763095207,87.03938744413108
5.304849429684937,635.728736750651,406.86639152041664,26.542989969383825,92.28358790527163,79.73629125466638
5.718432892035938,349.9475939520998,223.9664601293439,27.09147424916713,59.29475327847663,32.08321973386043
7.365068134004857,623.0785855944212,398.77029478042954,26.844595715755094,22.101066803906612,10.63235463011633
6.390871275444333,873.0987398870161,558.7831935276903,25.53190741223393,59.75784753235775,37.85124900982755
6.1161988924565796,820.3744544797697,525.0396508670526,23.814962573206408,65.81294766372,52.00693736026359
6.612012758096951,662.2967363039073,423.8699112345007,26.38291589439271,35.221466838792864,26.89811758483909
6.851247915317281,131.78088935796495,84.33976918909757,21.16498635794795,21.384084396541517,12.906790166499704
7.282179171131722,964.6690486451873,617.3881911329199,21.543629578473627,29.19999072772446,17.09059170183802
7.513949460925049,1490.32056767877,953.8051633144128,24.71607136761104,46.508140057297055,33.9666575664129
6.24816194794764,962.4879333430513,615.9922773395529,25.106191749480615,61.51011654228519,53.343377502571094
5.571766619742573,1013.1974316687298,648.4463562679871,18.110346875023737,110.87013830600075,77.43557504083127
6.210574387213707,1000.3558571542857,640.2277485787429,26.093012333323315,70.5184687410756,58.82741602720679
6.6821963546080205,938.9663344588399,600.9384540536576,27.204549322717877,51.79166731317138,33.50722780448443
5.825368751652572,1126.0830884038332,720.6931765784533,24.229501668867968,110.49818001047471,119.59948682753115
5.82999435957347,938.380788414983,600.5637045855891,32.81063199149397,91.31753361978593,52.46027524800928
6.7406515170849195,690.5629906213534,441.96031399766616,22.10972712789685,44.12080850326318,28.477980133270012
6.465943353900684,521.403881496936,333.6984841580391,23.236194928145956,32.80804507078219,23.873377315214704
6.52295789678811,712.8592206517637,456.2299012171288,23.117265828554768,40.38890282242185,24.69089091377549
5.9690532657099515,909.945323757733,582.3650072049492,24.233343360481438,72.54935327240455,54.88532771773288
6.338719500055963,689.3709636069593,441.197416708454,23.349463154617982,42.318674178723924,34.67429333285545
5.853036799012187,910.0185390960007,582.4118650214405,19.576163093882947,81.70617115528543,72.16385469523328
7.12313888778735,953.7025467951462,610.3696299488936,22.587080963172337,37.982831875166234,29.501960491761473
7.224674534306627,1091.6128009445636,698.6321926045207,24.158327564790735,35.56995972615415,30.779741482989255
5.207668496433334,1248.9782390936432,799.3460730199316,28.80000228721699,186.13037738815154,142.40854353170732
5.849342397865313,827.3025964676001,529.4736617392641,32.207851456805194,69.2196307374487,66.51042050057937
5.452429521436945,342.27820219831875,219.058049406924,29.17415864247729,64.60599374346873,48.12303578108817
6.044983245915171,679.2135661132835,434.6966823125014,21.786173396145877,58.72497480585059,39.00609695652321
6.441593421146748,815.4218985923097,521.8700150990783,22.06466636280842,55.02434501011488,34.87849381743202
5.485248346211029,157.4809353380184,100.78779861633178,23.94234997871727,49.05872391629808,33.374242214357174
5.854698130812281,1286.0325820358687,823.060852502956,30.74595611098755,118.22498868589251,99.02083000705011
5.797229839542951,849.8322693786632,543.8926524023444,23.921015817363372,95.12443281946882,57.46491871652664
6.6450871305792605,933.4734921030997,597.4230349459839,19.853723783118994,47.77032364311879,30.871415763425198
6.548541035925376,1277.934261884193,817.8779276058834,22.745880020664377,60.397382375591974,59.011101977051524
5.9947837126639225,579.4500094501786,370.8480060481143,27.14969600636796,65.25536854931296,41.97466441894802
6.623774610497579,1000.9146758094105,640.5853925180227,26.914790969136305,57.56438546530265,37.390078265393214
6.117323940788914,761.5475569143225,487.3904364251664,23.799241667279205,67.89710367268115,51.061428955084885
6.309841422771763,735.5695965444282,470.7645417884341,26.89195135746011,45.219654256204954,35.18185796677367
7.671416463208976,529.7326642684673,339.02890513181904,16.54389729108609,18.515610084662764,9.220019567584451
7.438322736253244,1382.9611247902844,885.0951198657821,24.86340232261444,39.08320142614016,33.19648139429383
5.590293134150682,668.5749859735502,427.8879910230721,27.512398974790205,80.93914896572232,59.02875409674658
7.080812692515422,1044.8124864134957,668.6799913046373,21.584978536959127,37.49331549418322,28.077710203950378
7.067977588144115,143.74741438482226,91.99834520628625,21.57281512226299,19.214258306141126,7.448342312172595
5.696215697873168,1212.9959853914252,776.3174306505122,17.967431465327834,127.41408410997754,103.19481282940299
7.073144350628402,1168.2739045849705,747.6952989343812,30.06463458183743,47.11649881434191,26.13223967370749
7.576552342888787,834.101938604056,533.8252407065959,21.979461080424517,23.02396236170366,12.711889842314848
5.71421863562891,720.5701368517265,461.16488758510496,25.34365147251739,80.5149284245391,49.379014605603594
5.857748025290015,940.0000019647482,601.6000012574389,26.61370964519181,81.96893078913234,58.56781667577575
7.2123630267904515,1601.0767313081012,1024.6891080371847,29.792237821995087,71.60776971124392,44.541887152659434
6.690046717577953,182.8671553837802,117.03497944561933,23.961357791050276,21.07638714531276,13.353422670333275
6.886033392667667,1073.7095856509445,687.1741348166045,22.611995721775536,49.25420431338841,36.30419954248882
6.738412451480348,480.9339442461341,307.7977243175258,25.105736769996938,31.70646735868808,19.640023577392046
6.7734871446497005,793.028561295094,507.5382792288602,28.994280967898003,44.245569525235524,21.416083850583572
5.571469510182242,713.2419583224679,456.47485332637945,23.90439614009726,101.847445665753,64.6802042208098
7.233122394635013,650.0886097707855,416.05671025330275,21.157958214455732,24.543739546817122,16.19437639575543
7.318712994699442,796.3372048315447,509.6558110921886,19.10734767089623,28.038998401330247,16.60315905803358
6.3394264791523804,403.04009915277334,257.9456634577749,20.22545915388171,44.99813504575751,23.970466329567063
6.469566135130297,1160.2131526447884,742.5364176926646,27.525370240923326,69.37724137534855,53.12194101779446
5.428224748210995,172.0497710804899,110.11185349151354,23.37781433292616,54.8441929398534,42.10912368024581
6.859978329212485,988.9175794899197,632.9072508735486,22.373676815277513,43.15143492005471,25.984979297219596
6.900440209199901,685.7124516129002,438.8559690322561,21.994114718856203,29.10437474963509,20.676941577349456
6.456466288100482,390.1762871673912,249.71282378713036,24.797660510700638,35.88177967034346,25.74789608169734
7.287047351909352,870.8341797095434,557.3338750141078,23.661907171820456,32.28916152947491,22.68734013190739
6.266145938314041,255.06711965273269,163.2429565777489,23.544037496982618,34.83521440725935,23.819318290490273
6.8952241481255205,813.8998376018722,520.8958960651981,29.22263374733759,31.93374151894749,26.3307179584517
5.786234962915519,301.99308226595593,193.2755726502118,29.88305698651572,57.55301479509489,40.60187048589734
6.483513494388033,961.4452295112409,615.3249468871942,18.864924144818513,48.84294198138136,50.978293317494064
6.377952019468015,476.47493322936856,304.9439572667959,25.646574559000353,34.49904998967318,25.089976838343382
6.657715545428659,642.1520940397418,410.97734018543474,21.780982654825127,37.090127613502524,21.99905289559887
6.241331149816649,902.8822857801068,577.8446628992684,23.631121101486173,66.68042453583838,45.025715675019015
6.407969183029833,529.6102608552175,338.95056694733915,25.582474347943432,42.47993716928994,37.74424060893992
7.078233020009055,779.7126001160941,499.01606407430023,23.755480290741783,31.20361361769658,17.13984641089616
6.194265033933248,270.1593245643012,172.90196772115277,25.306609582196717,44.289489003024336,22.057685662497946
5.375396029482925,1020.8064612586545,653.3161352055389,26.855395721111712,138.2937613089435,90.8615335866845
7.724708732943794,1417.7198319427698,907.3406924433727,25.53101880189112,38.598272005329136,25.78992342172381
7.46701785508334,1777.2731037684864,1137.4547864118313,22.23607293541332,63.52456655773026,41.21409341845156
5.595416113426067,831.9088513332537,532.4216648532823,22.297801375603868,87.19978917881878,71.14120791106586
6.982795463671636,1075.8714492790155,688.5577275385699,19.461031461836875,43.557687205792455,24.91452171119764
6.14791766061406,176.78101448237874,113.1398492687224,21.511278958677487,43.48220657272847,23.3077504347126
6.684441050731742,1325.9570142069558,848.6124890924517,31.367239266644848,66.25026736565363,60.88935900512623
6.705956890309445,1071.679976653437,685.8751850581997,21.727987490666646,50.79032183799474,37.11572050064089
6.3359145397785746,630.6232942670684,403.5989083309238,20.32317415644663,48.03742155120386,30.97312732619286
5.951364034089522,1233.0132801011532,789.128499264738,25.619747516456705,104.71961188767747,84.20906913225025
6.016621263378618,710.9333731741305,454.9973588314435,24.11372334247849,59.883387796776496,45.57165261488952
5.8586656591631305,639.6911859449052,409.40235900473937,23.815423671027713,64.82941873014988,46.494773129189824
5.917724454238689,966.367223899622,618.4750232957581,29.431660882442316,100.03580033572436,70.85751225837325
6.452975196965451,427.8259250593885,273.80859203800867,26.42194336445428,35.5396837843859,26.123033073276055
5.998968007622474,1157.5686675399818,740.8439472255884,22.645024739037837,87.14344070038594,68.93534762500146
6.977436445998834,430.4035658256048,275.45828212838705,23.01433428842877,21.326122625963734,14.375819200648966
7.541072308735149,432.48082356188485,276.7877270796063,22.7409472013301,19.866501203829024,10.518312659195288
6.09396273104097,481.608574057083,308.2294873965331,27.5615886755309,48.26607472327527,27.34222663425678
6.667583150374764,1065.8250131306427,682.1280084036114,23.42148329691402,57.55546104630719,31.675416916564124
6.849779577212054,584.1286234681023,373.8423190195855,18.223962741410475,28.897940705556035,20.22820085805276
6.830401589643492,328.20147547149094,210.0489443017542,24.330881124429794,25.608935144755996,15.786196408916647
6.553168687541262,588.0120000224707,376.32768001438126,19.120408996052248,44.31635228503998,23.135663019092366
7.019877692851805,788.7851702618296,504.82250896757097,32.14480710614215,31.121654643306634,20.347115011375614
6.83757426687646,386.65963071746506,247.46216365917763,21.12016230153469,27.2259823152637,14.526774863323642
5.633636304370891,396.91161183797976,254.02343157630705,23.93347332124794,56.204511343900975,38.31217761468376
7.108409245072491,1538.9537169348546,984.930378838307,25.40370957145398,74.43979579361127,52.0245597469696
7.121103586086719,498.8021086651396,319.23334954568935,23.489696437622694,24.071831411089477,12.531119595309905
5.965699727074993,686.9351709294476,439.6385093948465,23.484893594868325,62.985183930997714,43.87291976829916
6.526556484813321,671.46704972025,429.73891182095997,25.97639550156307,41.51201167374109,25.478387987030093
6.978330294967749,652.5251172803453,417.616075059421,29.841755855786975,28.677601499025467,16.258576043718367
6.353480326294447,1017.4713589891858,651.181669753079,27.186281786360542,63.90261530174407,53.521277865437035
7.251084633436208,1131.8500326652174,724.3840209057391,29.6747985750074,30.51357722633464,25.237953364913746
8.154710746233553,692.9159489639428,443.4662073369234,20.836833121672743,12.993923677160462,7.975009651513631
5.9498097771555125,367.23259969267787,235.02886380331384,25.610769216393766,48.680918518235586,26.6550243654872
5.533268777792358,1246.0540797471162,797.4746110381544,25.043361182203977,157.51506055513508,112.01753071333968
6.712673016923413,766.6306180811611,490.6435955719431,25.728819520868573,38.69645063711679,29.62675916614984
7.005093753588301,1405.612635200009,899.5920865280058,29.316811897224504,54.92544704281516,60.30968729100281
6.338393538308662,100.0,64.0,23.72723797572781,28.93363976078893,13.575363221573008
7.517282464324724,868.3911274491621,555.7703215674637,23.08073821706069,21.24864973751795,15.598804369185336
5.562975940193726,1471.5122168566727,941.7678187882706,26.368932790965324,183.7339929731287,161.93046360794673
6.985043036122128,676.3575525966446,432.86883366185253,18.276290453519536,25.75469903164106,18.306642730234838
6.075897425468774,721.0773018328774,461.4894731730416,23.671017828072376,69.02024404174124,47.47343440690084
7.703564534345108,903.4290920566185,578.1946189162359,24.030308087500913,23.637513182611038,12.945842691273214
7.894760747217683,604.421463390265,386.8297365697696,21.27874484292576,13.4399517996568,8.845794648453186
5.963340388551656,690.7748237815435,442.0958872201879,28.19970653974802,69.90150489941989,42.8661698722473
6.115310004863994,681.764717033009,436.3294189011258,20.782158889298504,58.92061268892657,45.866479922180666
7.101711520885861,580.4027429507694,371.4577554884924,24.024444330726713,23.40200141410699,14.817813146900233
6.22900854514734,1230.0997925701959,787.2638672449253,25.52605028863039,73.76360546535354,65.66035336840262
6.468212147447433,961.3773113037523,615.2814792344014,29.237080465166414,59.89360646063305,46.14225935414717
6.517771894379687,887.7198812361557,568.1407239911397,24.463052477917014,48.7112946491994,32.45172930218441
5.156228790661641,1082.9998524115408,693.1199055433862,27.776537579448735,189.23676306498692,138.12024890400934
6.4903135777340335,707.4754583787866,452.7842933624234,26.952083890469947,45.35771708743031,24.60374741173733
6.017190558155078,529.0286635764849,338.5783446889503,24.932101446592,51.06545183449878,31.922799006757934
6.154814024320159,589.0814933849049,377.01215576633916,20.686703071042906,61.37700025895714,36.26288911411176
7.51054240242817,800.6240643866131,512.3994012074324,19.478966986834777,24.543354295452612,13.246078237590025
5.62044517400452,429.2759020694843,274.73657732447,24.872768904967153,47.52963120940923,41.71127771751249
7.069243630723584,624.9086441946636,399.9415322845847,22.600560941340852,26.202928096051934,18.317802468014264
6.304725948767734,619.3591753449979,396.3898722207987,27.71741382088452,42.15681644616192,29.789704726982826
6.304167882052916,1543.5946804401547,987.900595481699,27.11049781334502,104.25868247438893,101.50342228787592
7.053260327236198,100.0,64.0,23.853861519470325,16.87203234574212,9.82069050939497
6.738035906198223,737.1330975080284,471.7651824051382,20.448004766205557,40.07224642240589,27.041958202160647
6.899429098053671,1403.9928274851698,898.5554095905087,26.287574423625458,65.1980263753509,56.136393700309604
7.177729262373003,842.6455624463589,539.2931599656697,20.937176938526974,34.14285110098842,21.14018056932764
6.2680841317716744,1063.6961156973825,680.7655140463248,21.845376269741973,78.55167663520578,65.30718679115478
6.071434285844575,834.9392102849188,534.3610945823481,21.07204491624696,73.13185505100398,54.70546567168262
5.740394631409542,566.4333165742319,362.5173226075084,24.01524642321016,70.42173772468331,44.45349543751343
5.922212629014732,100.0,64.0,28.595673169246965,44.29593903953088,27.661962204527867
8.5,871.909490462706,558.0220738961318,24.48235695421765,11.644282532622261,7.484245868513605
7.371275706515751,528.5376883891631,338.2641205690644,22.948734576503064,19.543156890916386,11.603482763947996
5.554247943654385,519.8826078421437,332.72486901897196,19.160347744841644,63.73393998138274,53.68757753859355
5.574279430279501,625.3544604073109,400.22685466067895,26.43243604655445,90.91152192387914,65.65922780289557
6.837306243202944,1410.7014923182228,902.8489550836626,21.768583879249803,66.56800917666308,54.33076445263616
6.883085358164577,1641.6931397888907,1050.68360946489,24.911311667053337,105.05921938064817,79.9624949254183
6.884218684722155,876.0227781349403,560.6545780063618,23.26023484429176,38.12745564097691,30.399145588319964
6.3215309445124115,637.3314716308953,407.892141843773,27.433620268598034,48.482589917170756,34.06339313706133
6.41218201799797,387.97075389207635,248.30128249092886,23.949672627900068,37.59674561856514,19.880086353101714
6.72951566691155,963.9890565411242,616.9529961863195,24.29375775916932,43.458487793299476,32.936497892110786
6.560125104405332,1424.0169600228005,911.3708544145924,26.20011501609411,86.04163593333338,66.00060255335761
4.946489739076726,713.4308645411951,456.5957533063649,31.87429063792115,142.5220585625034,114.88824587933505
6.339140258597364,100.0,64.0,27.60956425625494,28.140226559821087,18.330215109998395
5.904015496017781,1034.5173851354334,662.0911264866774,24.189878627779866,105.0572802967548,72.33196932897717
6.622647993235958,1144.8898990075172,732.729535364811,24.51119296715351,56.566414693333584,45.765229823455805
8.5,244.95402586495345,156.7705765535702,22.66299188886448,6.9020435440593975,6.7
6.757237165832013,861.7694642820335,551.5324571405015,21.175015037681067,49.04316214281285,26.48027023438004
6.280529219679321,957.9291056476345,613.0746276144861,22.565372245267874,62.39322321388351,58.28477400956898
7.145261051384076,774.4124442968715,495.6239643499978,21.7974786270082,28.933835097979685,15.275889560324089
6.837881521046449,523.2301783201262,334.8673141248808,26.786789343285598,36.72672195735842,21.93446423427706
6.7940661433162886,1155.5780282472447,739.5699380782366,20.750817997458547,57.16177261872183,39.59192221339432
6.92479541525097,658.817088910961,421.6429369030151,29.166236964830155,30.015418540663298,22.69128757566542
7.939580495380679,280.18484305502375,179.3182995552152,27.132162342665904,11.311316880983904,6.7
5.7083780952718595,100.0,64.0,24.57175605278684,43.7114554619019,29.469270635950565
6.8315424537680185,1241.2973319997584,794.4302924798454,24.501115140127737,49.868776204751825,45.42778178752317
5.851533209012923,1015.8323917648913,650.1327307295304,22.549515416349063,109.32938059844625,79.49362233183732
6.888858852439574,830.7907414952091,531.7060745569338,25.445295439717174,34.17897962872203,24.426049398303054
5.856919441959734,645.9038771022188,413.37848134542,28.308323621230063,85.5491767075268,53.06034755835309
6.207843230476441,614.8505550289055,393.50435521849954,22.038952382104654,48.96176817248708,30.231285566304873
6.293437060033465,423.49217304543606,271.0349907490791,19.133127688784445,49.071303816784564,25.631651339033485
7.183071703541296,648.9905244040403,415.3539356185858,26.961263891998605,22.712577482564672,17.87387276861317
7.142918110759689,100.0,64.0,25.6352809098533,17.59081446483799,9.993774372032693
5.6279978364875305,542.37772128602,347.1217416230528,20.57930419495587,76.90964943033092,53.0186982306667
6.538453877699894,691.1718692771171,442.349996337355,21.933130201800587,46.52360458167648,27.38151385720567
6.003294101675579,1013.4580165166466,648.6131305706539,21.49313504082451,93.98315114955948,70.86168279800613
5.619046562527266,786.0257378193227,503.0564722043665,21.96413705838013,88.3904997641109,62.06950187552803
6.3480880647029405,1078.2230898564458,690.0627775081254,23.367110360855843,62.74040265127087,63.80448035342915
6.284062048080926,1272.1972867897002,814.2062635454082,23.567084435017385,88.29626848499335,67.98974020391933
8.198701540441865,1170.3595328384356,749.0301010165988,22.22222220726039,20.11317028462273,10.930825028972555
6.803071877752488,964.6784465824949,617.3942058127967,21.84642663175025,43.653050003307406,27.639481563704212
5.535667749472034,804.1519377132745,514.6572401364957,23.699254796282165,102.64770741379336,73.58248293511988
6.10465819708034,456.7241970552543,292.3034861153628,25.086920372008464,49.24748731483561,31.529929023493253
7.2149683068005785,1058.9804179827606,677.7474675089668,23.392962122723045,33.759907744024616,31.822488327482233
7.9619099410089476,1387.9115837775353,888.2634136176226,28.555334581694556,29.727083543770583,18.003723964434894
5.38981168143343,919.7371138776464,588.6317528816937,26.278307000472754,120.9112264873937,94.49472781412572
5.184052930402668,1471.040701949143,941.4660492474516,18.932039500994563,224.6570785715352,185.40897584757553
7.809675622760247,266.04990217862064,170.2719373943172,26.333047178948487,12.269271225523978,6.7
6.772729924159632,396.0428153271605,253.46740180938272,26.61940393904954,25.7077401769504,20.500503881892648
5.892195087686543,1099.3205277118918,703.5651377356107,22.97842761156533,96.81866264208529,67.69789610300708
6.874240360285705,892.5015735536379,571.2010070743282,19.266808444438958,40.74982501255747,29.4861982973729
4.8,1259.8237618001326,806.2872075520849,24.528233657938976,297.09953326939393,234.18401570136848
6.5023628546180126,794.5849257456412,508.53435247721035,24.473019719812147,49.520978782389314,33.13270490122075
6.72947482099016,496.2086021150838,317.5735053536536,20.574238172133818,32.82335965192704,20.83339004637686
7.146989097676481,725.2423652282351,464.1551137460705,19.420732743090227,27.615615889297846,15.965185880256223
5.790272833395224,263.5606101766931,168.67879051308358,24.193562587412963,50.04922447973845,38.72584820358068
6.559981012982352,404.9932644160379,259.1956892262643,23.684229827822122,32.422633883530175,25.278165471389023
5.852202761758289,1140.3553992713037,729.8274555336344,23.039571221371624,110.96078624251011,83.99665043889763
6.678768628972022,1105.4755950643635,707.5043808411926,24.208062428387034,55.35356211245997,54.49091291413569
5.8732575743458835,927.0514996821269,593.3129597965612,20.640282691628883,98.85034092737712,61.366902423546954
6.214329412587846,197.62286766383568,126.47863530485483,22.9781278549686,33.537994216400406,22.07078291464248
5.8029292236468395,674.558748570489,431.71759908511297,26.366637607150217,62.31556004045615,59.95820175930789
6.95579536927656,371.25003896898227,237.60002494014864,23.27510471877049,30.363886655698,13.432177347161035
7.1009157816596655,1211.7866388257178,775.5434488484594,18.648096348726067,44.59917834757524,28.281037840062023
6.33576560102981,595.6972532530896,381.24624208197736,22.8455770279675,51.684545368845676,25.10410906167067
6.52676659647202,419.9883012264577,268.7925127849329,20.75444537772599,38.514267574203544,26.832872685025173
5.48598600975652,810.4286577924986,518.6743409871991,25.434977037616058,113.88447196285749,72.22174756758577
6.290226346395249,575.9459401078859,368.605401669047,25.615930911831487,45.66514662101031,29.999009162766235
6.464856768070779,1319.3103685712974,844.3586358856304,18.69428881219889,83.26018555754594,55.12100300093075
8.334555163720982,542.8161858630333,347.40235895234133,27.15654539703766,8.893821596682844,6.7
5.721623081958086,310.27010927137906,198.5728699336826,20.607347945525046,66.4958540674721,32.620377528078706
7.524924067126706,100.0,64.0,29.95713801668823,11.167399649771205,6.7
7.197801141426066,789.2247241553047,505.103823459395,24.32928307424784,28.329407134921738,19.514524950458462
6.696445483143095,603.3244601497258,386.1276544958246,20.137622755112933,35.680151433293915,20.16991251987643
7.731034338936594,299.8833877208956,191.92536814137318,20.503048752575616,12.351644299506647,6.841487877347401
6.760473830824804,1216.2292614395249,778.3867273212959,25.71833352125571,55.82968113334721,51.529896410219216
6.77241143696755,1033.5358016002347,661.4629130241502,23.13045038535568,56.495807819598525,36.96890760083409
6.462815542887718,790.1237423719696,505.67919511806053,24.161711316336508,54.44521216953565,34.64204693731496
7.356498217693039,1277.5141854598032,817.6090786942741,30.144730814439637,41.66852550897244,29.834993805564164
7.2675284636676185,1031.8876116895146,660.4080714812894,22.052645775198236,33.201967036736406,22.53471598117889
6.062025898752651,512.0004344685487,327.6802780598712,24.709870001934974,57.21671515170839,43.062453338332425
5.5765269637808625,436.27294260323185,279.2146832660684,29.469455705805686,66.28905125292387,42.241971328674445
6.35791355382304,1086.2935405588514,695.2278659576649,25.446797164132402,81.80893756582626,53.50856874279221
5.939973004921647,938.7284347635729,600.7861982486867,18.87689042624698,84.94715708033863,62.535257716886406
6.455532797769251,859.4117187897316,550.0235000254282,26.268861541062478,59.86671845580697,41.75490553931574
7.3662066942788975,503.72576899588245,322.3844921573648,20.429489997757948,19.487285702582895,13.453932313987352
6.179888841439247,1012.7816484520139,648.1802550092889,29.423826350565378,75.9293282025754,55.185983848104435
6.470023633081897,535.5753909031177,342.76825017799536,21.619963382507077,43.9379141780425,26.17054389353491
6.540615914365877,764.3046708922127,489.15498937101614,34.89328327710983,56.29655011254757,32.311974923244065
7.0939016175436995,1306.430451235443,836.1154887906835,29.635815959146875,58.202057221499196,28.624807628114684
4.927177466210776,568.708017466449,363.97313117852735,21.711856006302074,136.73251514861988,75.92633126765186
6.075309793664292,249.4537600244987,159.65040641567919,24.570048317505638,42.58471130317147,23.340774761531545
6.647898584595631,431.60848284546137,276.22942902109526,27.137754985717123,29.856431479757042,18.23726895774425
7.340055269498803,1148.0045893406682,734.7229371780277,27.242811659793478,37.34163582269414,22.131906624975606
6.155668286745656,889.1558980830733,569.059774773167,26.04817690991669,62.997967798007586,53.403924992137796
5.186413105770688,754.8929174589363,483.1314671737192,28.882556629381384,128.03722663373105,91.68700631671594
6.933798012176295,621.8171681409507,397.9629876102085,24.069608686779706,31.442243722876615,18.764826464056917
6.05524632782206,969.8759676436165,620.7206192919145,23.216488159983882,66.34951559252092,50.44219832811394
5.6672333386367475,502.8133021534218,321.8005133781899,23.28597604226386,69.04944574303131,46.307116564951656
6.062958227200744,906.9829490249085,580.4690873759415,27.504306311902447,77.48926523555761,39.82188897454755
6.370832249640905,544.060900915465,348.19897658589764,25.778133641059263,42.22888807387862,27.17010692519911
6.076678734823251,485.81921515373114,310.92429769838793,25.519492829915897,51.77408644211396,33.0545488367171
4.9561037600306515,576.8793978112459,369.2028145991974,27.28331987240014,109.93340157530652,92.4483431347777
7.127946337820992,668.6073937306134,427.90873198759255,17.321316572511506,25.436980506606698,14.498310298439087
7.392412528895106,782.9095574232039,501.06211675085046,25.585240883563028,27.47826706915367,16.419171170885804
6.956065393937654,882.40952828889,564.7420981048896,25.264991111058006,37.76119693447797,22.62092254859295
5.703620030702629,100.0,64.0,30.34082828455247,47.6910351921026,25.888655574185147
6.358955926236737,517.3223047886323,331.0862750647247,19.149942062077166,39.82925463467882,29.43900636768274
6.495435079339379,662.9505079253863,424.28832507224723,29.950153213318654,43.39310614565201,36.205842876364464
6.919156072693337,1326.7717135129155,849.1338966482659,24.76393195123633,47.260493789510214,44.080769707315746
6.967838342102657,421.99908706625376,270.0794157224024,26.21146335731016,26.480845221124845,13.533226511851758
5.986078340855053,856.9788163349693,548.4664424543804,30.365715756632817,89.03561667057488,55.30896241183888
6.5573968894894925,1323.2606084075433,846.8867893808277,26.462664438019505,68.91861429359759,65.08678963345122
6.820096283230669,340.4610145184545,217.89504929181086,25.901289013118962,23.234873249926952,16.377465242873054
7.519075625502737,937.8913290525409,600.2504505936262,25.348019150308115,27.333014225683,23.682352398549682
6.9931545778773065,519.2048581229178,332.2911091986674,22.80782652751968,30.118105479885937,15.004842748250118
7.052339681162863,623.3781901987679,398.9620417272115,24.400288064213626,27.702482258406725,18.02942103119586
6.5586786395505525,518.9112081163399,332.10317319445755,21.99570531857038,32.33066203549834,27.6289243884759
7.487321401642452,543.8499420544399,348.06396291484157,24.344015852010813,18.33379786510306,13.355816462977627
6.786833957171648,1752.6692517672725,1121.7083211310544,16.324242560307162,86.71286811767533,63.59732435563186
5.897238462878501,1095.559555225083,701.158115344053,26.00163848648642,94.26569248700451,76.485381035976
7.482358979087634,1185.6082516251731,758.7892810401108,24.07391961175731,32.94024184273258,28.06755106289797
6.98853229077732,972.1977203927736,622.2065410513751,23.323286921666323,36.760022757523316,38.4277279943946
6.189869185210062,237.81012405931472,152.19847939796142,25.269153293790502,34.13891241385039,24.414095631245413
6.16435492282053,938.2352896131575,600.4705853524208,19.48252626962096,71.72687345862299,49.34012633180426
6.707602881598533,1175.5253650775712,752.3362336496456,31.25244498817449,60.58688947116242,38.87241444246929
6.824229356687309,501.310184086311,320.838517815239,24.1403138847934,25.692801769253503,23.610869731858067
6.638104585941845,1137.8643335063944,728.2331734440924,23.989544484597335,62.63362312979983,48.08754890550837
6.717916071410019,1046.5176734489276,669.7713110073137,21.12111326453477,50.53550058417308,33.85204156015394
7.689970162203466,1448.2140156847845,926.8569700382621,24.583812338572415,39.56449395538959,26.452068139219204
7.25008020656442,653.7759456202334,418.4166051969494,29.354359615956483,26.466993637492074,16.027626982069712
6.633444913885517,415.83615620349565,266.1351399702372,28.12570673301212,29.638105717144075,20.57797763778417
7.158917406537238,673.430161719609,430.99530350054977,27.490532128991948,28.384706134673422,15.350165268422627
5.777233267530723,1302.449847607268,833.5679024686516,26.41239633083545,122.68375268788347,99.65148140867585
6.778548934962767,160.05794170531294,102.43708269140029,23.245101153530864,24.99412859881419,10.589857483779522
7.766514444813177,100.0,64.0,19.424428915371543,9.391823658224242,6.7
6.3473678732253385,831.2883476260646,532.0245424806814,23.796364298466777,58.27303046229697,37.755871110736784
5.906656249966641,645.0937475290453,412.85999841858904,23.67444987413213,64.62538349051079,47.70163541253297
6.043537777984858,802.7047626114896,513.7310480713534,28.170780538849343,62.58554457692712,57.177753026963366
5.7372568738603285,1130.8591199325529,723.7498367568338,25.58286654860937,126.60710514338425,92.97863395672098
5.950666664310607,606.6007288584017,388.2244664693771,30.14309034766242,58.05794860768461,41.20201995568631
6.24064433098698,144.4479591742828,92.446693871541,28.69120989013361,27.71852467665038,19.846984822904908
5.516103086574951,1515.5685450199803,969.9638688127874,22.902265366735666,149.89732951566447,169.94479682864116
6.5109328337647225,450.97009939642834,288.62086361371416,18.21704781183046,32.50032808878724,25.6428804581703
7.131594021650653,429.3370072957659,274.7756846692902,29.349513318795182,24.811958880556045,13.619228798597607
5.8645706738971555,1186.3020048029089,759.2332830738617,29.257848281307606,125.36252328139079,81.9089230034262
7.563498746549238,665.4288076354687,425.8744368867,19.71825943184221,18.49728499950739,13.736696258475426
6.8575544619693165,777.8135517878162,497.8006731442024,29.782340069396252,35.62294302625435,28.202456109676056
7.22140640993684,968.9765434211113,620.1449877895112,25.837410097073814,32.22137305665073,19.502015482780806
6.039515812303504,1179.2540860884985,754.7226150966391,25.062399243439785,86.24209317158538,89.62634848845383
7.098167658946631,683.2887573863798,437.30480472728306,30.151741389865645,25.93872215688248,18.859114042096564
5.735646269723281,1331.9832020700046,852.469249324803,29.20639810630715,153.68534461512803,118.21671965778798
7.123173250585556,100.0,64.0,26.779658331983214,17.01140070993273,10.167650134552416
6.6202875378554715,1065.925532933577,682.1923410774892,26.15625973034194,58.72212394912018,38.68239084142572
6.887275853989348,506.16535469381995,323.94582700404476,26.65738001685626,24.83887970186095,19.509419811934755
5.677083776062604,1280.294960812797,819.38877492019,23.09979898141116,141.08450037987694,108.2254462664843
5.873451110406377,849.7155675906909,543.8179632580421,24.30714492593688,65.80033018872064,49.590942365262826
6.91805975277737,564.4831337967095,361.2692056298941,21.3418899589191,31.313112642084523,16.25671677366224
5.83615639704306,1031.9943825575715,660.4764048368457,23.334360784913784,101.29096344155376,79.74317880352999
6.824244404469386,1112.615921522538,712.0741897744243,23.216781424658734,45.44424170828176,33.15499770585741
5.543003535477828,1024.6629430005235,655.7842835203351,22.276431206324173,141.50150797689224,112.92342455567322
7.093721948866667,439.60631612842883,281.34804232219443,24.97861275926962,19.23113499466863,15.720438236247743
5.637233679662044,630.5940067322704,403.580164308653,23.36606702254798,83.08738151975298,64.40760849876563
6.886609956375667,798.5745070074977,511.08768448479856,26.257821521231907,38.71876421688937,24.84349529211729
6.9379416535522,785.5591215724788,502.7578378063865,18.821877853471822,31.224500661656144,23.84476589319334
6.0122597270992975,1062.4109164034217,679.9429864981898,24.10325822062445,89.02812486812904,58.50984680444651
6.9074185969593085,100.0,64.0,24.960430740621234,16.373930221567292,12.08349777851559
6.682309584333489,917.0144690937262,586.8892602199847,23.412797660570916,36.695410298843726,34.569297393774896
6.122810700665084,698.506525947176,447.04417660619265,23.89662555066769,53.38117599031405,43.11563622148703
5.794011721146655,506.52478426561674,324.1758619299947,18.9516389624455,59.41022063580446,51.25944271676216
5.126162015829195,540.1296277806401,345.6829617796097,25.747669866343223,112.57715088212733,70.0825602652701
6.744755033109786,724.9118174187128,463.9435631479762,26.766620938984747,38.40072640716293,24.859052390756894
5.404638060046562,100.0,64.0,26.227380529713184,58.1109050147981,37.5586717392617
6.566740939608915,554.5486502229576,354.91113614269284,28.13554470804764,33.87548287071592,21.48538923947285
6.3155862487424255,493.4648113737973,315.81747927923027,25.205353620238757,40.29005616387254,26.723742448359666
6.975399942806737,986.4741232629185,631.3434388882679,26.17538413227828,37.60664610462467,29.95674152154215
6.288568150357095,518.0656611213178,331.56202311764343,25.046317584598984,39.435331511217704,27.654315569524496
6.269386549557036,724.7101699403286,463.8145087618103,26.90642751857373,51.27815550339773,43.005030806904124
7.012309493001807,1339.7968196814559,857.4699645961318,18.979696273537574,55.585329639557756,34.67718690152208
6.7345406203588825,1148.0230319353982,734.7347404386549,21.372466612076963,53.85805599139522,47.10433325101472
6.721309170027944,1115.7949899802084,714.1087935873334,30.054148799615817,54.02054418431197,43.50093174779484
6.828487312865969,625.044649356202,400.02857558796927,15.888474622663281,34.88980258104012,19.683863096137692
5.4250995137550255,990.0612977513783,633.6392305608822,24.009377245611297,123.01625396506016,89.13030458694672
7.029752075990888,718.1357698412421,459.606892698395,28.60296235862824,27.187857086567043,15.654547815635661
6.928728155809521,731.3673762630717,468.0751208083659,24.173587670603823,35.30954176775512,19.992637104277655
5.788321809996452,943.3898703112924,603.7695169992271,23.08246124992256,96.76692819523218,79.09356197374066
6.329143668428059,591.0522440526736,378.2734361937111,24.952975868853553,47.23254028444331,30.027664287491284
6.4724848986606585,1322.5510865551212,846.4326953952776,23.264079369991435,85.67592724206386,71.45866078272722
6.405852250918787,743.954451140722,476.1308487300621,24.60797322464929,51.99657302869809,31.54535246175794
6.733701976597974,1016.4261981908827,650.512766842165,22.108166372179546,50.458576512065235,38.616482774135
7.501956747281828,1309.4601677400542,838.0545073536347,28.380360469845034,46.64617255241163,24.72693528547954
7.25723670937098,1161.0788211013114,743.0904455048393,29.481427223729813,34.73097949374189,24.673332533464627
5.581446564598016,306.8783140583164,196.4021209973225,24.03313387260932,57.973795444425775,39.316649290290634
6.9354489932142345,955.7135632534595,611.656680482214,19.64728702758065,44.83685292162804,26.133724497055596
7.430253323674787,1097.7517880612263,702.5611443591848,22.666548903903116,32.894485902274475,18.67007761054903
6.770765964482441,1112.1520577562621,711.7773169640078,23.856039689639626,57.3498961522636,37.77393305236538
7.263686297630176,410.3468080598791,262.62195715832263,26.26938606916123,19.79472010065705,11.700514810721653
7.908589311990536,570.0376670439366,364.82410690811946,20.971953718902625,15.930475867374533,9.559397148547184
7.216596682274887,1148.0953825095676,734.7810448061233,21.807931884752474,36.27661704964651,31.266490472673542
6.674516016949211,533.383870261074,341.3656769670874,26.287366482505824,38.124733649440934,24.63817236519035
7.231561931859328,695.10638016749,444.8680833071936,27.78618091213845,28.892331795909975,17.88645972010058
6.601421483167824,1351.5565333256893,864.9961813284411,22.324420841902604,67.57035088120695,60.52173721353863
6.516732130299469,783.2702623653236,501.2929679138071,19.833740311171514,50.487101661151264,28.14048902026321
6.2540100350003875,545.6290517581549,349.20259312521915,35.0,46.26438700475053,31.003064478751984
7.594389351182476,492.83392509798324,315.4137120627093,27.241564829810496,15.583524815210312,10.428464774319064
5.927099933840599,916.4517653548157,586.5291298270821,23.565486833815388,69.88178017728355,71.88078367087343
7.572657407274681,333.3981970329769,213.37484610110522,27.54160946435794,13.172747331686743,8.924490530366128
6.84990488661826,713.4324126362536,456.5967440872023,24.064401795999522,37.301636613337635,26.379628049108362
5.520485677638641,916.6306872465076,586.6436398377649,27.535049111850654,120.96243169601144,74.91097711054734
6.757354505093995,1254.7024371916837,803.0095598026776,25.057876192216778,60.40864773395518,44.25437998026212
5.029981444643863,1033.6418281294984,661.530770002879,24.819451643586508,193.43812534757876,150.58958766036503
6.937855611781725,550.0772087062375,352.049413571992,24.10246346119224,30.741672446211478,20.176079234243957
7.119662038092294,1212.446761147302,775.9659271342732,19.434165332879186,46.01214191510059,32.14254310197039
6.085350831043563,695.1697368583829,444.90863158936503,31.28333214787599,56.475785992322635,41.07615458543798
6.586483387168908,367.5039422827069,235.2025230609324,21.204631279062898,32.1343158098296,20.551323753908182
7.8679102036252,739.7855242570846,473.46273552453414,19.73991748291292,17.68733220488008,9.11655275593465
6.145977307016644,1303.3592204009956,834.1499010566372,23.754990410352715,107.54462895637111,95.71010225794073
5.75876468906038,857.8340175227238,549.0137712145432,21.134848652713227,96.59286269290249,58.80206298501565
7.537164381723819,804.3826525154252,514.8048976098721,24.31900523303905,20.20104685582504,11.701844467317681
7.873811033371556,1373.0240756459987,878.7354084134391,26.90717346996619,28.786769461169843,21.437864745462832
6.5025869702934935,299.02580353095055,191.37651425980835,27.98356015185228,25.87245481181299,22.83128720579595
7.208024124785849,350.0403100815297,224.025798452179,27.351557525675886,20.574450532309946,12.065195623130979
7.439033140871617,234.45373516160873,150.05039050342958,23.430287808250117,14.282309203787449,8.935519263569788
5.980261037223131,930.4268652680194,595.4731937715324,24.67357139681555,84.27907822815803,59.455407180050976
6.1602859152424925,858.2725944902936,549.2944604737879,25.927576678141218,57.94158817203096,46.28255778629164
7.361612159208314,1339.9577285479218,857.57294627067,18.347744016202746,48.56310363952139,26.071687386896485
7.679509995095956,885.2162769978696,566.5384172786365,26.497046450419507,19.900763829433597,11.010583310718348
6.894016602122048,658.5449941822441,421.4687962766362,19.39945249345659,34.539434055028536,21.192407843182217
5.884129952548562,800.6282055073375,512.402051524696,31.641213096172713,77.9915774132493,64.04659992528956
7.890942778189609,841.1975964613354,538.3664617352547,23.084197203754066,17.93905818360557,11.911748384492098
6.128320371531625,214.88355433514153,137.5254747744906,23.85293687981893,36.65088775729345,24.757661656691738
6.265403553179984,1748.6160755172127,1119.1142883310163,21.806025152667505,131.52090021960862,144.74470031593557
6.739636484142735,981.9548563356691,628.4511080548282,22.295104888505087,54.689772235073,35.362503324173
7.587912294500342,873.5029078079061,559.04186099706,32.459327492001336,23.53822675268475,14.957168830123418
7.097783183586556,1015.3073944975031,649.796732478402,27.79129391018154,34.20294309496982,24.127001027746765
6.790405850253338,1048.2938432053118,670.9080596513995,19.077791441982566,47.97657679321843,44.526186615198704
6.824301971082674,750.806280074149,480.51601924745535,29.764745152398305,37.2974759317271,25.895532088705686
6.530460268050426,579.0656023157549,370.60198548208314,28.67634796299501,42.4415431690594,22.734825311314268
6.890697660162955,1009.8077402125964,646.2769537360617,23.51575638199099,42.14199158180228,27.202029399668508
4.8,934.9987941860084,598.3992282790454,25.573439297104432,184.7091694262241,177.89042940074637
6.2923747786511415,516.5384653187072,330.5846178039726,24.44769572202624,44.05475009892222,25.35513780693842
6.668925354441747,1296.6624639785423,829.863976946267,31.404029665564263,74.05354697850262,64.10605706643196
5.694290141466345,902.6732127130442,577.7108561363483,21.712984338527683,85.9302862263321,52.54264325508905
6.770426322468092,1055.4367767936708,675.4795371479494,25.011037134215044,53.19275359772453,42.579340984233
6.356870145309715,1287.1723106879717,823.7902788403019,23.001491341525185,81.67854195892062,69.66687739445298
7.728832988820843,807.6610874076922,516.903095940923,19.484358583837512,19.358004000381918,12.725320191733703
7.6011138076504,910.9332024444403,582.9972495644419,32.17073389269245,28.978766288657745,15.356910273032565
6.1739361016172865,1083.5095334771408,693.4461014253701,20.364516973141555,79.41188260450537,75.0608751444696
6.394413601903313,546.2986206699817,349.6311172287883,25.270452156207217,44.92569927306533,29.54319714580513
6.448236704074125,818.9180819961003,524.1075724775043,18.407547877668826,55.320747661942065,32.16740404426844
6.183838366688264,843.9420053279019,540.1228834098572,23.103253112649174,57.749412211793675,37.29770215485265
6.636517488819688,465.3795069108119,297.84288442291967,25.9768908750171,27.456832437813247,20.834039970376143
5.969202551778687,1611.1728760358574,1031.1506406629487,21.61343107174173,164.87834426659975,130.71095515362475
5.708569265543732,307.4472947776591,196.76626865770186,26.553806477574792,50.453918953802365,30.180817733396374
6.935897856730188,345.6636337094948,221.22472557407667,23.558356178391712,20.054453017106873,13.883465670118582
6.940670708955268,1259.9793014962527,806.3867529576017,28.560288793395145,59.43244297423424,37.330015560851564
5.936978968238005,1049.6431877787898,671.7716401784254,29.266163196690783,84.96634486875769,70.3628559092787
7.12674880153382,440.91231388172775,282.1838808843058,22.44639333744496,20.649265582749592,14.534170714228202
6.057895589584268,1012.5511552855925,648.0327393827791,24.76856500787535,98.96207655157106,72.55086899380984
6.677215666626587,1313.7476557490584,840.7984996793974,25.142089792652815,59.21075986599728,58.24957974256257
7.074240808828719,789.407929841055,505.2210750982752,26.667722534021443,28.297930228618913,19.171127006012785
6.4764712047074005,1709.5880150261037,1094.1363296167065,24.55033698685493,110.40188657906656,101.50205670332505
6.818318638498794,196.57836619618763,125.81015436556008,25.165738357699947,21.73497317692554,13.032658508517843
6.1384992492787,1042.8382088506858,667.4164536644389,23.64807733821708,73.63185003816571,50.855498933216936
6.362473391600332,1208.2849176773511,773.3023473135047,24.903339534402065,70.95390103002282,62.688576903923
6.355898398383761,1111.9703655618364,711.6610339595753,29.042790677372963,83.42580994407315,66.71974230605684
5.9773951574218325,728.475495674023,466.22431723137476,26.761291344241492,69.04674229114336,47.18139451521276
6.376258085818953,698.3454812960977,446.9411080295025,26.954394738051793,51.56349600256752,27.401433070304552
5.415967190795378,955.4508098805401,611.4885183235457,27.030746134474523,124.04572902806575,96.30532955270631
6.156192377000527,1085.5140703282243,694.7290050100636,23.961669277416377,84.29508743091837,53.38313727499053
6.300587154641231,1010.8657026988271,646.9540497272494,25.615894652528358,75.07139014307621,55.386971949980854
6.320674173253234,1164.0202617776863,744.9729675377192,20.701892125824894,71.30835348752377,62.519776936528004
6.330951787890455,443.39551502664267,283.7731296170513,28.94082679710935,40.930502243196415,24.964284833337192
6.45676506009791,720.2801573067279,460.97930067630585,15.0,50.09437196707099,30.458891531847616
6.835609062660245,470.99442375668605,301.4364312042791,24.194980626826013,32.568275511755175,17.077422568856594
7.112161951892766,664.8605283698504,425.51073815670424,28.49313592002596,32.958544621259364,17.522146445780287
6.045164341206213,1155.3273121350069,739.4094797664044,19.726462232297305,95.60326570151824,66.56476231236492
5.657759401227599,837.79437225383,536.1883982424513,25.89922971165898,104.75633564708426,58.7886844256392
5.770568911429828,1712.4007071024193,1095.9364525455485,22.117317436973405,151.90480581020893,196.5333160257677
6.158957955163551,867.692228516401,555.3230262504966,23.20918857183896,77.32174775752719,45.59747365946554
6.253655077528443,820.8921582029077,525.370981249861,27.810793362238034,55.995340774361686,42.65981396208874
5.96100275366178,837.1640218040757,535.7849739546084,25.193199240598027,73.7396088532056,55.78213657804792
5.592718335025074,576.7669574990224,369.13085279937434,17.37975446240473,81.03657832590609,55.85127417997848
6.180715420768069,779.7571856678422,499.04459882741907,21.082510610939405,59.97030325024388,36.97747871162527
6.62699863407978,1194.725809489076,764.6245180730086,27.913675072110657,65.32943407515309,39.275468530379285
6.916520626084895,839.8897338447204,537.5294296606211,26.07129951367549,43.26901531188562,23.427611934049807
6.109803862824175,522.2890945407851,334.2650205061025,30.618474503834996,48.79885139502342,34.873759797421855
6.210901524499596,476.2203828324777,304.78104501278574,30.38926657904654,40.693281493163525,26.785340061807712
5.8513111838068825,642.4293379169549,411.1547762668511,23.302142044486228,80.74036542066004,45.238655270482425
6.477992580737657,825.8522020438081,528.5454093080372,33.26133231774321,53.51232537940975,44.87387444273228
5.90609995606643,1217.7552874166918,779.3633839466828,24.585678844481688,133.05760072232331,70.70847404188116
6.90118946926884,330.8289755217471,211.73054433391815,21.13066012956841,25.615105944536722,12.949305406272169
5.249893455646122,688.0608027389353,440.3589137529186,22.28226046931298,98.24594618708687,100.3223958742131
6.248259229283276,850.5085068022776,544.3254443534577,16.601462131487033,65.55047396524238,43.26468933207149
6.7107751374342195,158.20298132969788,101.24990805100664,30.124566528872485,21.206804166281657,12.446032602485268
6.6286841614257535,508.24060096175776,325.27398461552497,30.08166696165352,34.07333011083964,24.6898976630681
8.385123564786348,562.0390110923348,359.7049670990943,20.945723964153377,9.739742778959387,6.7
6.744860017197535,521.4103691523255,333.70263625748834,23.70240499066333,27.25852739567847,19.168527789188733
5.797161782210593,867.1613407575766,554.983258084849,24.834626404394022,81.14473502368824,65.19172802518072
6.433175027037649,743.804136674371,476.03464747159745,21.138764317502602,59.85675075291521,30.7174647383859
5.256627566573484,605.6498640896373,387.61591301736786,18.357142890550932,104.6343354856156,64.8829713792234
6.443580175492268,949.7869192934222,607.8636283477903,23.763748386780808,57.669377850273065,41.11123769452807
5.916860760099469,1403.0761511761875,897.96873675276,23.376221996892635,155.0067555156328,95.51838294141471
7.140773192892113,1373.7397808596133,879.1934597501526,23.140560656539286,49.957313783734136,38.73770954608261
6.1153218077831255,127.02987977818225,81.29912305803664,25.279506219103375,34.69382303649892,21.92161951195076
6.418263858943328,1001.9752643422988,641.2641691790712,29.503318804840973,68.6400806494085,49.80217434834971
6.0551095110169175,737.6918484776565,472.1227830257002,23.43917548107896,61.86033448128172,50.81054399720342
7.717195946297332,854.3043700028747,546.7547968018398,25.09655049552477,19.6046103806116,12.759885541906518
6.275130063717461,660.600938260108,422.7846004864691,27.044046833107277,41.30936301844172,36.22227114725426
7.782789930435441,841.1560204605208,538.3398530947334,26.439500242794622,18.134671706156812,13.219885902758229
7.0699062334827865,852.9925886252065,545.9152567201322,22.349517664432554,30.973189589861693,23.35716068056911
6.83744670913477,597.3668849278769,382.3148063538412,24.837319930899124,32.15929169315421,19.125118014677117
6.758113203122264,486.2713582611867,311.2136692871595,26.416389370591688,28.674376788231434,16.8419613904035
6.775658108751376,642.9565110831805,411.49216709323554,20.550770318712278,42.19808766869843,23.71908939602199
5.150629194458073,881.990742559868,564.4740752383155,28.92238653778778,129.50597253137164,89.72883417609235
6.3047816240944705,1009.6487195894924,646.1751805372752,29.51056116824939,78.04682414611646,48.39035628734075
7.091610579829025,1098.6721420690512,703.1501709241928,21.970269105944272,42.554313574366425,21.857013339027926
6.4657719715681266,627.0334919265806,401.3014348330116,25.17784506421859,46.13572261770098,24.192259634228698
5.516367107237498,899.3455985559578,575.581183075813,26.74797389834861,118.67016573329005,75.0045508689414
6.463316884595772,1136.8759071836544,727.6005805975389,22.590350452849364,55.94477590920065,57.69168909018577
7.692873861378844,1207.9582133004449,773.0932565122847,26.18564845990833,29.58022972789467,22.175767334398557
7.3728242008743035,779.4085010539673,498.8214406745391,25.07139469202258,24.6587200813451,15.188645505312495
6.456597193443778,722.6738962711356,462.5112936135268,19.362286378264198,42.426707784826135,34.51408943882542
7.1660144939406605,866.8934818427373,554.8118283793518,26.107064605924954,33.26731850248866,23.42733113813556
6.243445085742364,397.602384485908,254.4655260709811,20.649501543051375,47.84098788752832,25.442639817277573
5.3072898892212965,732.2366711375722,468.63146952804624,27.787209980817167,86.62470290848603,69.07930620993353
5.852873808309312,1060.6052394655953,678.7873532579811,22.15076123703139,95.4868771284412,74.370580488425
7.594022137955738,1024.6814953052954,655.7961569953891,23.935500982185992,23.985836413574745,17.763902430284602
6.308204842719487,705.4063384726388,451.4600566224889,29.30297619706301,52.04848571353647,30.42347056139753
6.329631214437487,876.2013703805083,560.7688770435253,26.237335762850957,57.80610510549908,43.76048229157015
6.2901132626075835,511.3723808982594,327.278323774886,20.72184128148909,41.44628602820561,29.385774476922798
7.832895612701105,1046.2222518787587,669.5822412024056,20.947792002203208,24.521248460264438,15.990049069434772
7.638171240753444,772.7624973522344,494.56799830543,22.40244023981696,24.00697575918934,13.395763430070843
8.053146163413693,703.4169919063517,450.18687482006504,25.88125429174833,18.23109568896694,9.323940437163118
6.388668352719964,673.3966573673147,430.9738607150814,25.754049352264687,44.197695767513636,31.02401515169404
6.706937142122967,777.9871465850497,497.9117738144318,21.54914193367996,34.84495845716687,28.291425397175114
5.438350215405446,643.2428242738146,411.67540753524133,20.414766800349742,97.587213676489,62.85094653331559
7.5338540982827915,1030.3500626008972,659.4240400645742,25.48554191780042,32.78884381152649,17.746026925308467
5.682554314112446,661.6507581943367,423.45648524437553,23.863489769734432,84.87709782230186,64.39376979819134
6.65174289463384,1357.5374336095833,868.8239575101334,32.05025560606708,84.86158298975653,44.511298985874895
5.73188823065701,1312.8236762184833,840.2071527798294,24.628112797970775,135.48954048282982,124.1906662136261
6.0877932212829124,487.9597785509234,312.294258272591,30.84988489695096,47.065979684993124,30.3546491883499
5.91391629826521,824.396494300248,527.6137563521587,20.40365740663481,77.96915339199057,50.678719599257484
6.074487317526928,572.2701825323318,366.25291682069235,18.993754711534024,52.70477988682489,37.42341402415677
6.122614107795715,685.673352883986,438.83094584575105,20.57970203616063,61.88089515988651,33.530594849326754
6.116211843552446,1500.849613675679,960.5437527524346,28.66195423508713,135.50108309558075,93.09996291727468
7.083333738246215,692.3500040094702,443.10400256606096,30.64635556392737,31.78312178048112,16.77070081442459
5.726596044856236,926.0791129771001,592.690632305344,21.76237191116578,101.93999728101721,70.41432620572486
6.654378998909706,989.4624529028974,633.2559698578543,22.888018895841547,53.23737024454652,33.53448896109128
7.352571406613891,449.77971963086577,287.8590205637541,20.40856681425625,20.36414146436354,13.537728554152205
6.140762544840623,500.7165839567783,320.4586137323381,18.159260535085643,40.431787583395575,38.98901173149702
5.997456776476679,377.8921700071584,241.8509888045814,27.014440942218204,49.02228264518553,24.475779786032916
6.338632762373824,489.9102431357781,313.542555606898,25.28057106036757,41.658222531892974,28.42168291631499
7.325807645852497,100.0,64.0,24.536707939358564,14.264769852978851,8.48985935942072
6.635875341667351,990.6038402777698,633.9864577777727,19.59980211992817,52.39097550077126,39.80107577383647
6.128149993774681,1518.9678444396245,972.1394204413597,30.23984838640031,129.97306470031592,95.87949760900506
6.8387136558316275,851.7372586627845,545.1118455441821,22.738251416826845,37.95966899288804,26.309589481820453
5.728395495114504,304.3058992307874,194.75577550770396,26.367692486857667,60.78784374340747,32.34452618825274
6.976951657310064,575.0282659850182,368.01809023041164,19.409035081643466,29.263937941740007,16.771343399614384
6.786025115391237,639.3931042412511,409.2115867144007,23.833161836329868,34.694180936857684,19.23488128739588
6.284534070202781,443.8453279753185,284.06100990420384,25.519810596835043,38.77810353982776,26.097343285930485
5.912989941086939,1101.0639234383048,704.680911000515,25.644763263186576,107.36963176015446,63.95071386745265
5.8793233544015795,1083.5910155313668,693.4982499400747,25.04126990132819,102.40456586150586,74.82136139044269
6.874372135442137,395.5918721638191,253.17879818484425,26.230828722170703,23.890119921191342,13.469038807448042
7.360286351742343,1053.7783655566277,674.4181539562418,20.543178403884635,32.65526797188511,22.968348957249223
6.0538845770798435,1334.3844322520429,854.0060366413074,25.19080411903881,117.94350043046411,82.10349338230276
6.820870692486039,1465.895371830346,938.1730379714214,24.89815189218097,75.11773229664912,57.56678305963164
5.039081086978552,1802.824208080087,1153.8074931712556,25.310854394682714,300.0,390.6724265325296
6.09076758853996,484.3025726948809,309.95364652472375,24.753208260617136,49.93173493972753,38.89152538406636
6.4782587469903685,1788.477149238321,1144.6253755125256,20.043755291303107,135.9505102713235,79.5147657255261
5.863221608112717,676.0277640219241,432.65776897403146,19.88770086761859,78.28743266359541,44.07340603274133
5.844445537647283,592.6370906168199,379.28773799476477,16.75006134940407,70.19806949341924,43.21239161685348
6.03255431047178,914.4753312072459,585.2642119726373,27.361370784458543,72.75698638068869,58.73000635782566
6.704534909828461,596.2785330674457,381.61826116316524,27.396801284073195,31.676542587706948,18.579512857170837
6.368869687115538,939.6654492262842,601.3858875048219,27.45242601927742,58.35395405883979,39.050240577097455
4.93323813667252,337.97298429194444,216.30270994684446,25.573764868615083,121.53441080967869,70.61077926841563
5.015509893155453,716.436589277798,458.51941713779075,17.034082737986612,138.95664070965083,101.63288272181494
6.0751943754999775,1249.9537820265878,799.9704204970162,20.906513278751568,123.30394899420901,82.70652614860975
6.820380610237486,780.0285479990954,499.21827071942107,25.096453961575893,37.556204065706154,26.611223761148203
4.8,849.558525358959,543.7174562297338,24.974313009771283,175.17449062677406,145.11389004764553
6.150188876693859,966.340511651059,618.4579274566778,23.720381253967926,73.36915252718444,54.99040456644721
6.131626500437806,1209.731570261181,774.2282049671559,25.791210210178864,92.91486169151293,72.70821765825144
7.471836444745914,220.67135073369843,141.229664469567,24.54078097689836,13.071783355752343,8.480687768635711
6.2304847318009955,1004.5834181431021,642.9333876115853,24.922696629429765,64.88201400362865,40.705764867347014
6.76809228931865,706.1513012653829,451.9368328098451,22.263271335087943,38.612191639818754,28.93743439231784
6.598879998061224,858.3232633591435,549.3268885498519,27.937038451425565,52.95216662351179,25.664306296078486
5.00860346413496,1170.9825594168317,749.4288380267723,22.992299369618657,259.08314915975603,150.8418938480839
7.037745051642216,382.03467200585453,244.5021900837469,19.842728209427808,21.547006169460182,13.075807793732904
6.650777553819402,445.5744454949187,285.16764511674796,21.80150345513445,30.61080434585584,21.313055872999314
6.855788047772212,122.59951410016777,78.46368902410737,23.28036833023307,18.80781995010704,8.16602294339645
8.5,607.7943703826783,388.9883970449141,27.979009759290964,10.426699213788924,6.7
5.041120942350988,1265.6513205325857,810.0168451408549,24.352062005478224,237.52062362293324,203.260543456247
7.707287654832776,757.7944840342857,484.98846978194285,23.848481233620227,17.85288308118246,13.52298195851122
6.298786736419751,330.95628652082496,211.81202337332797,20.129678013330803,33.93773353738783,21.18538216031843
6.7011302330821065,630.0124393987335,403.2079612151894,27.249189064403517,39.42247546130984,22.623972997570757
6.4681414282891305,279.24840377828195,178.71897841810045,22.21816746091815,32.153033315143745,17.57791238866604
6.203034566621369,406.1848643940934,259.95831321221976,24.149902493705323,45.481882612716305,25.846194084108696
6.101116950232869,936.0866185922996,599.0954358990717,29.680640769086526,68.66991095318544,47.98008899526546
6.730656114901106,389.14433579288993,249.05237490744958,26.280671658672567,23.808869960556176,15.645156779701466
5.437978412329825,1189.4220068211557,761.2300843655397,18.80111083299689,141.45461145023623,129.75897467772134
7.025405417265236,775.1078982093824,496.0690548540047,18.30671417276635,34.62773577190408,21.639280760116648
6.208663916580322,829.9581463805839,531.1732136835737,24.27491342458264,75.79719329744056,46.40085977166064
5.70895146267175,702.569461337237,449.6444552558317,20.255407847938184,77.0876411954929,58.05671226483447
6.18499099940293,1070.496743490303,685.117915833794,26.769913616715492,97.7317809373295,63.93202373409257
7.380004451803801,1074.1059607219538,687.4278148620505,24.64792072737743,35.58227816100843,25.00127298580098
6.125265439088643,917.26902316926,587.0521748283264,25.07884669158352,63.25594915301889,42.4331992781031
6.750917532746734,997.6761870676769,638.5127597233133,22.026398864251764,49.81248613540811,31.13877149652253
5.988330606999169,725.768615527851,464.4919139378247,30.59484279350347,72.2105450528537,45.2272099848673
7.030545294946534,989.771052418167,633.4534735476269,34.44907804803661,31.55837341353755,27.1057105704446
6.979855417153143,681.7427785841676,436.31537829386724,23.5249534668515,32.72814753599787,18.38304560465783
7.794026183307488,800.7810677568407,512.4998833643781,25.735637369452505,21.044223018672334,13.124493534646723
6.377105238150549,703.8746877217959,450.4798001419494,24.840960700725095,50.91326209119279,41.58607465971107
6.968058363330535,639.9735112382814,409.5830471925001,23.59109597795626,29.767466928640513,19.51975787050551
6.568647277677261,558.8108707973735,357.63895731031903,21.58775336293521,36.69781070376636,24.243534683655696
7.40711024730411,963.6915363506099,616.7625832643904,20.70261204381833,28.572513217851323,21.46989865233696
5.996817328673889,1258.7120694847122,805.5757244702158,20.525409570660663,97.15476160801576,68.73500711291152
7.021503719014097,1209.8856900843457,774.3268416539813,25.91834008942201,45.663808766273085,35.386693984947804
6.363711892718323,360.2021324190976,230.52936474822246,22.681139326287276,34.7559597392783,25.220500160234433
6.455068276024051,1251.2210679924056,800.7814835151396,15.475975024508145,77.51867711658724,54.22242510148095
6.564226739113861,688.6445244337249,440.73249563758395,26.057003772094127,40.05277979641005,24.294886502791503
6.676568277498674,1010.2565553009571,646.5641953926125,24.366085511375456,48.17653972442255,36.227561302965164
6.418639669814629,482.82463378347614,309.00776562142477,29.213355504904012,41.64434095650947,24.652113625565367
6.650299228219368,849.6929698559019,543.8035007077772,25.805928389818533,47.49041817809778,28.301479596274994
7.604682640293529,909.8031140139175,582.2739929689072,19.32464241291396,22.848285626140914,19.864182504984257
7.189814779930653,280.38832282812155,179.4485266099978,16.696131757445066,19.127831546467736,9.995952170005204
7.108408214747827,1012.8935082204663,648.2518452610984,21.981846654817218,36.504000256938305,22.952019878565224
6.181122331783291,1271.0772527434103,813.4894417557827,22.312124027572217,96.15997817886054,73.69953441705485
5.877531420240173,738.8732190114303,472.8788601673154,27.801057203500584,80.12001009032186,57.23921173868549
7.168710390766427,1276.0588457898045,816.6776613054749,24.468951736986494,43.88201580790616,33.87283125361966
7.113232754770856,733.6072772916574,469.50865746666074,28.46790974334478,26.321580608977353,20.019437492455392
7.530869473025687,1097.354585866316,702.3069349544422,19.86308430504078,29.73433428705916,18.590772984890865
6.077213561821539,100.0,64.0,27.878425345331568,30.956586030246527,24.9666156578906
6.339315941247757,1646.572222759712,1053.8062225662156,27.02346203700822,117.20600078579747,107.798094315089
5.352361086232197,1323.410385835035,846.9826469344224,17.436180609990814,180.04584672289957,174.0860178900051
6.225270225757389,700.3810735112124,448.243887047176,29.129162444412703,43.60322301999842,38.86905565743317
7.197599357405613,109.76884067466369,70.25205803178477,24.827104721182234,16.28925224082407,9.483504336644664
6.173453234540261,900.8099289069212,576.5183545004296,25.87215576353977,67.22198704704088,44.26329136237936
6.948335856640576,294.6260585241851,188.56067745547847,21.47286360650052,24.64102715896851,12.326079332930625
6.366647825801532,955.6987381451208,611.6471924128773,28.963364545226902,63.61704175568215,52.10107207785821
6.7268399197550925,944.0480017074987,604.1907210927992,20.349516847663956,50.635461104582085,39.410970205190274
5.696616027129033,470.50889084929133,301.1256901435465,27.41232206430881,72.92693777540572,38.37828432044446
6.5596466147437305,1192.3384582650322,763.0966132896206,27.37212616568035,66.4629759354075,51.61544992323564
4.8,1081.9511459821606,692.4487334285828,21.09041400139722,222.20177856776496,173.5515045356581
6.369172689286611,1141.5381680509972,730.5844275526382,31.441807597979007,63.90550597038947,50.898744431451675
5.358668729399402,803.1001962841134,513.9841256218326,25.310349680761316,127.6578703119173,87.14812097857522
7.344196161582771,304.5665765802027,194.92260901132974,26.788624135948584,16.438264452721683,10.936107694797842
7.044185146935158,1142.2552952738981,731.0433889752948,19.155077216324855,40.97638570306077,33.74783910194674
6.826669687376256,705.3700103024731,451.4368065935828,31.912055010529976,37.77483740043867,22.252304391831323
7.564704359011566,313.5769498825658,200.68924792484214,20.214050709212188,11.682455553146058,8.60765809977529
5.835758435422614,1273.213778091014,814.8568179782491,28.08710251468076,118.76045231245917,94.64389999276206
7.723154238540891,1534.7926321758782,982.2672845925621,21.018298987239067,42.54417811321902,30.542040424492104
7.152534094982269,785.563154857279,502.76041910865854,22.33353919003311,28.701558356192834,22.867460059095635
6.334411298946738,1555.692404111152,995.6431386311373,27.260639153599065,103.8839532070405,71.93566528496768
7.294934103028061,831.9601550139723,532.4544992089423,28.09643449786305,27.02458025025265,20.073160465358168
5.725594541311856,666.8404335417771,426.7778774667373,20.050505128100642,63.70136662404701,44.92720293300092
5.922840086930629,579.3395410350829,370.77730626245307,28.31665259169948,65.31999245011613,47.65320614380384
6.07398719373221,1372.97884279746,878.7064593903743,28.15743173296618,112.35701518304427,84.86773724217825
6.129715604355189,526.9496415142798,337.2477705691391,21.217163069042876,48.79528723264193,28.654365112817572
5.760409650067823,1057.3442584912455,676.7003254343971,30.095266577568886,104.43831845948102,88.5711356262619
7.356158146966727,604.2926577292772,386.74730094673737,19.400998301131867,21.792630131981,13.986191829944604
6.318801919741118,638.892633098973,408.8912851833427,22.313295960278346,51.24811946974489,28.701612681857863
6.746753477849816,1160.5873928893484,742.775931449183,26.17650918432196,56.64887670111675,35.99813417287327
6.100754043510424,666.9871037987263,426.8717464311848,21.512518003540876,51.29654155221927,38.80212963658409
5.225577689616038,658.3216172028974,421.32583500985436,25.423366799877694,115.92161714723466,69.18377726265571
6.689040150873995,1196.4816440111824,765.7482521671568,25.343766275811532,64.27507572356703,40.17936978628958
5.161421517206156,1359.089052627568,869.8169936816436,23.845240055270477,223.97617079960034,190.03256694701915
6.451956167740172,1025.6414311494816,656.4105159356683,27.41340188506696,68.96682786881061,40.39638244552629
5.542179472817033,570.8305785316178,365.33157026023537,23.700737225698262,80.54710711702285,58.47623978506364
7.891093199461565,621.2870252458472,397.62369615734224,25.31039374084832,16.5127737264832,10.550379281387615
7.137953905522306,827.9703423090132,529.9010190777684,28.51265157120766,35.75455095109139,20.336374618904163
6.574027653890036,912.3255216739801,583.8883338713473,27.26740173509044,54.266757759459836,36.4552965221533
7.384594674358268,454.24693145107983,290.7180361286911,27.25106051784973,17.326511529898642,13.912980176603913
5.907578815773985,1053.0632788529524,673.9604984658896,20.47787139224127,94.52978317700513,63.02298919821816
6.880435565069065,829.9296653738596,531.1549858392701,26.336774014254626,42.637008558346075,29.266726203913258
6.6398673036031,199.50208847665465,127.68133662505898,21.425254231606733,22.1379898297885,16.956662175072033
6.684814056933569,474.87573113874436,303.92046792879637,20.015047570776908,30.558472905784917,21.90124545987245
7.390647450074738,623.5549642219178,399.0751771020274,24.24902778800261,20.926481228875552,15.47527114539694
7.012744471945862,774.4998089056307,495.6798776996037,21.334966846719436,30.277029816156215,22.223788104076224
6.702106563977516,1461.2475784263986,935.1984501928952,27.26716201593992,84.08917446996232,56.98230553392068
5.341578794640193,883.3599571488699,565.3503725752768,27.350874108933635,128.56163039002615,106.37903956587104
5.8279675933043755,505.72983853548124,323.667096662708,17.840808172489954,57.398424428410394,46.74319264771853
6.4141037464829935,877.2207815075071,561.4213001648046,21.600941111480886,59.237351165328064,44.55944516578794
6.5653606619936555,676.7692883911417,433.1323445703307,19.390746648287006,41.063470776850444,27.716189155487715
5.7088573927282535,913.6653838367396,584.7458456555133,22.880797531924884,89.74783998126928,66.51550287041522
8.188173672904895,1003.1986904624652,642.0471618959778,26.093114844540885,15.94216003407935,11.099583238382307
7.5614758386775005,1223.2307265283782,782.8676649781621,23.651991656375642,34.43991454880241,25.835110332719033
6.921482824274738,791.4997265154909,506.5598249699142,22.435842657665027,38.84058674747372,26.573481954532806
6.550425802898621,1373.6361846599416,879.1271581823627,29.050617843845988,76.53277974575843,59.2495771123351
6.351453721069194,1117.8079318876669,715.3970764081068,16.432999895912992,76.99023324787179,56.449982077582305
5.8336570779844354,552.3961593157343,353.53354196206993,28.82905162731379,73.69845187494398,37.06629579338666
6.554236362963204,1573.4494830119625,1007.007669127656,22.5949909739558,85.44159259049867,87.49626604011237
6.680426778099926,914.4480796445341,585.2467709725018,24.226618464605238,49.23449160753686,30.193205969632444
5.630767597162863,507.7064236097177,324.93211111021935,22.65422831797962,76.64135352597819,52.765167458171675
6.733923492071428,1378.5195679306476,882.2525234756145,29.900108369386913,69.62197148636237,47.30655611645671
6.391318665822676,1527.2221548194557,977.4221790844516,20.19157526118159,116.1978834144516,95.10872062137034
5.164534709485826,788.4411576981538,504.60234092681844,24.541077294026774,158.73724464724944,100.62947108828955
5.8977304924543485,623.7224088685413,399.18234167586644,26.346035281509987,66.98065958551543,40.60576036417083
6.210476126604849,739.6687648912183,473.38800953037975,18.861490312401912,56.12696464634217,42.73026214680535
7.821381360138133,1050.156104631195,672.0999069639647,21.28035640343846,25.485884988688685,14.390520141461536
6.889587187173631,1247.24982926068,798.2398907268351,23.9813751327562,59.967340161137194,44.64236058142377
5.565162901630076,999.6705658022507,639.7891621134405,21.396672378604688,92.95288200099655,86.76062932880427
6.8402254025923455,835.6031229651194,534.7859986976764,21.645428800732976,39.37854797267157,21.760572361802247
5.4168872077431445,1324.3041196065496,847.5546365481918,23.27548067923247,170.03321348388894,130.95458996426203
7.2578837377209515,690.5072344319673,441.92463003645906,26.773534660761605,26.275338844628465,15.257155535914325
6.170212743727485,1160.8217684284175,742.9259317941872,23.300487780926495,85.52917800307826,77.49003821986165
6.43445466788258,699.1780205770525,447.4739331693136,28.274491680655313,46.47706243338361,34.880849878460225
7.428057653279533,950.8580353038126,608.54914259444,21.007847760692258,26.23229301083917,22.740599500586715
5.5989855019910255,760.253102323342,486.56198548693885,20.118272088342916,98.13118630041353,80.01352178861202
5.522017270420906,780.4517360715162,499.48911108577033,31.24220892002397,115.16933435584104,67.73018832301636
6.091480471557796,667.9147188882265,427.46542008846495,22.19714655317071,54.19824935099772,39.130450819645624
7.226865195713522,1270.698910913243,813.2473029844756,19.91180797524744,38.88664727562926,30.576138768358668
5.4364577471662106,543.4758866620127,347.82456746368814,18.402811203798592,84.82502657237572,54.37536704592715
4.8,540.918711607952,346.1879754290893,28.262862088331286,134.6546198620199,79.13791798062815
6.184188799113701,1542.3477480457882,987.1025587493044,23.30543419868979,136.40679187183682,101.38423031059672
6.886218559937644,1142.246647629016,731.0378544825703,23.612015927267606,45.09630112569138,31.381127843203487
7.3401832248171806,100.0,64.0,23.94279400944676,13.171133783861363,7.572290683855744
6.17578704654022,602.1594412763587,385.3820424168696,28.045300096344235,42.5308235250711,44.19191227929886
6.212001375018798,165.80373185328108,106.11438838609989,23.87164558108428,38.324844214877004,19.197033813558022
7.307730513979023,467.2582573046607,299.04528467498284,32.704188225914194,20.344701564099175,12.180416783931117
5.191180810213206,100.0,64.0,24.968162009189804,64.6077808553733,47.68910102264927
6.2280354573718935,752.0536478071201,481.3143345965569,28.216246684354125,50.69431436203998,40.759512255156515
6.633296722947541,400.32036329354094,256.2050325078662,27.318339502665424,27.431790265572978,19.63950502316781
6.814453104899524,820.9668398787535,525.4187775224023,24.37243437909687,41.14645444510143,25.544929682626876
6.143135314766382,231.20755939111632,147.97283801031446,22.44560154892838,34.07083060062459,22.589807016101066
6.524108708194089,829.019148610214,530.572255110537,25.661873749982938,49.89454766544449,30.413822032642514
4.8,654.7793026578854,419.05875370104667,26.285345559225455,180.97955478800702,122.93963001200896
6.039226111366307,1325.6835378160085,848.4374642022455,22.495948831557154,108.09797404992008,72.7843565704512
6.817456098788127,1293.9749016109688,828.1439370310201,25.082186030827295,55.91730491790124,51.219134223387734
5.812394176021725,1074.870961053599,687.9174150743034,28.826717423908587,108.45823591567058,68.06323699123355
6.5412889551127185,685.6851767685756,438.8385131318884,31.744817086743875,38.197059874513975,31.733780818989697
6.812810750561889,1494.8831383411025,956.7252085383057,27.490292621222974,86.42774787925914,55.62460374020595
6.2602155593995645,256.4376527560628,164.12009776388018,31.01965890233099,40.313533769244046,18.86035861200662
6.6193246396975995,308.7544796527181,197.60286697773958,22.297190260777406,28.102893812515713,18.474749061788668
5.826087204300771,770.6759150388274,493.23258562484955,26.95658788220753,72.11585110448121,62.03628932419816
6.355372104212767,1588.9133381223917,1016.9045363983307,29.184818280034452,108.3466448102425,88.75084571551088
6.927151318712456,729.1813825954694,466.6760848611004,21.362833334598015,32.595489437033244,23.77487581763895
6.609881072677904,735.8641648767514,470.9530655211209,22.80043460784247,44.1089183430617,21.888675469057826
6.089428111305245,295.3313753608668,189.01208023095475,30.582666666423375,45.824828438168524,22.404540135978344
6.656951483003555,1131.0753548446323,723.8882271005647,21.08715400474571,53.795402607801336,50.144707792104434
7.000226853445633,1133.611689015274,725.5114809697753,19.806044885705013,50.560162968155105,32.02897069422102
5.065041104995766,1076.1763204899685,688.7528451135798,29.84793550773829,192.47077680346587,118.08999580456823
7.311351845469129,579.7727645034231,371.0545692821908,28.688671287431536,20.98770424742855,12.472971422676883
6.2646216829232495,552.652631069448,353.69768388444675,26.012420853943194,41.967552082176866,27.386636840235873
6.7978429532681615,347.4072123582604,222.34061590928664,24.340012358739603,26.200069815531275,15.351841785688814
7.338072846551659,829.3553756163268,530.7874403944492,22.965164230382562,24.61360915187842,16.89719602320291
5.539828411938674,421.8574347525244,269.98875824161564,25.486821058331678,77.08060523159895,47.966205046279114
6.003391298300717,387.90422316274896,248.25870282415934,30.029324350905426,43.56333931972289,30.852606106984833
6.298015912887006,651.7082490812634,417.09327941200854,25.334981441497266,52.1466549806182,38.862927981257485
5.9513725352129,628.7953386855244,402.4290167587356,32.08435743536438,62.20915032226215,44.94120490784905
7.714455603085765,611.7075149123157,391.49280954388206,21.357203050259194,15.98204015876581,10.682622383577998
5.900259534321245,963.2556088940914,616.4835896922185,24.431117359851058,87.72147636839249,74.95400159458374
6.111117254359193,827.6667307525977,529.7067076816626,23.194294663176297,73.91090120038812,45.23805130922984
6.643072322122084,699.1453893211088,447.45304916550964,20.702004598931836,35.990237807687734,22.98283026880684
5.658495331746738,864.0545249090187,552.994895941772,23.964206934466205,92.98588772781575,81.63989031774258
6.223023501770616,452.96553561337873,289.8979427925624,25.96065255581154,40.7144855010875,28.52440733162966
6.722217282875123,836.8475183683872,535.5824117557678,26.334805629832104,42.86321982118678,29.690346809750565
6.266997716932242,852.7108724956219,545.7349583971979,32.096582626305945,57.31362052419846,39.9245232901281
6.434629198770036,273.93359922488173,175.3175035039243,26.12563614403246,26.901026133862302,17.94749385829148
6.1294675212861405,1148.4928140296267,735.0354009789611,28.525478812878656,80.49372338090664,74.34793173463962
5.439870783573463,491.49820317055156,314.558850029153,24.731329862046415,93.61616177693618,61.805499013635306
6.725115247937467,831.6084297222523,532.2293950222414,30.373194601584082,43.699414783746086,31.710643001436928
7.728453150153069,1207.5441091873445,772.8282298799005,32.894572499558244,29.40404764424473,21.80025292623119
6.512881141548407,1123.9868651998543,719.3515937279068,26.358797958415824,63.70423212266335,51.39685083606271
6.657684882073284,812.0166859990924,519.6906790394191,21.025693445919465,43.88160412681449,30.366502247630052
6.984905928581801,673.125348991276,430.8002233544167,22.57918242027991,29.301359141263735,19.190072490056213
5.611468652417311,1131.6291680014485,724.2426675209271,25.486770061218067,134.29468957492608,115.42948237833527
7.691760260690724,1036.143242233017,663.1316750291309,26.09774312337726,25.534441759753086,16.116453755067585
6.641630157495961,583.5722429845546,373.4862355101149,26.9444879703453,32.453124688957,24.306057841332244
7.642299829362376,521.7872235494083,333.9438230716213,26.110691884305144,16.72352886633901,8.828522366304227
5.986876903133208,100.0,64.0,24.524447206895786,29.912293540885948,20.97143419680088
7.7726433457904776,853.9111445892556,546.5031325371236,22.27330545579255,20.934999515187428,12.437201566266584
7.042608845824348,771.0557892435604,493.47570511587867,25.903983914424803,28.081041462551077,19.07295041625271
6.887128060096651,1197.6669811248898,766.5068679199295,30.9924557511823,52.64336110629087,42.484573308944
6.663817118047204,925.6692827181283,592.4283409396021,28.069750118997142,43.6577280425805,29.046709243058896
6.3260299673478855,1266.9802179604417,810.8673394946827,26.371463823726693,85.6200398466178,66.73306952468987
7.340372160931711,555.9225202293402,355.79041294677774,28.10348423337963,22.211662065129314,13.045370219861605
6.598251908893633,1198.3526158386665,766.9456741367466,23.201275898847015,75.51157328565799,39.74185741713375
5.123051207488993,614.8792673133707,393.52273108055726,22.721071988708378,98.83733216379986,78.04058567564843
5.717969476805099,1072.1586216272954,686.181517841469,21.882752134719063,122.4988846005045,88.62882074855902
6.369907973465077,289.4345626142573,185.23812007312466,24.061496820306967,34.09175680724201,21.711303095792854
6.716999288215889,882.297354778166,564.6703070580262,23.02297936151822,43.196890304480036,30.198374461078643
6.460388057770073,105.3592204939315,67.42990111611616,28.728961592282488,28.524219508898177,16.80305311661933
7.353279552855565,706.5018799203858,452.1612031490469,22.83636803811234,23.448458689507472,14.932663671835304
5.134228695172963,954.1238978572698,610.6392946286527,21.69047399321279,164.9671977932822,120.43828182248377
6.600511555553612,617.6610070691165,395.30304452423456,31.299020125907212,35.09214510823804,25.7771057091642
5.227414542228992,432.34682993541145,276.70197115866335,22.920186691215296,84.10972192719399,68.06569864965986
7.031798606838918,1096.1414642535767,701.5305371222892,25.037349600376228,47.4269322328914,28.389341537346425
6.4338788998905985,763.7880235535767,488.82433507428914,26.07962988660194,57.028241807044814,32.04020625862399
6.793726980416882,628.650273539265,402.33617506512957,20.521574083777146,33.57887947891718,20.09443821564137
5.895281927587163,814.6635724039968,521.3846863385579,28.82419319326074,59.96304173531367,53.37934319774118
7.395625452160425,1722.8341996809559,1102.6138877958117,26.729916641439296,58.152924991756564,55.49577292742679
7.229207264841196,1203.7259974235403,770.3846383510659,29.954344041582736,41.633327128868096,31.642932293975576
6.9084810121083216,1206.900783865744,772.4165016740761,22.12272321973665,51.610189607886255,33.8008444499436
6.409337927195591,952.4412116473275,609.5623754542896,24.84694027366656,62.150108394806686,40.08020950879709
6.905900099706592,858.2698454020015,549.292701057281,24.637745142479684,36.6727526418609,26.959277496973993
6.005175202408855,100.0,64.0,25.423609730225078,39.98515369112835,20.084604775392496
7.098888961314499,562.3568787379038,359.90840239225844,19.408848379979936,22.73158679180658,14.464395921629864
7.654636626026745,631.798955379134,404.35133144264574,24.88792732542278,20.077508115179143,12.70646199687116
7.249427391985431,143.78777758336344,92.0241776533526,19.50737631001689,17.77057574136648,8.015405904833809
5.989278271134813,394.9044734245982,252.73886299174288,25.754169249189225,45.17210750895709,35.39469567637541
6.752992122091172,106.70723517707813,68.29263051333001,17.04972806418518,19.73246867207405,14.209295116804961
5.5948009193689465,786.5866575059197,503.4154608037886,18.01944607998295,97.88726206953444,62.869484942926114
6.900673217822973,1086.5680897970856,695.4035774701348,27.364920507539995,42.552295165868934,30.44740547281086
6.8154223890037775,1187.371081518515,759.9174921718496,22.58606540681826,53.00406199659784,39.30801383933583
5.191128562327485,945.1745617277344,604.91171950575,21.042496742287156,162.5585298739001,100.29075437041752
5.6867513092613455,462.81128058050086,296.1992195715206,28.94795967376442,69.9629903628944,44.37050544289315
6.301802772279363,123.7771945180142,79.2174044915291,25.646691760649453,36.48730981858557,17.618747490944845
6.289398177001422,185.09595520947437,118.4614113340636,27.552315684368242,32.980886985391436,20.38391578747743
5.653366145206836,355.8560979609255,227.74790269499235,23.918152746877094,57.389409033154934,46.67636969550241
6.7722851105465285,488.8991056875139,312.8954276400089,33.878700428650006,30.23278442723608,20.654943588257353
6.676031526258359,744.0880257029447,476.21633644988464,22.384201488040716,40.297823307873635,28.83334094750995
6.364011607615036,445.04252365556107,284.8272151395591,30.60573442275961,38.55413916454097,19.806821080331872
5.9709459498891455,918.6415627838915,587.9306001816906,24.285218859650303,80.50109222210492,61.89541768927658
7.234094988491594,718.7042740201845,459.97073537291806,18.70921361780539,24.28290523101431,20.58497169065194
7.658784979161807,803.6909991093589,514.3622394299897,26.18997061011838,21.476025774489706,9.348558090786787
6.161506961307424,1199.0876934349217,767.4161237983499,25.601668965093072,79.72716456957168,75.41982796105566
6.071483157991626,386.91889302987045,247.6280915391171,20.820373650162697,42.97539551727983,28.871703727597595
6.843845365788398,946.546602402329,605.7898255374905,21.272232530028496,43.03610648076216,27.254465733949463
6.24937943417711,795.1093700333744,508.8699968213596,24.413558249202527,47.62776439259444,44.70213978273116
6.402421959535736,683.2798016606066,437.29907306278824,25.724117353367937,50.73370216960876,38.57247533659719
7.0177572062072695,1109.8397123030861,710.2974158739752,15.852678509922097,36.82369786382255,34.47199121644099
5.163450738744896,1107.6549540949527,708.8991706207697,28.18592508383331,185.15747637105196,134.29508577152552
7.422811627396868,468.72822140405015,299.9860616985921,22.769257091647578,16.236005740516735,9.754534518113704
6.550876367030539,736.2437956497265,471.196029215825,19.838883804606382,42.85685850296236,30.377116800134594
6.211954798806474,898.4240889044229,574.9914168988306,27.79373293008176,69.55195243162727,52.32224011123449
6.437536092044986,704.4476381920954,450.84648844294105,24.4173370720354,57.50334209201356,30.18099376118737
6.473700548514363,1004.7574663007294,643.0447784324668,28.756580218737888,60.95044631197309,41.885566303300486
5.288159087588552,898.4172062685964,574.9870120119017,26.032832920429144,109.10657460863231,137.86465392435161
7.546456759217265,1441.3964341246044,922.4937178397469,24.49469923968184,44.65192802301769,34.148446290206955
6.528927942589433,264.4023024245744,169.2174735517276,23.965445192569454,28.656770336830768,20.16428398509325
6.810101491313163,757.1474035884108,484.57433829658294,26.189494661946483,37.707066805624535,20.990553204452006
7.1660848394018295,482.0241209707331,308.49543742126923,23.052640594167343,23.549246788032406,12.51765370209147
5.78518627970779,1011.4376094036654,647.3200700183459,21.515995939387253,82.09190161440497,76.67215831399064
6.83143032932466,233.98983848405942,149.75349662979804,26.634681929291254,22.792906235237037,11.910703841395176
6.3126512363708445,921.2094485787103,589.5740470903746,23.994292554944497,60.54072648998634,53.8513576135721
7.092739542651546,579.4830490280806,370.8691513779716,24.61748676824152,28.906130711950347,18.958252355556816
5.010940805753953,543.043346857645,347.5477419888928,28.31282942654113,123.82286014842443,77.80636470651909
6.430633989831112,293.72562876075943,187.98440240688603,24.101431872924906,27.836030126098112,24.28492956883831
6.078025540951227,637.2234188296479,407.8229880509747,24.552618739396266,64.62882028603234,39.00229521656065
6.8025840654439085,1179.575185601824,754.9281187851674,22.401226709921737,57.94075857865775,54.7460331139042
6.8290309311577415,791.1839607646822,506.3577348893966,26.007589768936477,33.05932808038339,25.862199707659876
6.004661873624582,1019.688146256066,652.6004136038823,25.724397694380308,86.81876087990494,68.7103332453689
6.00147829507677,1382.6246376881963,884.8797681204456,27.652712961266953,133.03620424375887,115.02442942166404
6.42253424200987,892.3144546879015,571.081251000257,22.473049070475934,50.48391996213896,45.93586619690686
5.872350440879354,604.4201497781808,386.8288958580357,22.89764060643435,73.74269618529112,47.03531142663157
7.089388586816488,963.5382753139764,616.6644962009449,27.272480897009142,32.08527835685801,24.741505143623264
6.241554959686788,609.4963487899978,390.0776632255986,25.382745511770022,46.22233335324278,35.14880574266337
4.8,623.4520608459907,399.00931894143406,21.328236558325568,133.55679570803096,97.93024067328615
6.237624560364735,268.0375201333553,171.5440128853474,29.072939237070752,41.32877168593909,22.82742107419457
5.773019325409219,1124.1901218795374,719.481678002904,18.55542301059912,107.81252542191497,76.92595923415405
5.358106929177338,664.8990985226962,425.5354230545256,27.24499663642313,90.12654899565915,58.6230003497847
5.633801353244199,863.7343860355517,552.790007062753,20.071757874006313,102.44381814697569,72.87155845520665
6.576585930283079,437.41332498767616,279.94452799211274,31.100259807699345,35.229385824754935,23.989184324750465
7.430048579773762,952.5816704004153,609.6522690562658,19.093900955830318,30.207763078053052,20.992495287205685
6.719229131705486,533.3205666527207,341.32516265774126,28.53287728155462,31.79225534611746,20.456648008097098
6.075447628248982,750.4019474043615,480.2572463387914,24.214279739960645,65.49360707661558,54.46829597704701
6.819132936619492,1107.239110933694,708.6330309975642,23.216891005564396,48.39090911225116,34.55174279239877
6.178636782846706,1076.7657592813853,689.1300859400866,25.148888297637164,93.44038094104982,47.859523741053536
6.0137797415857985,792.2894746190708,507.0652637562053,26.711651187052347,77.31690820705445,38.21349526724881
5.691946132236911,181.15413855264853,115.93864867369507,21.334598241841956,55.50820279300223,27.500233157686296
5.273719835273797,1847.4836995212245,1182.3895676935838,21.644742961909998,300.0,330.1954956677118
6.227053405408388,1411.0506395955977,903.0724093411825,26.7736170278951,110.29415514751396,78.40007781380442
6.610637442944093,1052.9361887109044,673.8791607749788,18.5242996622264,50.81547556805188,43.23076506547825
6.432363430989577,536.3786764431602,343.2823529236225,22.4551981738277,42.80822514658694,31.562856917286226
6.208823150436849,760.2427434043124,486.5553557787599,35.0,59.13495878029309,35.64744609175926
5.837977757512253,609.8028495782191,390.27382373006026,21.111954623937518,75.21471614104095,48.47682816668675
6.925772334179478,1242.349578683736,795.103730357591,28.517309771159134,57.94146234012321,42.08260599905951
5.578007656037391,891.8760117981418,570.8006475508108,22.44917230950166,110.61223651433096,70.89219556425505
7.0432195396904325,525.5426495740585,336.34729572739747,26.281658006790003,21.828194516117637,18.422774326555448
5.798448086751293,635.2357153063263,406.55085779604883,26.79024491708676,69.98917542166934,47.181927020092026
5.973295333852875,1192.4158498994666,763.1461439356586,28.451348573140315,98.44556203111793,76.97805064882785
5.473250366569026,1360.0342463871675,870.4219176877872,23.799111606155286,178.9238432733678,186.19163080119586
6.149018497180054,1334.916047220186,854.3462702209191,31.461096235641985,99.92141348681454,87.3856028604136
7.182718720934585,1064.9612227688922,681.575182572091,22.437322023951868,36.853324173284875,29.160407354735238
6.86093966191077,711.5812959190771,455.41202938820936,25.31977144759846,36.09883470022415,26.436649482856122
7.184895478419625,100.0,64.0,25.358469262761627,14.91241297870421,7.993976782646248
6.865499782153755,904.0060083328775,578.5638453330416,20.573111580177045,41.63956027799068,32.476493732860675
5.727431120028742,799.3599344045649,511.59035801892156,23.49944710757308,75.19509973883888,58.88224628480502
6.26844754297071,848.9937337124738,543.3559895759832,25.065297247334424,56.28571932111982,40.11520882759393
5.953860609617776,818.8640714616222,524.0730057354382,22.987576349047032,79.16841974123149,51.520589518934464
7.431402432827328,335.808243317795,214.91727572338883,33.04323387909787,14.357103597276122,8.626011413011009
5.662247947501582,995.092994897915,636.8595167346656,21.564817142401644,121.88404472500582,90.54563888935407
7.125588382572378,1021.2757099111476,653.6164543431345,28.627985638491495,41.42838234792182,26.917979237771082
7.125067709076139,1038.8185737208807,664.8438871813637,27.497609346020752,37.56440940533097,25.18108087994292
7.780734141201261,1131.3019512506853,724.0332488004386,24.45148252923505,34.090645103151836,18.88509952278504
6.213219385159352,1011.4180757225681,647.3075684624436,21.471768311517135,82.42542026132415,52.15826435818349
6.998625511706114,656.4897059613812,420.153411815284,21.811106378628804,27.23105945414408,18.294578390644446
8.09715628557719,775.2071032293684,496.1325460667958,22.687114452742215,15.806648364215166,9.037182359436219
6.067650826146412,831.8937035386818,532.4119702647564,18.24990551318808,69.78205257950583,51.932840875676334
5.425471826727348,837.6948071873164,536.1246765998825,20.987871009702484,104.19777725190451,86.98105014419083
5.183992976264566,1149.3761795901055,735.6007549376675,19.31133219622725,161.4642403611965,138.71648931305117
6.998898420202932,1025.2840635578718,656.181800677038,29.210562511122006,45.736388088335275,32.0171849745583
5.181794854358992,1527.0702038494837,977.3249304636696,26.664618373358763,239.1860845730386,218.16606343779372
6.239376662943454,1572.2641429596351,1006.2490514941666,27.25090934602911,119.73746817619643,93.23973167072732
6.806119230927273,827.8773539148738,529.8415065055192,26.56091183039682,36.84272551634513,22.824215738410903
6.62962287578094,100.0,64.0,25.08438668166957,21.80692160246889,15.093533309653935
6.797811404928921,1232.8913631445432,789.0504724125077,29.61238116245198,57.913488716122345,43.43413667901454
6.6556028990605975,610.868281354531,390.9557000668998,22.36233070493892,38.02609042034071,24.350996817722777
7.395206069319375,519.4806273591475,332.46760150985443,24.873343793784656,15.409620462550478,13.29561207355846
5.8333785334828425,660.5441537537216,422.74825840238185,27.114705897384432,70.50392948533171,46.208224183419226
6.026103403079028,643.6749336148878,411.9519575135282,19.875767688503547,56.139952902685266,34.99301100156286
5.959138388310423,1014.2944335368875,649.148437463608,35.0,101.13186011851886,66.82482282510307
7.081134268303827,254.19747730582105,162.68638547572547,24.59998016972155,25.317809683442526,11.590437311124317
7.130279011876544,422.79773897293944,270.59055294268126,24.996963077014573,21.04062569001791,12.666562256169861
6.815857723522956,920.1054939690958,588.8675161402214,28.899073110862226,36.989510457950914,35.33372483919698
7.32844556682295,1018.0304106446579,651.5394628125811,27.702343665535782,32.86886152026695,16.586353935943002
5.675371392836533,1024.5395757276042,655.7053284656666,24.633273067887608,108.51251053769143,95.9163474600369
7.667056878085796,524.5373023733454,335.70387351894107,24.955453033343147,19.284604917177663,10.431732125756422
7.566267035198581,457.607022756816,292.8684945643622,19.235480141682075,18.988949152814097,10.079722779039441
7.014935398072023,622.6778081742283,398.5137972315061,22.552369777525083,30.82526328692966,12.28333898473091
7.747259236139742,883.9554632996537,565.7314965117783,26.31023575655636,19.998225745437246,15.654220186905638
5.3403637546255585,1319.9170792453924,844.7469307170512,26.053624936650102,197.77030935413597,137.88261772595627
6.132886304616144,100.0,64.0,28.774080125014304,34.52046497924308,18.97165395460531
5.985287577522634,722.7449350645717,462.5567584413259,24.078246296218364,68.14890425647563,45.497986987351354
7.00503552663014,333.5625456411787,213.48002921035436,19.644497202991968,19.032001172825318,13.658082768538788
5.764901482278498,221.71506292627862,141.8976402728183,28.198556507714873,54.499104266317985,33.505292585757246
7.03024660453624,1138.434825870686,728.598288557239,29.526312711637054,45.70959254717111,35.749759874852515
7.459375300797699,990.6186010747685,633.9959046878519,27.643856004996803,28.524214278144054,21.15049913134205
6.9866420300588,957.3017305815417,612.6731075721867,23.92728215199878,37.42734175487547,27.92367116237393
6.6986257165630505,1122.3590439058476,718.3097880997425,28.155351181568026,52.922302185908194,43.396694828226
5.808488661369475,632.0983861318524,404.54296712438554,35.0,71.91398018174132,42.514832834171074
5.907204323712245,648.5768692832651,415.08919634128966,24.903033100541666,56.125322829062696,41.61171171093451
7.3747332337076665,1565.005715852901,1001.6036581458567,19.908921577142063,55.93293410345051,44.27099034790874
7.045544302733733,713.700131009149,456.76808384585536,22.44800232656747,27.46260042457364,21.516421029205976
6.472686336435719,1057.296239568932,676.6695933241165,26.68916600106418,52.39762962464156,50.04928445721232
6.207463317963876,802.2335393371602,513.4294651757825,18.88318491185678,72.00803613385933,40.06671808621163
5.081934488822037,153.10951447255468,97.99008926243499,25.092910762192243,70.90898802353361,55.386292224614216
5.750403306920893,100.0,64.0,25.83117827610559,41.7815526984454,23.94950931899452
7.837993360997807,597.3555230210334,382.30753473346135,29.872926089344283,16.833168352605256,10.215228265562978
5.603681100298274,1169.6354380844962,748.5666803740776,29.08568199619005,158.07145802047873,102.44382695563314
6.632635874854756,1075.9020798226013,688.5773310864648,27.5260467711312,49.7275758882097,50.20384777079428
7.205210781236639,1119.9270074784117,716.7532847861835,16.930623463199147,35.81431347559872,23.018002118748772
5.621554132398395,454.53383737228967,290.9016559182654,27.723685948167738,62.749325182151125,55.961993234495836
6.629297332346758,1365.5553715428098,873.9554377873983,26.969296851210864,81.70320042601824,55.52012087816333
7.156540876257458,462.2873449347655,295.86390075824994,25.39580531977421,25.726881296500505,12.805024182474899
6.508749525335075,874.4885395344891,559.672665302073,18.4442225584908,47.18299070100038,37.06157545476393
8.5,796.3766985322922,509.681087060667,21.781291317845287,12.73915121997219,6.7
5.331980518785263,739.1441628898948,473.0522642495327,20.416120306630766,102.57996219722374,79.38938722380624
7.241109970918715,1268.5072484034624,811.8446389782159,17.44747046172518,45.049774848334415,29.039144721811734
6.379038783822475,553.2113179419139,354.0552434828249,24.489796970048218,37.943201167643245,25.638281290122396
7.040344108385672,327.63816050082517,209.6884227205281,21.70762257495027,21.050767420655934,13.30585969986882
6.808915006189472,806.9984201722467,516.478988910238,33.688569530941194,38.85993389888386,23.730160912933098
5.986790662023003,660.0606429997157,422.43881151981805,23.909298211967318,61.044271198088154,39.46788717561501
6.660297474721538,1982.084021678926,1268.5337738745127,29.02813604553086,133.9483153803345,98.01630627855717
5.199468984021199,1036.7776167539912,663.5376747225544,19.008153413573716,144.74372238626333,118.40720506788203
6.922273250399976,656.7307986734814,420.3077111510281,22.644686448982956,28.98784613229099,23.50443754970314
6.708710926193368,430.3609507845197,275.4310085020926,24.839142566120103,31.107977039163185,16.781661981276624
6.947062118050171,141.8990563009254,90.81539603259226,21.321461179873154,21.746088842333812,10.066908553948346
7.240682827561005,441.17331999189844,282.350924794815,23.022297603183397,20.348775265896077,12.475092303825168
6.757333888146798,840.2296201156961,537.7469568740455,23.737171828147616,44.044515273885715,27.321725740926606
6.603662593858793,1299.5650280581692,831.7216179572283,23.68132205094287,77.08629658527379,70.77963648804686
5.883252164337096,1192.5911998357717,763.2583678948939,30.99291500562371,119.56828356970215,84.9240982638694
6.001445465445665,880.1831910762328,563.317242288789,25.823791999010286,69.73804018731109,57.06194882480997
7.330714234124132,686.8913170041303,439.6104428826434,26.17828697029456,22.27653105978749,16.78356117176078
7.505434783994184,894.084324744254,572.2139678363226,26.388791710207748,23.894151624768813,18.465832050410917
6.333322694581562,618.4767008803984,395.825088563455,26.644192320679895,55.959364025792325,31.93300481057144
6.532201923077292,1401.4273985173563,896.913535051108,24.20989555643797,87.21557765282178,64.03046442384766
5.866769937504364,733.783436553722,469.6213993943821,23.377387699824038,76.67956199088633,65.27151107150394
7.320929791687211,769.7817496136456,492.6603197527332,25.08385620831397,26.906957739976598,16.503552305556696
6.965791776584245,100.0,64.0,28.548813821197154,16.147857020787402,9.769860732413175
7.858852205524625,731.5978037170327,468.2225943789009,28.441833659527344,20.19919373158593,9.614089937015153
5.885173845974183,1092.7694482877293,699.3724469041468,23.65860533509056,105.44346036450753,63.12969889604011
6.235394470687248,426.29709803650917,272.83014274336585,27.18745293133839,45.09402622847251,29.63747986176452
6.662012145767901,537.2478829275155,343.83864507360994,23.81895367936116,29.002431850610197,16.577394419286904
6.952542676408039,1077.4488562067827,689.5672679723409,24.618546923023356,48.68012000001056,31.992512574307927
6.349032653716657,283.1699717686813,181.22878193195604,22.84266816456031,32.91008784347656,20.37889001234075
5.8889272366824095,1170.2303526396713,748.9474256893897,23.864242013828182,95.65861890089722,108.63978640873923
7.1169852702464995,613.7496384394143,392.79976860122514,29.19465524342388,23.983580665340632,13.315191387319631
7.004794753781907,664.0011228280789,424.9607186099705,24.823474015687328,26.51370131929212,17.18965788338871
5.8586081296053925,406.64255820604205,260.25123725186694,24.973488779933113,48.59941638672242,35.15633634809203
7.448809960773847,932.3161911497591,596.6823623358458,19.434737772597146,27.652168959149087,17.74999121437466
7.319139096437622,1660.9551947602831,1063.0113246465812,23.417646323285446,57.11984963270722,43.782613690990644
6.594007548073455,1073.5240338112212,687.0553816391816,23.65539783689345,60.63033566790553,42.151203549298536
6.5557185036632255,497.5001583208125,318.40010132532,21.597997800948082,41.515395249160214,19.555569426986462
6.887840439781135,1197.4672049220167,766.3790111500907,24.575828940962474,52.44423957912137,40.35051596857209
5.896807850820619,689.1621589230127,441.06378171072816,22.99786198420321,56.09068961633696,36.69645099384848
6.521022035414857,1281.0697434996457,819.8846358397733,24.779985493352537,73.45519527351215,57.13321870924411
4.993331518773574,1082.336740757527,692.6955140848173,24.92526053436627,215.18123103575024,145.70837141230967
7.113518951852055,100.0,64.0,21.154859747620744,16.226929768659506,10.258474045223318
5.406954744290698,448.5721284657404,287.08616221807387,23.104543761308836,91.28019503687345,66.01117408703207
7.552393879900299,1130.5348279923865,723.5422899151273,24.77080998966292,31.88346795381775,20.20118973140409
6.268915934223485,853.0800452507561,545.9712289604839,28.645048009048537,51.48113696576931,50.3449300878219
6.351833112648176,441.6854183022523,282.6786677134415,25.398517104785093,39.6707911176525,24.093245487047273
6.060586265740846,578.2436695771655,370.0759485293859,22.183226870289005,56.727012800565895,33.083413693308124
6.298372788254547,132.8171829687168,85.00299709997874,25.896516657353484,33.95172253211817,22.34978229995861
7.492971941603626,769.0693493657614,492.2043835940873,30.476421112626163,27.08084311935684,15.418187306594229
4.8,1573.7414041055176,1007.1944986275313,27.708472654061566,300.0,321.4346034995193
7.393875770261731,1081.726686756314,692.3050795240409,26.416342856524672,34.21918172214074,24.39864440760182
6.736616436771196,1566.6459504159482,1002.6534082662068,27.039565614188124,88.71328296827355,69.05863248431251
5.655084846499949,1108.838981426493,709.6569481129555,29.539839145000208,119.45055430988872,93.68689033492964
5.747281324865534,1159.617770173442,742.1553729110029,28.26469377906181,103.80110353785203,79.78820227805883
7.673475119045742,1490.9275407107584,954.1936260548854,26.4836613339118,39.13080854352631,27.939629440725856
5.838145184040088,932.0421407697793,596.5069700926588,28.240247768565297,93.15839777244021,71.42216770381535
5.692654642582829,734.4704374725919,470.06107998245886,20.714221163075788,74.8156380922369,58.70397676899606
7.29612017965531,1161.4301308177041,743.3152837233307,19.242071616809017,42.941623556773976,29.6612391571838
6.73698701340014,1308.8440829926597,837.6602131153022,25.049845277253404,72.09717193461596,51.9588269919005
5.843452096424521,632.0123750507269,404.4879200324652,24.740382483776884,59.983226470258565,42.35367871851266
6.651637482783233,547.4508211809898,350.36852555583346,22.5963148127036,39.36313009299617,19.04117277456545
5.781973121451806,848.5996113508081,543.1037512645172,27.390484344396985,84.50372839446752,62.051214786592894
7.270574978895824,1091.0246034260817,698.2557461926923,17.979977447420673,33.78206440152253,23.69188613350198
7.242959675411194,1079.3318670315466,690.7723949001899,22.628297103797685,40.47219495352204,26.390410009394856
6.87240433917536,301.54133993434033,192.98645755797781,22.802655592928346,23.410191748025184,12.86833233321305
6.753162742872911,1469.0621234721625,940.199759022184,18.772943752151892,89.65617043285259,54.97363890437772
7.732831687407161,575.5922747111024,368.3790558151055,29.731558525442566,14.846197994098693,10.813306986226596
6.499780429171758,707.2272510889973,452.62544069695826,19.74279555967837,38.343774521128246,30.626729568374817
5.67268811220544,484.0709740042631,309.8054233627284,22.4408097994231,65.63729311854519,41.82715198756477
6.814631738982615,1744.4150925779807,1116.4256592499075,27.67792915231797,99.69027190085204,77.26245934585313
7.96023293467598,884.7247346007886,566.2238301445047,26.76115870200056,16.577904570491498,13.342167922454061
5.789668354769904,502.1587217614523,321.3815819273295,20.621388562303387,55.586022626316876,43.58978943568199
6.24697606331421,1102.373242486856,705.5188751915879,26.888712232412228,79.62951174880719,62.28630091182001
6.791512226671017,1069.1975227585117,684.2864145654474,25.514245675303776,44.2433097482661,33.10989131946966
6.462266605695983,734.2955417470406,469.949146718106,32.66562446739013,48.75965351389286,36.03092633515706
5.81238749373588,1094.212349474184,700.2959036634778,25.913791456239064,103.29897679770453,106.825679741371
7.2853004993613295,511.14781370919746,327.1346007738864,24.005653626260138,22.026303812329097,11.645157050527299
8.124028505412081,627.4786037677617,401.5863064113675,21.50224315008202,11.11601611273222,6.7
6.6372920213167355,100.0,64.0,21.8951482156555,26.1814128611097,13.668627390939937
5.8671521971848,336.61712052315306,215.43495713481798,21.609808165861445,50.09988923689361,36.18933008111699
5.415727632462568,1432.6707819847402,916.9093004702337,29.298845848691727,209.2070796412234,164.5361140253592
6.680583186854826,1374.50001970281,879.6800126097985,24.562894702557646,79.507556503137,49.703340104156084
7.27271414032138,823.0260270271369,526.7366572973676,26.478364933911553,25.447439341119303,18.223586658178533
6.832617422546767,1382.026006516443,884.4966441705235,29.799866599933104,71.06620556204638,53.641574762615875
6.498317311356803,743.9739296870933,476.14331499973974,16.245375502273873,40.84372667412484,30.00711996365685
6.087509843747486,714.8063941012322,457.4760922247886,28.97605817645131,54.08961595982993,45.40853625403204
5.7354854570973375,819.7787269629447,524.6583852562846,24.69388919124167,104.98230742018565,72.56128961892568
7.084325928427417,756.2774416367521,484.01756264752134,26.022669300741555,33.88447914785506,20.44730980302666
7.13964013496991,724.6812867539369,463.7960235225196,21.60058872388112,34.52504382482819,18.283915586920727
5.417989149316487,1200.1893375023435,768.1211760014999,21.857064605430185,151.88351732531987,139.72227963778616
7.612887284726479,852.5474788846711,545.6303864861895,26.210960614345456,22.855577908779413,13.150980942472943
6.901849854625801,1049.3686175518317,671.5959152331723,32.84609230116014,48.111587079038564,28.926864946993412
7.479716251602055,1160.983183847066,743.0292376621222,28.011596594852154,33.14333834476024,22.349215831601146
5.56051057606042,935.8650284791568,598.9536182266603,28.929330224964893,103.54692020960334,78.91505070120719
5.543923091209193,460.4050359321164,294.6592229965545,23.82799555408503,66.72110607905603,44.633643190691714
6.395721483162892,326.49693886258643,208.95804087205534,22.3992852139503,34.87565639722231,26.077705356930856
6.851949098826636,852.0732221825568,545.3268621968364,21.767182669473524,35.9361198987695,34.39173509830058
7.757452576048874,740.060293311273,473.6385877192147,22.791041963561593,16.589937630009924,10.895232263433156
6.994255239670592,830.5870001220426,531.5756800781072,17.31526148390316,36.29242631943778,23.54453478488616
6.330123106231577,794.3810862629948,508.40389520831667,21.962782299879393,54.74023612758921,37.346965024941206
5.7815415546338755,1704.2507810582983,1090.7204998773109,22.53876395379055,208.49481820175964,192.29181931667034
7.361000400903405,334.4208105255317,214.0293187363403,23.886246389618055,16.264912809285843,11.380007362626396
5.824706201974499,103.5188055626063,66.25203556006804,24.961125384115523,40.20233698385022,21.098376700132448
7.6399279883406255,916.3318917318634,586.4524107083926,25.768578040189638,24.47360443366179,16.143276670211918
6.300930745275443,668.2521058941317,427.6813477722443,24.44776119644964,46.61460504433177,29.070950058500653
7.613407450832495,910.6237544054829,582.7992028195091,22.46494919780035,22.471600660220332,18.990345988824593
6.975251903041495,1004.3590577994004,642.7897969916163,17.62824474857068,39.34819713387967,30.398612711249132
6.40410315739028,1249.4366433126143,799.6394517200731,22.486419870593725,77.99622127629215,55.222331620121516
6.136422539721711,272.4709628656216,174.3814162339978,21.096422768095483,46.3693100807361,23.791483508055595
6.261364485857744,605.148735749993,387.2951908799955,26.131233618975113,42.98840243151961,31.379638412935453
6.799821684662666,950.0664406082674,608.0425219892911,27.68250588842793,50.804705758094926,33.21630180076036
6.554009547352401,1069.6622584905292,684.5838454339387,27.784998734709788,64.57929781028012,49.32003974236848
6.084332014351906,1567.7073426009351,1003.3326992645985,27.14933457644737,155.87477742088257,99.29493633257147
6.384058012777658,1134.4963898898536,726.0776895295063,24.032659925916292,96.90974120511885,66.79833162123339
6.555003920803405,780.123991439803,499.279354521474,22.67315552083436,52.68736300627023,37.67863220600066
5.009886133909632,488.3474864700684,312.5423913408438,21.885140362165266,120.00576496575256,70.29872008657092
6.8207176803520895,602.4985515483432,385.5990729909397,19.223753791893873,28.567346918567303,20.779647563772798
5.814195142698235,592.5540119650127,379.2345676576081,27.9714879517775,60.12156384505574,55.82762250743822
5.692667317755978,1029.3317699798163,658.7723327870824,23.88851136724509,113.36703119715746,96.35588688194188
5.318858957022503,889.9491059550406,569.567427811226,20.13780897232694,108.6479985017679,92.58417617470175
5.244275251492477,336.72265020523736,215.5024961313519,21.60728018501418,85.33723154571445,59.37204088016326
5.551186747821397,647.4344858183484,414.358070923743,21.465592902486065,70.33915705019928,85.24360259932979
6.003685329658657,1107.1416437079972,708.5706519731183,24.650585697552945,104.17576238390744,72.03423619739641
7.867281396268598,923.0818242409207,590.7723675141892,28.236137478747402,19.446196523038516,11.922299041972511
6.131884226873357,999.0256156044696,639.3763939868605,23.282036576415457,78.06766169761423,57.806186670690806
6.624425074387622,934.022598520042,597.774463052827,16.61613269825723,47.190885188359964,36.37392173481931
6.78033697055443,1369.250757113101,876.3204845523846,23.83786882694378,56.50038613155521,48.448529716892374
6.591745630351094,882.6150723385296,564.8736462966589,23.953321349659817,55.34459814408074,35.997954105622846
6.445789577491804,664.8920207452556,425.53089327696364,23.712779191725673,50.901689718807155,25.923856290374133
5.663294365480529,479.48573560325383,306.87087078608243,22.303885917335045,65.38537015531234,42.10301012595176
7.515649283795448,887.3633103733991,567.9125186389755,25.261036782540447,26.694066369750757,17.828575506406924
7.765037650546519,100.0,64.0,24.731493903021505,9.76230326884071,6.7
5.32213891411412,735.4988493585508,470.7192635894726,24.413093900556735,112.8897941177225,89.15776731059904
5.783179986379534,727.9560490275296,465.89187137761894,25.94424476505038,83.35475741470245,43.57786618912102
6.3041327603360955,322.43520123395166,206.35852878972906,22.99558511898251,38.35791515315799,18.54406349099435
5.824823543562866,475.1069564704014,304.0684521410569,22.796950156047714,67.5675284515394,37.49007427436597
6.854175887419106,1083.3801355518845,693.363286753206,29.3304315135489,51.377266870945476,36.06381772291703
5.990209458315371,880.7491121762368,563.6794317927915,26.457743934004025,77.01157454749055,64.57500163391151
8.015539247464622,835.6259167975646,534.8005867504414,27.394311213299797,15.446178480989458,10.357509968272764
7.333384016040517,907.2216368762079,580.6218476007731,28.79136604866924,27.994038426232667,18.819094906235303
6.64880182144255,832.4196557821233,532.7485797005589,26.3408046321868,48.72516689148586,32.96918813466832
7.218890384323813,1235.00189700041,790.4012140802624,27.749360376976597,37.48718030414252,28.01201646605334
7.2741302970501165,843.2002135962771,539.6481367016173,18.97229193275409,31.89999996046819,19.17013895143698
6.105236758359229,289.6254101634374,185.36026250459992,25.214538551986095,39.895935432524126,22.28473770617393
5.928647928820625,1370.5454877060436,877.1491121318679,23.860485383649852,117.03253754717755,103.36547259653082
6.554700144078753,929.619093565096,594.9562198816615,30.371894318149334,47.90652000385062,36.65833030586162
7.1031452871485605,593.7611942217263,380.0071643019049,27.74675936131155,27.63584175579016,14.810385077236846
6.597342279057393,361.3093985967435,231.23801510191583,22.29344183222387,30.394050169012512,19.04745400171565
5.3961024624663025,938.5699773353159,600.6847854946022,25.80477955485222,145.286684087803,97.40395905699737
5.938022889234411,758.9897982589686,485.7534708857399,25.08688466707234,63.51928030272903,57.53863946332429
6.448218995483935,1350.9513751113432,864.6088800712596,26.0901600160328,80.13531096875771,54.74158513464317
6.447034076971919,678.9324517666103,434.51676913063056,20.934051357188718,45.16824637872575,30.14406749666674
7.8807795237528655,506.9167236111366,324.42670311112744,25.76005762833379,12.6137137790758,7.197346453408681
5.529808440320702,1113.528676382575,712.658352884848,23.70147027749118,133.6957236317445,116.09659620200141
6.853912469285112,1123.848662450891,719.2631439685703,25.4885741741946,52.3681829833835,39.8795794888251
7.542379175829803,859.0279786635684,549.7779063446839,21.964651922072406,25.085873317068575,16.408741377784263
8.090014821795958,1036.7249666862178,663.5039786791795,22.452278900111903,21.683627047978316,11.263299508093688
6.2169218037712275,786.8095077402168,503.5580849537387,28.608447071283457,52.86520598481964,45.89397256589476
6.84400061690414,881.8527853532364,564.3857826260713,20.819583545809436,42.283539027513825,23.38942957635763
6.898832250039053,1207.746808897373,772.9579576943188,21.07785959635283,50.07197143193613,31.80655126295266
6.636837212087303,1018.8614169075261,652.0713068208167,24.319465599745477,56.358210404855384,33.32300315427945
6.430808359132485,740.7539465835814,474.0825258134921,21.79838368684916,50.78040861190636,32.95492344326896
6.805182772650032,1273.3268910741526,814.9292102874577,21.402399787080206,55.23260080397727,48.82111515054883
4.8,100.0,64.0,24.86776589922903,82.78542949997227,41.802126609144516
6.977448643043842,1518.2256589976773,971.6644217585135,19.232269500837035,69.97975543259795,60.693606692504844
6.588324532563377,202.91431678824267,129.8651627444753,20.972132177802266,26.536158754943298,15.925723885229413
6.344267572255214,580.5175113296964,371.5312072510057,31.68933454023275,43.9801299019495,24.625014108748196
7.93280353700369,785.6788626817258,502.83447211630454,26.108162706391532,17.868738221226984,10.505229435831922
6.027546186846614,748.7317652451435,479.18832975689185,21.88702826705531,70.78588486072906,52.402377084269595
6.217846807654478,1152.2438640092942,737.4360729659483,25.963752773931688,79.43307270195024,67.58457701954872
7.894087311543314,429.75718348641794,275.04459743130747,26.485656669453203,11.52690750278718,8.070523116962274
5.9175570866051,891.2683861190721,570.4117671162062,27.980450470315834,72.84711010060255,50.83664500219728
6.114919301944423,597.6257656230862,382.48048999877517,24.054953896901445,54.15197423238862,34.50570184537622
6.397082203598405,903.2993427680958,578.1115793715813,27.91774195970511,50.97145382625917,36.849897874652775
7.088514137490685,777.3297090707432,497.49101380527566,17.365437162912393,31.3750551559725,24.749356796311293
6.645461755147319,832.5274784390423,532.8175862009871,20.802921543334865,50.71503171206004,33.29049609735153
5.595162256993416,607.526308637479,388.8168375279866,25.073549906077595,77.34285696217141,77.23370052150537
6.127482005810967,621.4776174663712,397.74567517847754,25.65371736482727,52.04135957145213,34.89310602078746
6.074851896751452,900.5453799095994,576.3490431421436,21.308761993159752,88.34446314491207,48.73498261845651
6.445945268343868,1130.3004270146155,723.392273289354,25.407969969421057,79.39730433785469,50.34171859419178
6.798090561040881,590.6022330307533,377.9854291396821,22.316559129594587,30.218158780493603,24.259803633158654
6.792744029121581,495.9313593994816,317.3960700156682,23.53064317020492,30.217253060654038,17.873075298732765
5.256791772166118,1014.7110579851429,649.4150771104914,28.086708302327537,153.76524543984078,118.49507184877912
7.244758691292599,788.6236374298087,504.71912795507757,27.6812812391101,28.52811592904699,18.34344119936841
6.676798192197636,1090.674346895083,698.0315820128532,21.01028885422858,66.41730588893333,40.77863123200303
7.469172433315734,482.9709753200983,309.10142420486295,20.799619882929637,18.05271006204337,9.877685923610189
6.8109388291034705,177.19637610179916,113.40568070515147,23.060893115563392,22.43197540695062,12.52867214108591
7.270926070415033,613.448571360783,392.60708567090114,24.40638794589476,24.901733319669532,14.219850516131713
6.826581718015089,531.7765867572443,340.3370155246364,22.19735528998841,33.55840210607937,18.88889093962555
7.442358029341924,772.4240599718951,494.35139838201286,28.142248549798836,25.99507186296638,16.926320524862327
6.865575445212445,577.1041750053637,369.3466720034328,25.715864445979943,32.0170208622803,23.639162354591022
6.431459327489967,1059.3559329677573,677.9877970993647,25.921297884560502,56.666631373966396,43.315712622353445
8.090704304312817,699.1474081521193,447.45434121735633,20.0671140986926,13.216244878478802,7.910929538403731
7.122325985595925,852.6660745708654,545.7062877253538,28.58551751084323,35.05088296462088,19.600554034168358
6.901621094703089,855.1720954543304,547.3101410907715,15.0,39.225278500125256,26.38601113902091
5.606586908423165,868.2342823442656,555.66994070033,27.419194081472792,108.70037631540107,69.96716069215367
5.598184667775524,791.5548113407593,506.595079258086,27.7700910818477,112.38011529416758,70.53466591057351
6.704900837499298,978.7102416436097,626.3745546519102,22.986595844527134,44.54893236687923,39.611489486445684
6.601864838437769,521.5207031609673,333.77325002301905,28.955185760365985,39.04162987916004,16.742336784551778
6.070114204494178,1289.796274328859,825.4696155704697,24.279158564659788,102.39233001102366,88.09416836943164
6.598687889728442,717.2119158210127,459.01562612544814,24.71851096164605,45.99584845239321,26.672016064621747
7.612038849630517,340.95780173546143,218.21299311069532,25.688350755914758,14.089054823962362,8.497406936561472
6.986781732185209,865.8256749471205,554.1284319661571,35.0,44.22219519785696,22.014851450623652
5.701294043173084,502.08683114338027,321.33557193176335,29.205518678290517,67.86160330147334,51.92823360815832
6.42194382099994,1032.8670870781064,661.0349357299881,26.953959202495213,60.604412166075555,51.810434815761695
5.936523463403208,1573.3619516148322,1006.9516490334926,21.305184296895817,157.19989704419555,137.18776190794352
6.228610058514008,524.6997679547525,335.8078514910416,25.00256438917822,47.828019725441195,33.2657752784301
6.21046903405925,916.3303166283947,586.4514026421726,21.654065671537648,74.93865938496971,44.38333915643906
6.165648092177197,185.5730439533803,118.76674813016339,27.377387965489845,37.08035983996025,20.1292920972889
5.621405239618624,958.8668303044715,613.6747713948618,24.991634415072,136.05034299452296,89.03553882918575
6.4106417229372665,490.00017007010854,313.60010884486945,20.564174121351368,38.91692803472719,23.06157821645079
6.107574654206883,581.3078835479312,372.03704547067593,24.78393604196476,52.980306456878054,42.19729044651048
4.8,414.5497285560602,265.3118262758785,21.52703885599293,113.67486560461923,81.48830994823072
7.937080417151164,1056.2529291191574,676.0018746362608,25.029256774681414,21.680144460460223,14.97073207525201
7.2621387579516705,1152.5565251156418,737.6361760740108,21.493229392721602,39.48031165878649,34.633164303704596
6.236589492552503,808.1848251304776,517.2382880835057,24.596206716762843,61.49130551977659,38.54560995736618
6.513173334818419,497.45065313249813,318.3684180047988,27.12664451677283,36.93620748333468,23.580485736532186
5.6798419568777065,1356.3330626363518,868.0531600872652,24.31431802826213,141.4460911222081,138.97318302018448
7.687006014467606,537.3564552858703,343.908131382957,23.13189106489664,14.785433161599784,10.611822864906568
7.828102086341178,100.0,64.0,25.21146677370112,9.332551246360701,6.7
6.609685609772567,960.4361534849739,614.6791382303834,26.940139172774984,58.175024207623345,34.75294327178497
7.216471450929741,413.32886422546915,264.53047310430026,20.624858555413837,22.92623125635327,11.728504198725467
6.622700745253747,1146.0130777247111,733.4483697438152,25.41229654146821,61.10298278514418,53.38929257183084
5.564292192786849,666.6018061643034,426.6251559451542,29.111392866560898,79.14143161874728,59.13482865794886
6.21172364172544,1011.2996341904686,647.2317658819,26.507799371468504,73.03337050973786,54.381643323916364
6.59234957674037,1290.5251212932553,825.9360776276834,24.702139513335297,87.16152122786869,52.07159554308845
6.181816596879589,376.89939738274734,241.2156143249583,26.739081273446132,45.976632776668694,28.84637985035585
6.346942705795475,601.9220041876581,385.2300826801012,26.083737596359388,48.059233892963384,30.71194398054151
6.43602030974362,773.5151245700278,495.0496797248178,27.13760388205935,54.7503559979209,30.477459535719753
6.443385051494177,1338.1429616620203,856.411495463693,17.416239361559697,96.60433886156574,58.27006561213231
6.5365809433482385,569.566048720844,364.5222711813402,19.062903532178574,34.67415366847031,19.817525051485127
5.757576453522379,591.9237064178475,378.8311721074224,28.016902023191328,67.40054724142539,43.57566505027655
5.998088695610445,967.3492014445329,619.1034889245011,19.23152288343496,78.777543224019,66.68694884783584
5.600791014010022,597.9699460013002,382.70076544083213,25.905385225017216,83.25674539583646,63.811087331280966
7.184470884780341,853.3840590141658,546.1657977690661,23.26782620388698,31.530247231373153,22.202666624325303
5.026047140711773,256.9619026611556,164.45561770313958,21.01333764041401,94.34135892156812,62.67524814689046
7.307513240321848,1575.0154798948088,1008.0099071326777,25.72377415001616,52.64128245217086,42.02926578852302
7.47044457808399,328.30176939170883,210.11313241069365,25.203617263008,17.605830841476653,9.732871960553297
6.288473589112165,687.386553603427,439.9273943061933,31.886199282337323,51.27075639337878,36.06130439256762
4.8,788.6316374552669,504.7242479713708,22.31316078412439,180.81500888761641,160.15417600203
6.247082606622897,1469.4408470248786,940.4421420959223,29.54038542024211,122.04673472048192,87.76457325910513
6.455071087097826,336.30397667354094,215.2345450710662,25.7334802003451,36.60191561409495,23.769908614018497
5.79258124604976,1494.2964474175628,956.3497263472402,22.186423414600508,161.6313932630458,145.69696049324037
6.13934712433423,1065.011887385708,681.6076079268531,27.297362601310358,87.94022074178478,66.1464611789243
7.5711366392043455,945.9833635481361,605.4293526708071,26.480084765588828,29.87418371621272,13.259260153639255
6.965449013611218,455.3782095437156,291.442054107978,24.625451532003172,26.53087960481975,17.228260428325008
5.85280511993533,999.8994347133258,639.9356382165286,25.43203374754218,88.6903317552359,69.99911132147571
5.381680581283198,546.77968215307,349.9389965779648,22.41054539134064,93.30310916238813,58.56057237647184
6.2710878776731604,1243.3314386194443,795.7321207164443,21.609745061609225,86.91469407646402,56.57692116301574
6.350580254454694,460.1282898122934,294.4821054798678,27.15804760837904,32.206652627885155,25.53181560065912
6.847339431154321,760.3945269403706,486.6524972418372,23.71621201490354,38.14952314071883,24.283207024098427
6.125278301202639,605.6544191953899,387.6188282850495,24.219709506128176,54.555524730001466,31.176668709742035
6.858049702753303,454.36696315055184,290.7948564163532,25.47937558580497,30.43880449642308,14.229907498642099
7.854607828042161,1059.46193591777,678.0556389873728,25.42850920674333,21.394715861746683,16.030578758616514
7.070850715710984,987.4105615933718,631.942759419758,19.49735735159077,33.27082799765742,29.006330219995363
6.4663380448684595,1223.153569615349,782.8182845538233,29.001882302592005,75.29748798671798,57.26280455411816
6.371794670262694,177.04371212714136,113.30797576137047,24.924137531652374,31.408723465699392,20.698337015343565
6.25032880607409,1172.4597458193653,750.3742373243938,23.79071358012248,83.68198977094889,62.27239106144295
7.326448638716501,1676.9071168749128,1073.2205547999442,26.007961018094115,59.85874810638832,46.93307084558203
6.060880587834088,641.9256187880686,410.8323960243639,25.32789767765202,53.03216793062605,35.793420473759234
6.531655896299988,1463.3020142381395,936.5132891124093,27.18471941321396,87.02303656330555,58.554374297361264
6.5358385313167595,707.8935547790607,453.05187505859885,26.382942852528295,42.43779970424737,36.235678532022966
6.148751065031927,319.6565918535426,204.58021878626727,27.012461801486932,44.99566197852034,29.12932195713631
5.539274116481129,693.0286451576216,443.5383329008778,29.228478670046307,93.28606099003018,54.719579767517956
6.726082152532368,1166.8713886863466,746.7976887592619,27.592685921398402,56.660758213693654,43.360525443412314
6.457297219701232,506.638231183964,324.248467957737,23.93829822885003,45.214275603876075,24.449094160735477
6.850168328605599,589.8814693477295,377.52414038254693,20.569845953731086,30.418823680457223,19.21684981415534
6.126479785492583,1007.7388013026168,644.9528328336747,30.3372927655158,82.2116676941178,54.846710247497896
7.354574909169133,801.0710408585005,512.6854661494403,23.667968193285105,25.7209847593482,17.599395846293827
5.8862583531517085,1004.6180333703593,642.9555413570299,22.844124053238172,108.01663430135544,76.38839222321047
7.6984281988125245,883.2403392654176,565.2738171298672,18.421456137824464,22.04314224219251,14.699070013337726
5.276654443120217,967.8688618430506,619.4360715795524,25.68465586859239,142.32286972503297,107.41859239384236
6.804339045189824,648.6945849666606,415.1645343786628,25.021103113838194,33.612013180579815,21.625556432772296
6.832801477768636,881.1058297106374,563.907731014808,19.197097723126817,42.05390565300477,31.32658930594705
5.943110052441383,475.41944800642324,304.2684467241109,26.086459147466115,61.14403229570339,38.08846342189325
6.797075756502709,1250.951767876186,800.6091314407591,22.756328277544963,64.43921168570249,44.68212737964718
7.395663068832111,578.0038491139402,369.92246343292175,33.916102525510425,20.687709295871233,12.552342638654435
4.948226812452155,1195.0966206422863,764.8618372110633,22.50723582768196,258.61819277436877,191.83703412414638
6.85192136524357,718.2375636559971,459.6720407398381,22.976823337307724,37.983905276252194,21.753486347078464
4.8,870.6996537650624,557.24777840964,21.438283215109713,175.6922548873306,157.19067097156187
5.824034637533755,626.7624071882548,401.12794060048304,28.9725678236469,60.50620921350439,41.79998754457783
7.640416455430661,444.40159909118984,284.4170234183615,23.195284719373365,14.663134621522353,8.462179135559643
6.092752576625562,189.3338643381445,121.17367317641249,21.962800461820763,39.13692250766614,24.703519710644347
5.678284024913719,430.6365444926392,275.6073884752891,26.9743425347219,67.46705367035219,37.26273456254331
6.361443589710722,686.6319013744273,439.44441687963354,19.66876472605385,55.38042944948444,27.42586078356507
7.947534436714486,874.1577125901094,559.4609360576701,26.687886911871317,16.318123898957257,11.44447005712788
5.217822426955782,1153.6327596491421,738.324966175451,30.734899008103003,167.5651554936793,116.34711604211788
5.764083061852459,643.9848890711029,412.15032900550585,26.483127414922812,65.46085433781231,43.61372643765904
7.548202178225738,491.3137325064891,314.44078880415304,26.73264410690974,15.050427204764457,11.00565285019277
7.800391640476413,295.04982489905063,188.83188793539242,27.545210759176193,11.137349672964065,6.7
6.427598142996802,968.0222662664364,619.5342504105193,30.483978100364315,62.37951452882657,49.96042573909004
5.63266310823135,1284.11808036527,821.8355714337729,28.734628860066863,155.61476990247877,102.42034519937653
7.967090451266412,1243.215593784701,795.6579800222087,26.038844027955584,22.902512499787587,16.92109721838229
7.616109674224438,1048.476461851533,671.0249355849811,27.663619902226003,25.111025681814088,18.992366073057475
6.975262891433563,1023.4901610436597,655.0337030679422,21.39922776087211,35.984793278706434,25.81530865820456
5.931318355743806,1394.1683228982693,892.2677266548924,27.217027567615627,131.28634073041482,118.22541091507146
6.465679461413374,916.2285114958837,586.3862473573656,20.980554100856885,52.26228824120438,41.75037574607713
6.387747943268619,1026.14538660846,656.7330474294145,23.215421534789307,76.36600435765236,39.5272462027894
6.731595913230905,687.7256483518004,440.1444149451522,15.0,38.66979939298343,24.317401462798983
7.515701006691935,323.2848202008349,206.90228492853433,25.905003807786116,14.70387412479753,8.921644101789639
7.115591928796182,560.6528848251482,358.81784628809487,22.246447961120765,23.530287828705355,14.466598675116147
5.745836746110669,796.7943365128707,509.94837536823724,28.389008253215618,74.17595851258666,51.684588376819995
7.463547515013676,821.274880375456,525.6159234402918,25.86567413711891,21.650098484728343,16.304922895411927
6.719192498009209,1474.2000491993876,943.4880314876082,28.43433563145569,73.22388750378283,78.6945756442376
6.980946057101241,828.447008656874,530.2060855403994,20.70741209364612,33.07653058657484,22.466901402767082
7.526578601495022,1212.5952054089753,776.0609314617442,28.134351130058715,30.659569744705273,28.21351206656632
5.721893825340514,647.7229654482894,414.5426978869052,31.870497205271644,78.19283351401722,48.259653875426096
6.474922094905476,690.913439982168,442.18460158858755,27.174554049761632,47.310869450161604,30.903756166364182
6.12798181404855,334.8473269717931,214.3022892619476,27.26622153042301,40.238284265053274,28.920523840313294
5.402498402244181,540.1851954931999,345.71852511564794,25.093591867382273,103.43813467610795,60.089345501185
6.742696984323444,984.4434869773136,630.0438316654808,22.663659268021224,41.32807577863118,32.914784538734054
8.258089586109097,802.6460631379466,513.6934804082858,27.164173304455282,13.514385829048353,8.857232654103369
5.211945578845973,1130.0285169640317,723.2182508569803,19.22870981359276,168.05274604226366,171.95153680382475
6.477403572265371,863.4388819207676,552.6008844292912,23.037857062777142,50.18551374719917,37.98897159805934
6.9483800545523415,676.6411939267904,433.05036411314586,18.30130119181986,29.462415250503994,19.08027233035917
6.586154741159326,1551.9039023254356,993.2184974882788,22.03720267939721,91.81500209040374,72.66247957619764
6.4208103632389815,767.1337509504335,490.96560060827744,26.747157821627464,49.33703782186601,45.94821352741934
5.590548545587923,1207.0503393968565,772.5122172139882,26.26887681677162,134.32892526910467,113.1301947004079
6.662950720058115,659.5767777093628,422.1291377339922,24.678197934374154,33.863956318548254,23.336458659279508
5.970265216088851,1048.3598177842482,670.9502833819189,25.096403479217038,78.36724605314721,59.887155753212646
4.967054806515013,1124.8054807030903,719.8755076499779,17.899473837475266,199.03249866148673,135.71832884634526
7.336214554359612,872.9721897014532,558.70220140893,23.196032018001798,27.259405137588878,19.363783331587662
7.1708700738894295,100.0,64.0,22.115269377476764,15.39714153468631,9.395666082916362
6.536162683795756,806.3883612996395,516.0885512317693,22.193291083199107,47.49396346100776,31.311396109072763
6.660352281743992,1230.6610167159915,787.6230506982346,26.59852519734814,61.66682416091443,48.245708537827944
7.252022608900893,984.6182915597057,630.1557065982116,21.488224357231413,32.71175047945704,19.75050239118224
6.657037759744658,956.0436063302363,611.8679080513513,22.383617024554063,46.56120669376151,35.867822385013525
7.13281228833292,197.21007311486835,126.21444679351575,17.195257640016692,20.292797861687276,10.621735968414244
6.291762459388305,547.8407252637294,350.6180641687868,23.470568868683408,42.05161670044886,27.864117221560985
7.418388617001763,943.9751709030037,604.1441093779224,20.69256858300233,27.470494832633317,22.912591008220375
6.724550008152879,943.6341468754122,603.9258540002638,24.777210250413752,44.32473058791596,29.948098595420127
6.635836360524112,1225.1333730465158,784.0853587497701,21.171121836401372,61.22974520928967,50.60550819677144
5.6109572379015775,749.296635698867,479.5498468472749,24.865897859422258,90.19822699782358,71.322924999773
6.7008690980111965,942.038430335835,602.9045954149344,23.9935998374018,47.69225884459969,33.254510222089934
5.917631557753884,805.7309846759528,515.6678301926098,30.352146205648122,72.48896180356219,52.75584774254458
6.053202091430054,454.5700422244551,290.9248270236513,26.240262931586177,48.24633276949797,27.366608642699504
5.929237060178715,100.0,64.0,18.06126744603194,36.63123818957469,27.70984546184755
5.753635547670543,950.8533922455268,608.5461710371372,20.072889045640522,101.215495876491,71.31150371982655
7.987339982111873,860.881522944484,550.9641746844698,24.693228031473165,20.922401147031472,11.527630276369814
7.4319373433918825,583.6387352649408,373.52879056956215,21.245532180625723,18.631245699466366,13.313042604415994
7.8442572515009825,233.28943021944735,149.3052353404463,15.0,11.192110274534476,6.7
5.643973486311105,1020.4088300430583,653.0616512275573,29.223412098418102,113.21135142466052,84.12736078651093
6.549877624937625,706.9279740315568,452.43390338019634,27.02078405916893,46.08457003951204,33.70784093319587
5.594544662357133,994.906152828851,636.7399378104647,26.3234190572212,121.78109861264082,76.47201984521796
6.013013585962055,1452.4169856441154,929.5468708122338,22.374369340851796,130.3223655975059,134.29184529350619
5.857311111608397,100.0,64.0,25.996868698534755,41.121374360538525,23.05140874593728
7.367708804509093,555.1397169541726,355.2894188506705,22.034738865226913,19.81577495358825,10.962154130596803
6.222639225328768,726.7185353408304,465.09986261813145,25.217000550761917,52.341293118787966,39.08867865081281
7.247865533585811,1309.1891609513277,837.8810630088498,21.277958709572328,44.71825696323851,42.48729253467625
6.922884622711963,227.25894327773028,145.44572369774738,29.80700957694605,18.801692466619194,9.887159878912485
8.112547126473352,1477.5513589882116,945.6328697524555,19.004171710713543,26.378568485551302,19.60349017262146
5.464389043802193,847.5495655482017,542.4317219508491,28.81299340328791,121.53167321187814,86.10965878325413
7.3814632678507595,766.3997683931497,490.4958517716158,24.636205398060657,25.028346018036533,15.899015706371578
7.302508609280509,730.6790828733828,467.63461303896497,22.78686551630303,27.616933547756865,16.926127644707396
5.818634813381076,647.3079387369899,414.27708079167354,25.084510225935084,80.49071600587604,44.79506081904282
7.204993335531212,1166.8408657442042,746.7781540762907,27.066718025123635,40.18438265122349,27.020082650995096
6.73530147411836,426.01773607114643,272.65135108553375,29.28361357843039,29.744293380492525,17.71055698763288
6.340766618032615,920.8949635753488,589.3727766882232,25.596000580967363,59.87407705058932,38.4312721840834
5.923245159119601,665.5364170025586,425.94330688163745,21.38256370158203,61.414636467148235,45.435789908915154
5.99662338398557,533.2532930200657,341.2821075328421,24.69470543318026,50.84673886057255,35.34851693191991
7.934868467050148,1705.0913114893635,1091.2584393531927,30.858776328318307,42.325746844512295,28.303453694878606
6.500477973270238,946.667757163711,605.867364584775,29.216873299294186,57.12934471418554,41.13314424775354
7.0474910010720215,1014.6429406314003,649.3714820040962,27.680672173435255,47.26331494151673,22.370034056833944
5.946370432832713,1198.2218732340318,766.8619988697803,27.284904570428353,116.23376119164328,80.61702733123451
5.954102937644853,302.52751913850847,193.61761224864543,26.948075317122896,43.29617676653367,38.29970418924982
7.25738936647496,1413.3021681927112,904.5133876433351,28.555641920784545,53.28070432685888,32.528146817835925
5.5552966519139275,100.0,64.0,22.901799249973333,50.13050156402184,37.14678196223239
6.20935036246631,530.9317564865178,339.7963241513714,19.75719876978748,52.973049534287036,31.255471690672366
6.523819187750562,639.3389143873849,409.1769052079263,24.741512252579714,39.68807827652926,25.479145040274975
6.577960821288037,1003.6031777396771,642.3060337533933,21.638464446278082,50.62869927516324,34.15727517306251
6.3746347004886905,876.5513931495207,560.9928916156932,20.807427356179854,53.56822424686347,41.128005569255244
6.777073846767146,741.6148407555623,474.6334980835599,21.97902498194224,35.33423631257543,29.614297116949473
6.984999029072468,795.8009293802967,509.3125948033899,33.198598735867904,31.587162298280173,21.56205985369078
7.014246281821531,457.6919417671011,292.92284273094475,24.976436219265455,23.2067132233696,14.784672235696945
5.809937333932521,275.9686619305394,176.6199436355452,25.76667742726346,54.38450659366912,35.89424366015151
6.301091431449842,1054.2790678176211,674.7386034032776,20.22173017548511,84.5676256565957,54.80258854979191
7.336334003313857,1042.7971393876649,667.3901692081055,18.046864644225796,29.260678614249745,18.839435239033772
7.126253031301711,1354.5730313049705,866.9267400351812,21.63331574908418,57.80544704733157,38.72953792146058
5.538998383963255,523.4940161146772,335.03617031339337,29.533684548230617,73.75814315896348,62.90849844715399
6.746035930246541,1042.485323605323,667.1906071074067,25.669964131267825,52.74459148635651,36.16454678624997
5.115242325437633,700.7026450723439,448.4496928463001,26.595082820055374,106.47255421506891,66.51843718617602
6.532854431442258,1216.6662448177187,778.66639668334,27.084981137207215,73.64011881708885,55.11182858866898
7.828436911722184,1157.6869718373496,740.9196619759038,22.430277170706027,21.269754690916095,16.94211966222198
5.83647509791171,873.9232897285599,559.3109054262784,29.357879543906787,87.99432971360991,50.43600044665503
5.915973868155892,681.1644451669047,435.94524490681897,22.285173402722364,69.12647036513609,38.550584239117406
7.034820847101002,1136.3262625128914,727.2488080082505,29.421813257418936,45.817157212920364,35.869984741602444
5.4200389393532475,1026.4165831397981,656.9066132094708,26.048057546473693,124.95618765198685,95.40596431356902
6.057071479080473,560.4458592698361,358.6853499326951,18.238341960137873,57.26595891880887,32.724505520454585
6.917508796307227,335.27046428219916,214.57309714060747,21.881966796898126,24.330365396615846,13.954851694891314
6.0559999066174175,699.0134847613713,447.3686302472776,18.252715134947636,60.71378556928577,39.6001312319884
6.33482100895232,1330.3948353718733,851.452694637999,28.57148746477973,95.91559463377828,71.28735413194892
7.020929997220524,1201.2705055565634,768.8131235562006,24.413426027191598,47.861514523152415,34.132944318997446
6.795082258475593,410.68538561529675,262.8386467937899,16.700801460175768,28.906726798127547,14.69143179796684
6.686772877406781,391.2849044350276,250.4223388384177,25.815114086018806,28.954193197128312,16.971180605370872
6.262614404510973,1246.1393473878202,797.5291823282049,22.61992508164088,89.76090221331162,71.33329712435778
6.759042780688269,402.52743333475985,257.6175573342463,19.306679507383368,29.58735899087762,17.286005443960413
6.41338712393017,978.2533632747028,626.0821524958099,30.37288042939044,59.30631810518738,43.6861793241667
6.820463926948049,584.3750746322867,374.00004776466346,24.875500531338027,28.30401917461168,25.228671096310762
6.152147582417415,1365.965723582589,874.2180630928569,23.472990091903405,109.33072380404468,92.53011122646295
6.372201717934321,530.3513203017424,339.42484499311513,23.10201326654894,46.83943346474604,30.028049431097287
5.80702954521359,1200.17653557204,768.1129827661056,19.2035218579478,121.27944438793787,91.06039011902398
6.475494672995635,864.7005289211277,553.4083385095217,19.934078851455617,54.50641378005857,37.75151530532395
5.9322993954598084,888.2681989820004,568.4916473484802,28.997208747062793,80.40525410672399,55.7537793000111
5.720167484886605,110.39199652700961,70.65087777728615,22.841409955749985,49.34781745654229,31.04665865665099
6.681062803498771,100.0,64.0,24.577236953279023,22.111717961552824,12.767563413455077
6.648917843100362,722.8019209064402,462.5932293801217,17.34484333329624,39.20226023652691,27.886794915773493
7.048011614464,886.417122195814,567.306958205321,19.88667787471573,39.21164502140859,24.23455564830703
6.198212101297431,406.18076029179684,259.95568658675,26.634343819561636,40.53432067568501,27.08992487248277
6.785636992785729,418.95730633328026,268.13267605329935,25.82199116039842,30.322005536049822,24.066620461196514
6.885558300591565,996.5154204391465,637.7698690810538,30.636813195535105,48.91757623084341,28.50895780075487
6.811341665482116,996.9990681599957,638.0794036223972,29.200347160709292,49.18616604803867,30.25132313776031
5.9220424220385,751.7906288642255,481.1460024731043,23.69251159630312,63.928314721300296,54.687151660457424
6.604554437589832,1073.0706024151264,686.7651855456809,26.15533747649645,58.459758550064066,39.37157587657051
6.754898207238263,389.0291964979487,248.97868575868716,23.39188794983924,27.287531647348022,16.433493889051253
6.505024926835559,675.4227790195603,432.27057857251856,31.69183436523527,41.56436642186847,25.50539873785789
5.039465639140241,1376.7571620242857,881.1245836955428,28.5215514361834,247.61897627890093,223.43103807434147
6.612342736781436,823.9127454789361,527.3041571065191,25.09389781800213,49.47475774237248,33.33107164288579
8.04877172757807,844.2093801054498,540.2940032674878,25.20138174706723,15.621930192788371,9.756071677617257
6.247972511870112,1607.0813050887089,1028.5320352567737,29.55697600540933,122.07479714169847,112.84728317926695
5.990346031501275,310.2302419529302,198.54735484987535,26.528522464898465,44.41595550253474,23.205330556745622
6.761343991797979,1078.7506283247387,690.4004021278328,29.9551980597453,58.13330520991917,34.47960222718635
6.7186647473266,1382.395197932835,884.7329266770143,16.82223225809394,69.614760815666,53.84755370659235
7.33491461579149,686.2997257255089,439.2318244643257,26.114298915245794,21.27996880252157,13.101337136886077
5.6194922908637785,1100.8707753991962,704.5572962554855,22.695977973615154,106.94817635478113,78.73674084130622
7.011966176802495,456.29317597618336,292.02763262475736,30.647322956697973,25.30447180610354,14.406670648296412
6.9132954428760245,559.6436615514269,358.17194339291325,29.912395405164403,26.988307718673457,19.71829819796495
6.4004974241416175,934.738245616672,598.2324771946701,24.61492533185457,63.45781331649979,49.124760259690255
6.737081122545183,1079.4983355887066,690.8789347767722,29.874708425838612,47.063538361883,35.84316741564266
7.22062023711885,1192.327779342186,763.0897787789991,30.74090081997377,39.33472780338333,32.03373647652353
7.110620766019915,1349.3700054288224,863.5968034744463,24.760423351741515,45.82754611075672,41.47580619876002
5.69988648154839,776.3937045056863,496.89197088363926,33.1517682035115,89.94525064025142,71.47711129383224
7.074110730728839,1217.7641143104058,779.3690331586597,24.390305965655973,50.043089467401266,32.7667788407336
6.454717976477237,680.1933047927979,435.32371506739065,23.74917667382432,46.78564010812441,24.604828137337364
6.5510118686108605,1115.7319590558939,714.0684537957721,27.5305540600452,57.08625233235195,46.6145094363623
6.551237893701186,872.6210792482636,558.4774907188887,23.2617324410019,47.07840665594662,31.09478725400271
6.394829907841218,955.9872674786734,611.831851186351,24.798689215282128,62.434105803540874,40.14467169096051
7.334195247974946,948.2277559077131,606.8657637809364,29.433020484178186,25.991956211620618,19.592262187066005
6.441397428105551,238.3532465707657,152.54607780529005,24.567265982760446,29.815954970864308,17.69054211904341
5.716317710131782,406.55734939872934,260.1967036151868,18.567437724586423,69.83569935425298,40.70478259387601
6.22452910082119,835.8895039361329,534.969282519125,25.78561785747219,60.996970730616425,47.262575321862585
6.6250863017673325,209.45232212559097,134.04948616037822,22.06297247331662,22.60536515162922,14.70818813200634
7.360450349007936,1090.9238861199146,698.1912871167453,27.52844905053091,32.116563769919075,24.495662868291145
6.922166279464183,1105.0445882008496,707.2285364485438,26.93666400539186,44.84323476047639,33.923831452108196
5.90462530487707,914.5096935072265,585.286203844625,29.649901218582826,102.78651253364725,68.77185040929466
8.239632941675223,407.60309553472723,260.86598114222545,27.676363052774438,11.04042673534846,6.7
6.685342717684586,1283.0486286039802,821.1511223065473,28.315854992803228,71.30946844571662,49.854920645669964
7.39277351659931,1513.0237239014252,968.3351832969122,22.158161339518003,47.40224678995774,35.50758282375138
6.393799896495939,851.4768896060909,544.9452093478982,27.31395273561676,62.02974208471153,38.001090017416516
6.873351471293814,978.6873824579327,626.359924773077,31.389579512761017,39.50609435073527,27.82891471585733
7.087627953162883,870.6085291786154,557.1894586743139,22.089725319771315,37.43393477245147,20.44111665381197
7.352736298227979,985.6292161495797,630.8026983357311,30.79908402104484,33.7671970764927,22.811044564099426
7.240157813764758,758.1544351807614,485.2188385156873,22.577274680795345,26.93750972422191,15.518934445903941
7.110537900051084,787.9025160546688,504.25761027498805,21.51810064232509,34.304913685729964,19.46736127234831
6.279439288164124,1117.001160174078,714.88074251141,25.536701551741935,74.04420025008034,64.78343451417051
6.099777770630757,1620.9684566637543,1037.4198122648027,27.00568645645083,124.6967320921347,114.26861640561728
6.7328252572269385,309.9750679593914,198.3840434940105,27.691125433902926,28.747795406524194,17.375436221230945
7.1531896506387485,763.6656304589616,488.74600349373543,21.133831527293793,29.042623633704654,17.728179953675838
6.344095509456375,386.83883016877127,247.57685130801363,26.020890340390018,39.69137948296277,20.91355228513014
7.245620376000071,1357.2087145016292,868.6135772810427,22.10055899980773,55.86250790736392,29.033268662237397
7.516831721840326,594.2917107380356,380.34669487234277,19.288772103752983,17.924224319191083,13.548491905093716
5.858575356648606,294.8797221749721,188.72302219198212,21.249422895635252,48.69367968370006,27.54830782680987
5.914155507342604,1023.3654495970006,654.9538877420804,21.871848719154634,107.05372850920917,75.69856150971721
6.401737458766265,1410.5088901600889,902.7256897024569,26.325583061233775,98.26454294997066,65.26028756907783
6.715328867732437,1032.259253996267,660.6459225576109,28.53274782074034,48.52964944110653,42.818723806126926
6.132803090363065,871.679257048671,557.8747245111495,19.34377679543657,62.80207681674651,63.05182813953653
7.446541875207001,943.1993229715979,603.6475667018227,25.731863759728196,26.501051344156306,15.16992739395116
6.796846803062916,1295.1942319889442,828.9243084729243,20.381556349801826,58.016313289612015,41.15881980305001
6.527612933768518,494.0302554950475,316.17936351683045,26.701798931549,37.00580774085971,25.177186336000496
5.494863333292031,760.8535135697905,486.94624868466593,22.320442966486883,99.79815652582742,76.36190185304906
5.578928928500745,641.5584480216633,410.5974067338645,20.820348436918525,85.6121950485089,64.12098597273346
6.6967064751972645,391.2471424479014,250.3981711666569,27.29882580371651,26.910407412517774,16.714312872106795
5.007183061691615,685.0686592041192,438.44394189063627,22.445770880942167,131.49084843607474,122.8561682607477
7.208846186750851,1187.7023835938571,760.1295255000686,23.394126170265555,34.357549646284134,29.96798204088272
6.389292308939376,998.3107519374539,638.9188812399706,16.730038193552684,64.64739279084874,39.999534665899226
8.5,1025.50867503787,656.3255520242368,27.812929764982158,15.389379017674305,8.415829193463965
8.115541375431278,851.2664640786613,544.8105370103433,27.373179824091874,13.694415769011322,8.41424989175831
6.372985651526738,983.163323955006,629.2245273312038,24.519102454984598,66.56517074122834,55.02800294766938
6.4255640982280795,519.793380178163,332.66776331402434,19.153466705254843,37.78298506135372,23.87441246000825
7.196907059801421,691.6715399254698,442.6697855523007,28.73279212417167,28.560013144302143,17.846065115197646
7.692220826942626,867.2014829390369,555.0089490809836,22.16807814773723,21.96422210004532,13.115649277642909
5.353379659794788,897.1305506086616,574.1635523895434,22.913262924647942,129.4073350383655,87.92513198018695
5.249537174251719,912.0657492226555,583.7220795024996,32.59215419725836,137.26738487544904,83.78806376743502
6.064575636111933,751.5826512942677,481.01289682833135,22.037272445617695,72.962907053905,48.20572103175134
6.907916308221705,667.9018096043847,427.4571581468062,27.09773486849275,33.15308326061799,24.05133899338571
6.847811513355318,1905.2199490655044,1219.340767401923,26.46732291728916,98.30403556306123,81.29757021483178
7.248840018488695,1117.3755455263395,715.1203491368573,25.865602675080297,38.130281753391266,22.09694885835861
5.660211730144284,944.6016165834178,604.5450346133874,25.48700189894079,100.41940673010978,85.38714738406206
4.878699295921787,718.3770256277621,459.76129640176777,25.817359966612198,152.28707030776408,93.18192794008661
7.100609936711502,642.0734105696432,410.9269827645717,25.45179206829189,26.172390771521293,19.806141354081074
5.920262608924336,754.2197921955656,482.70066700516196,24.318285744283788,67.62876436998772,45.687587581135915
5.087058494927954,902.4900952553392,577.593660963417,29.789490934387597,155.27738488296094,103.65969752758828
6.601544622171567,141.84755957792152,90.78243812986977,19.905688037202527,24.91588569838535,14.886968968191805
7.055222981753074,250.71364161886072,160.45673063607086,28.075103364053817,21.635769017601415,10.095360057448493
6.414560007515106,577.0911638713649,369.33834487767353,27.37819804540643,40.88641457968521,25.591398835781305
6.179506129672258,872.498802872499,558.3992338383994,26.944396924652903,55.248870749390505,49.104506719454264
6.388446437497866,716.254398496852,458.4028150379853,28.40942799674045,47.60406806258897,25.16027185183511
6.240592066319452,1317.3424291348194,843.0991546462844,24.175902116560625,82.2034945243333,90.48674242701044
5.556367021641883,281.16112455148095,179.9431197129478,17.95859073460593,63.24903180424573,39.63091608297049
5.999723526106698,537.0290856388203,343.69861480884504,24.2469756909993,47.636976453980346,31.912660207859776
6.86489593350967,1332.0321093468856,852.5005499820068,21.03082023831406,55.78421198001413,40.967570474658594
6.72517497896355,845.8917636363014,541.370728727233,21.938492765496775,41.860781685262864,33.01543000791756
6.6176418641767745,1109.6949039804053,710.2047385474594,20.15153114158656,68.86373740567971,46.63644592799999
5.803396062702634,1517.936430144312,971.4793152923597,22.82929299544658,143.6058815651232,157.44128510000758
6.3729477865050335,557.1684537343621,356.5878103899917,22.41181707105793,43.0546724074125,25.93673825804446
4.976054467490002,765.2399817727887,489.7535883345848,16.178505595255142,153.8004570949851,113.71823726685834
6.624933664719773,704.650584674195,450.9763741914848,26.950776689488013,46.90767238713584,28.505384620478836
7.500200395469497,115.8924484308535,74.17116699574625,32.271126503017086,13.409254789450998,7.372918967898269
5.468107507570526,691.3611186854108,442.47111595866295,26.621830177237012,104.83500569379557,77.30489379766895
6.0898506286775715,1108.371765583233,709.357929973269,23.789766152130202,95.31665377197888,61.21741226114325
6.730374745097091,989.2063396342843,633.092057365942,24.308387615133245,44.01469518337574,34.139998338684045
7.3769898440992385,1016.6791092858035,650.6746299429143,23.026549461953884,32.390867367995526,19.76449043582906
6.186242768589896,668.5718567761752,427.8859883367521,24.815145543534353,59.125863286206176,36.85278943220444
6.0154247695138725,570.3659673980255,365.03421913473636,24.370471670743683,51.87408497634824,41.18185958395542
5.121753800308742,1244.2394851645172,796.313270505291,21.55633049360597,192.9941668591266,140.21811920209882
6.572406690515675,625.9389987748157,400.600959215882,30.39010936131741,36.73480736213936,29.38297300890588
7.929453228100621,902.9287135776249,577.8743766896799,19.294960175015802,20.16746778467375,10.45193308743417
6.694150923375273,857.1671382371385,548.5869684717686,27.01416040117986,44.4597805783511,29.529917248925205
6.484404714571401,1311.6009556899915,839.4246116415945,24.145808304388638,77.05432810242186,70.54332468749224
6.72545761753689,1139.9943251853258,729.5963681186086,31.152911352730108,50.41787019443761,42.90298231575654
6.492235597235979,346.6594827665077,221.86206897056493,25.693026097368776,32.244276145079695,20.798105638673132
5.930889939417909,384.356391628736,245.98809064239103,23.240330619858632,48.21189941736848,28.66390889164064
7.0762959409743935,1002.618436324197,641.6757992474861,23.63302480547926,39.47901023003509,23.57226647795322
6.658033066178228,777.4818234172917,497.5883669870667,24.639673430819165,38.432926932466714,32.02522269371357
6.51232927635356,640.6898756161827,410.04152039435695,20.500232567512597,42.60365235509574,25.797196622451093
5.817243780905225,1155.4697593980648,739.5006460147614,21.81595666208731,107.92246668525092,82.59503902626315
7.412455552354332,865.6107837311188,553.990901587916,18.2526961078285,23.674818580966832,19.348331118361727
6.965291921733177,818.3600854113054,523.7504546632355,21.26958085569067,31.28666396789393,20.83685611651605
6.112955413842888,1072.9400242642673,686.6816155291311,24.828672685811576,75.15354337961534,64.62452648023907
7.201277397577356,668.7118517697525,427.9755851326416,25.550612672495824,25.39919844125195,16.445769653126565
6.151700413130355,1348.981644915394,863.3482527458523,17.572346067512594,106.14226309689093,83.4183108624367
5.952597555242274,524.1833318684471,335.4773323958062,24.0197590393453,58.29550386210898,35.70760648594197
5.968207817763799,1029.9251732197308,659.1521108606278,26.47193482787746,92.1394645932404,62.6753966770075
5.260252012838336,1301.8414935309456,833.1785558598052,23.929807323183176,180.76528193473865,143.19054236811945
6.830079666292744,317.946578754765,203.4858104030496,22.2817397397777,27.157466632910502,15.580401945608509
5.2181985851631545,679.8326884516428,435.09292060905136,23.05743599233125,108.2481560440592,75.882106739596
5.640089318113966,1199.7725875099452,767.8544560063649,22.607328257579724,139.02293201574588,118.65669934670161
5.047088393645026,1205.0355917058587,771.2227786917496,22.2714430431218,204.3523956534914,167.80662624985948
6.439751215046375,739.9765398641163,473.58498551303444,25.108382338356968,50.15278752476755,29.050447061290928
6.394775677809689,542.8651172130992,347.4336750163835,32.57690879707408,40.949132650566625,26.38580674578672
6.271312650769545,1134.5775378157668,726.1296242020908,21.897050290831857,81.80057603197207,56.46592944988863
5.770195613730596,1214.2421859035617,777.1149989782795,23.386500785685005,122.72660577026514,109.14599358864099
5.679436372594352,392.3678280206618,251.11540993322356,24.31905721218669,66.38670517546011,38.89834950164641
6.825058904482602,378.6302228617669,242.32334263153083,22.094259479745972,24.24855357024968,15.372127424086505
6.114613647804059,878.8398386942598,562.4574967643263,28.343825312331994,59.43796265167377,58.86843330773689
6.721450825075301,1020.2762217001123,652.9767818880719,16.201901193427467,46.5920616423361,38.28632557676191
5.880325919713044,695.3258201694808,445.00852490846773,22.641292903674636,77.47877942489944,59.24942486300653
6.6267439199397575,1037.7528369938223,664.1618156760462,27.364098077119866,54.7470506405765,45.969342991676335
7.412294626121245,551.4521876069163,352.9294000684264,23.470669920639782,20.05991491021587,10.890926954644296
6.9103160602749485,100.0,64.0,21.62706364402398,17.240640502567715,12.047222228943527
6.211310327248464,651.6346246835914,417.0461597974985,26.042648640535674,53.168779873189784,42.47406843033016
6.680039279249149,822.1312512795854,526.1640008189347,27.672201323890032,39.84074266015129,35.45622825165068
6.331534377828851,703.4560140362402,450.2118489831937,25.237224058252703,46.801541075635946,38.46766045333643
6.50551612928631,394.4888577191802,252.47286894027533,21.695728740654907,32.35422746100716,23.37168010452266
6.272072263496048,164.52285844241385,105.29462940314487,26.0967116170311,33.61629988727145,18.70264734001629
6.384965355880226,620.0689184712357,396.8441078215909,23.092827449038236,47.52395289379717,27.12860614319317
6.648465347151923,1114.1795200774102,713.0748928495425,27.108154086628396,61.84786223206863,40.97472264941637
5.804648910292634,1239.669103794789,793.3882264286649,29.69140609699807,105.89040896557131,80.34668873364423
5.788884821107015,1215.6996844484593,778.047798047014,15.380481355090135,121.21884761527457,111.91284094936
5.528020212318152,514.4316626980064,329.2362641267241,24.888736156184713,75.67194970399485,51.07920262534117
5.379810226847403,396.20278672937263,253.5697835067985,18.424931220683305,66.93519692901612,60.219112467080194
5.647902115445665,973.8221152429634,623.2461537554966,33.0462600486542,107.85481042860944,70.56191169014643
6.61162375476289,1022.2850040592739,654.2624025979353,22.861564131713333,54.09751442705901,44.792513567933135
5.875048739155681,940.0593618201741,601.6379915649114,27.112306346388802,92.56976795499945,61.52032049581285
6.8595301249617675,100.0,64.0,24.376390991417864,19.870108705722895,9.659307366060053
6.524299624126793,496.59039529078666,317.81785298610345,21.68920396748329,34.584974291450024,27.934842802984797
5.122047050593363,789.6089233999076,505.34971097594087,21.272814334879005,145.82064375606103,114.1441287326585
6.958482908955183,970.5263681206495,621.1368755972157,30.049877105852655,33.31552614293952,28.865812541977036
7.067559051914197,1068.5575769108705,683.8768492229572,27.845783210624088,41.042473742687605,28.99546076883879
5.804296127615602,850.488732798714,544.312788991177,31.30254430582147,72.82671070042552,65.4208560477804
6.794134080026494,915.7743322883825,586.0955726645649,24.69408667305195,40.33658216941704,30.879600069660647
5.900451233813561,829.7029104263864,531.0098626728874,25.507718674361,82.17303308078101,51.29555412334083
6.5683692637238345,1039.966780976469,665.5787398249402,23.56482952020649,51.65836407863443,39.852129665349345
5.614851115131524,909.5029780218189,582.0819059339641,23.495212289097466,91.22211172465853,97.18281849579104
5.244825483225796,823.0081810165506,526.7252358505924,20.85339573632921,157.08579601395957,128.65391558505505
6.232027967270922,706.0709203019168,451.88538899322674,24.794035668235228,48.284513121144045,44.66415241568467
6.4133897376076145,828.4519987648683,530.2092792095158,21.73763691789831,62.39027783066376,39.214870776142824
6.221624214469777,969.6069825937461,620.5484688599976,26.04668122757471,69.1886660962708,49.01709448054783
5.671178609244208,893.6163861143215,571.9144871131657,25.095035766430733,93.68633174354336,66.37222627784095
6.220070656508204,933.2892464208388,597.3051177093369,25.506887152865026,71.70749381226334,44.97858336852246
6.688506326806514,1269.952651472915,812.7696969426656,30.36295478891579,74.32292601435414,46.380532276422926
6.468574878914224,892.8073729613056,571.3967186952357,24.36798717582043,49.12881288280164,48.97344790053968
6.627750721419449,572.8505178343949,366.6243314140127,27.148544509986998,34.50245393329891,28.643535427215742
6.030919359682037,1109.2623750979592,709.9279200626939,31.680283124299535,99.46849440320801,76.05422254251987
7.320202540301311,321.8305818158789,205.97157236216248,29.073159742532667,17.69241803637987,8.929224515998529
5.676678664411654,421.5053167412495,269.76340271439966,28.536093944591958,70.16841511898072,46.619533364614796
6.841292207960703,917.5465426520242,587.2297872972955,23.42659124567825,44.50508027181184,28.339367109518733
7.327323765071973,980.7388337253026,627.6728535841937,25.303750694487288,37.14333446519845,16.525538761736225
6.836635664924227,364.2320717736018,233.10852593510515,19.886032977895205,26.008359519832577,15.982642491694978
6.358233041054619,666.0138816546375,426.248884258968,26.24620040337545,49.05049849845435,29.209876745202305
6.130192067335915,587.8706587231195,376.2372215827965,25.460610621648446,54.49487450872271,32.20812435413508
7.225261355732379,629.6632869914412,402.98450367452233,24.581847938046632,24.214869166913644,14.909729670999948
5.503917552316829,1130.259221695531,723.3659018851399,28.09518175885001,149.5455720212995,103.23865048297094
5.82091301773425,1047.2769122415384,670.2572238345846,20.272788121514612,103.68125565440371,76.66657445736088
6.221709564155795,793.3072370512024,507.7166317127695,30.222019979061216,64.25442398346149,41.2039397606967
7.366357630258399,608.9133255097753,389.7045283262562,27.656176407790994,23.665238335907834,10.775589477624953
6.765837345228627,327.6226154229508,209.67847387068852,24.25278107121809,27.109361130877517,18.697439486681677
5.822367969042828,1297.064728573682,830.1214262871565,23.979446442639123,133.5785713559768,91.52394658499452
6.2827846062305674,1007.2398650997214,644.6335136638218,26.18213925337008,63.385756880061045,45.39681676652993
6.069973799132594,552.6658135744009,353.7061206876166,29.82297931222323,50.89329461936958,34.30950201209564
6.003147705436525,1051.859824168712,673.1902874679757,24.85562701541504,96.26579506594516,65.97987262714275
7.185222690989745,775.4217327988811,496.2699089912839,25.00410815692729,32.949033454315,22.173380793334516
5.539779809515546,699.51167329818,447.6874709108352,24.56341467169055,75.76313224915174,66.72738045778976
7.626146599014062,952.3240349013608,609.487382336871,30.737084394455152,23.326424587369225,17.19230004573712
7.079760783129236,540.4756125305462,345.90439201954956,23.208909139720415,25.212250792364294,16.07120132451743
7.263603169422589,679.6852181714614,434.9985396297353,24.39672340483325,23.032978095061704,16.186560651580805
6.175942341582319,842.511372469841,539.2072783806983,29.622024789913482,59.95179820188421,47.33281587501138
6.395041496644623,625.1920824901753,400.12293279371215,25.014537917645022,47.060913066977896,23.86133897013875
5.496793729832701,1034.1798235936335,661.8750870999255,28.479706010159326,147.21530892838717,95.65687351249375
6.132736315053238,1454.1732762873912,930.6708968239304,21.310519800839646,97.25697274644402,109.3306634164415
6.845558393350205,535.9956535875001,343.03721829600005,23.781476174300202,29.30896819352271,29.45567230570048
7.407244143246977,217.20614629358442,139.01193362789402,29.6955191345408,15.314243434936579,7.175500125700551
5.724990228238283,100.0,64.0,22.13281099482759,48.889059862310766,29.33644050014155
6.244145844110314,747.3361504767562,478.29513630512395,23.970453360806022,58.019353309719996,36.279784683495635
6.394090545837234,567.892393455836,363.451131811735,25.398398308120175,50.292599604667764,35.35062535333343
5.52294755846526,872.7511753734782,558.5607522390261,21.037959187024548,107.87318836042624,68.4943587592759
6.91394446923088,846.4091852091353,541.7018785338466,23.05166458482336,42.518815324954225,27.20013145228868
5.9932067677801735,238.8741036850663,152.87942635844243,24.89422838638974,39.98239164682739,22.462295080501708
6.363226754176083,164.79065968150792,105.46602219616507,24.663386069566865,30.3391228415433,17.35152428758355
6.1836354396616855,903.5766341211333,578.2890458375254,28.981232072929977,60.83572806357327,48.50653434748123
5.947463045996228,847.400092151985,542.3360589772703,29.895100181912888,83.52306822086156,62.45576957435601
6.495068510163612,650.963700571707,416.6167683658925,21.50370294799681,42.37852554747347,25.02358508497368
6.349073295002384,219.99974520369335,140.79983693036374,24.889439817086213,33.1596002374791,20.94080495730056
6.239699482404934,964.9869419677468,617.591642859358,26.85986907948668,67.10520341431402,50.065382475040686
5.99007686482376,1245.1648408983801,796.9054981749633,29.807216130297192,113.42230781738343,87.03525119267802
6.723667269548069,897.2938540766228,574.2680666090386,27.014716040609954,47.12391612539109,34.93655019640703
7.657532087944599,503.38413830222737,322.16584851342554,25.518196905573163,14.492967889226069,8.080309646065468
6.597921062987389,815.593257949903,521.9796850879379,26.832898861939206,42.4064449350575,34.59823989132851
7.1972827504377905,321.86007167321026,205.99044587085456,26.85819092017691,18.81493833653006,10.314206699304798
5.526844652392576,1170.2862498435775,748.9831998998897,21.25299997700471,149.93643118275827,127.50909676016482
6.610433007505638,828.6455170853386,530.3331309346167,25.17479577377194,55.03455593292152,32.9153962466092
5.731842176720253,181.14508088636887,115.93285176727608,29.607063479660418,50.163539233054784,29.781828576793217
5.466152550727669,694.7639738447111,444.6489432606151,23.774251309570985,104.4811705134365,63.786283050619524
5.982440014778675,962.1555285819808,615.7795382924677,24.953063248916056,71.77403618711467,67.35789535040347
7.334329534089501,683.4333326585671,437.39733290148297,23.651192426658923,28.635588714503143,17.28816559020394
7.165011080068751,703.4364974959392,450.1993583974011,16.401491765375937,29.026755971700105,16.493840620818993
6.670103305438079,371.4592275334549,237.73390562141114,24.57206562032138,28.984542706200937,15.651037375968535
5.427109608077048,998.2893454785797,638.905181106291,25.556271757285053,127.65940670102242,108.23478581479891
6.3626035440284445,573.035779993302,366.7428991957133,22.706273131916845,39.70938728800654,24.388219913303264
6.711190006231215,100.0,64.0,20.458770678903452,20.397067174556422,10.859451147724572
6.622875360705018,670.0599202653622,428.83834896983177,21.41787739076423,47.32834062429531,23.114716440764656
5.209344491563478,1143.4024004496237,731.7775362877592,27.174656656474475,158.7853919309844,134.17082926910402
5.87677750638609,664.5746936900184,425.3278039616118,31.40383670566417,62.363483370551315,40.60678678700126
6.455145565095898,1408.294744793232,901.3086366676685,29.338516693169016,83.0964551945602,55.963701199170224
6.875403636662033,950.138781991981,608.0888204748678,19.79478898309307,38.19434959902319,25.817007947351463
4.962710525230038,918.5653567981282,587.881828350802,27.49119558692746,169.81304032564302,142.71108792545206
6.386513217164099,755.0606069288369,483.23878843445567,22.178931684667486,56.480227034199025,30.107415342095837
6.600134138915267,776.0998272824983,496.7038894607989,22.46206528121928,42.07046511225997,28.90609869186414
7.0947283919613495,707.8017277081736,452.9931057332311,22.883085407100506,25.57847419782517,23.33892507466106
6.985000308966206,694.2057127711157,444.29165617351407,26.971234324494006,31.92689167671211,19.94775574446548
6.907799923166164,985.8035067235021,630.9142443030413,27.857386817571633,42.81485265594997,31.066929346881327
5.940041645308646,472.45906957330203,302.3738045269133,24.156891250520744,60.01769101333621,32.35288082780901
5.164398504013684,423.4371599465091,270.99978236576584,24.216252406471913,88.8355940241079,81.72460802476945
6.224863070057019,406.88173219361784,260.4043086039154,26.124923101325276,40.77464975847075,24.98469585990946
7.201142277645992,1515.9790916870038,970.2266186796825,26.487980888334846,55.724334848943485,42.284822749441986
7.475418169267102,985.620015584703,630.79680997421,28.616789973654853,28.554486625463714,21.99209396550975
6.99738437160845,906.5722705880506,580.2062531763524,20.004698085717806,36.12130583140174,24.837901072509577
6.800538575961214,429.86986539729895,275.1167138542713,24.570095689314105,26.520996457744513,17.263977854554458
6.765747753870176,1018.16980523619,651.6286753511616,20.761914684380876,41.51581169733925,33.65028700722227
6.110716877267453,759.200028741335,485.88801839445443,24.32170202327809,59.65338910536535,42.37478311869131
6.408957794512466,874.9591293961124,559.973842813512,23.708386493117338,59.94129042104867,41.00808010218661
7.668348668078432,458.1828894477554,293.23704924656346,24.33637691134054,16.34599654429907,9.39326490613311
5.840209395945687,856.0941000961518,547.9002240615372,21.70089989161314,80.3019538575168,56.469161614305015
7.630345153496896,651.6582616277309,417.06128744174777,19.294485723774,20.93786018659401,10.396910472304775
6.2745802918555595,532.0360950394343,340.50310082523794,17.16946865649784,45.06097471815923,27.507944594288006
7.427802476366555,1056.937217532537,676.4398192208237,24.040869460073058,27.692632331670374,18.141577203670636
5.515229493351724,261.8022670144992,167.55345088927947,22.991496129584714,52.93612006625537,33.19321339032002
6.910132940815254,997.6716925099527,638.5098832063698,22.134218173186603,48.59106891414202,31.27142517114569
5.984260904836665,1039.5701467435488,665.3248939158713,29.128919619910814,86.28681131184025,74.51154126537065
5.509312965653069,492.1247135570658,314.9598166765221,21.49196634621641,68.439551601393,57.72382261811752
6.652973829687662,512.8850386036364,328.24642470632733,29.45891928748581,27.279181985005884,16.173429331351876
7.206630252017178,721.9410115567592,462.04224739632593,30.1834531049424,26.111154803160463,16.842116348654585
5.908540992984553,898.7126736617772,575.1761111435375,17.671848366237167,86.08787465887745,53.242984491916204
5.450688827679119,746.5007528650211,477.76048183361354,24.823335106496394,94.7266612848639,74.59267101242081
6.4357086649655315,951.7468610671577,609.117991082981,23.101062282074032,53.59720779440537,40.03909216554876
6.438795269855973,1417.0428783880898,906.9074421683774,15.0,85.98597779945327,76.6546826591235
6.883823739288149,622.2991307976001,398.2714437104641,19.44375561426055,35.141778456907495,19.991878426910777
7.164716199955142,199.68701025380278,127.79968656243378,27.21227637487966,15.186103498190406,7.895738208254169
6.458409373109254,1089.0732540607287,697.0068825988664,31.567197384489425,62.12555206383847,43.22540318052068
7.798852320355984,1389.1601015746355,889.0624650077667,27.65937349944737,36.17942061551006,23.188411269132803
6.656964321174704,937.4689270678936,599.9801133234519,25.63271365379542,51.8234163597942,34.9383565535618
6.25750144579517,419.2879636262162,268.34429672077835,24.425336664291194,41.925652980444944,22.34779276405645
5.371902848628021,756.6376728676797,484.248110635315,30.389320201268397,101.79074950465599,66.2719659744616
6.316138335778683,408.5167805259287,261.45073953659437,32.01883720685174,39.215940713260345,24.912782682080863
6.264529138212205,1024.9994228870316,655.9996306477003,22.44605062166535,68.20830890939317,44.64071559487002
7.1722133573970295,327.0483590555479,209.31094979555067,17.50004703891398,17.83756727212225,9.328633545286731
6.823738536846798,694.95492461013,444.77115175048317,17.156343878550793,31.709057902810812,21.72260718274159
5.674441614857168,448.4817607971327,287.02832691016494,29.126583472559307,69.97376005067953,41.09263689545879
6.620578070487726,844.3886397972367,540.4087294702315,24.335295107289646,46.42524753920692,28.911589660599475
6.970071820210338,671.7804130017848,429.9394643211423,25.141346686605516,31.686168873973536,18.246443286863297
7.569621951571483,861.8667361375924,551.5947111280592,18.232721524651502,23.907523832726586,15.21449252538646
7.1212527771898415,807.822694238228,517.0065243124659,21.86383880524037,32.506105616843655,18.856658238935406
7.032592658018034,454.66934029656136,290.9883777897993,23.465817151347263,23.509821620601226,14.77277526074841
6.542060196230614,1019.4069722351576,652.4204622305009,25.22743434177425,55.59519118547284,39.89872251924484
6.771818403796415,782.9320218549096,501.07649398714216,23.104927863801844,36.608312186871025,26.89750998261296
7.374653430494311,454.01484724693483,290.5695022380383,20.8693583059453,16.411870286603026,12.296711989593208
5.567055821764245,1584.3242946720275,1013.9675485900976,21.75401552589117,180.8799911462355,193.04341953856903
6.255392470948131,966.7505583509937,618.720357344636,28.729131500815313,66.12381829470846,57.33217764832612
5.959201875870631,746.358806310243,477.66963603855555,25.35674616861225,59.90696843461065,53.624850131367936
6.7654071831082865,1295.3215843456383,829.0058139812085,26.64254882434443,55.96376174259298,49.16954105802777
7.361155522955551,1444.6354632853127,924.5666965026002,21.353941661929348,51.757109446793386,33.4381095844625
6.0821179992952485,749.1277021901402,479.44172940168977,15.0,64.91431827005474,42.30916995680341
4.826786942771394,921.5891202521667,589.8170369613867,22.669134925904263,180.29777085949587,134.13134047336803
6.2114454784828705,454.1990136989707,290.68736876734124,21.467003059510763,54.31002850325613,28.400112077083776
7.139431612412185,748.4825372311959,479.0288238279654,25.721542940198276,25.052144623348973,20.431938759184813
6.876340932064916,730.3281061840455,467.40998795778916,35.0,38.082600360553485,20.997198152285417
6.799730373467403,864.6894617675789,553.4012555312505,26.933081061663895,41.25754878622413,28.221377445644368
6.304004688687864,916.4661675229536,586.5383472146904,34.07586055784221,67.71842481967296,41.49190083662047
5.60467848464615,995.939957089821,637.4015725374854,26.49069393368807,114.6138276353645,88.47085520938428
6.8607060251371275,883.1749297049857,565.2319550111908,22.295398168495495,34.1156964342396,25.874453566968135
5.9160027329757625,376.2400806797924,240.79365163506714,25.71770627342309,51.427282536809145,30.237338044553375
8.028867713366319,471.5365129906203,301.78336831399696,30.732235098171977,12.100384513727377,6.7
6.899355045848161,608.7573331877145,389.6046932401373,30.903469087124336,25.00517547996754,20.642906203523687
6.093546188212234,701.2157928268699,448.77810740919676,22.486319211849224,72.16281539756102,41.02317411186457
6.07203032682796,1167.7710016652397,747.3734410657535,25.386142934947546,96.94088938604622,68.74700773844322
6.434939055370489,392.97135460148047,251.50166694494752,19.497565921150994,37.574010615020356,22.76812321584683
6.332348654584775,674.9047331402551,431.93902920976325,27.386340186420004,44.35975595412018,31.652245577576313
7.281783642870968,1133.5533243749173,725.4741275999471,29.93674144669563,39.891031362248256,29.817984308699096
6.630491318820832,695.0428839261857,444.82744571275884,24.639298089406058,44.65191711688943,23.886700964305394
5.9878577827640305,961.1454774449884,615.1331055647926,22.16415580973955,84.81768790919028,59.63125355913902
7.8233084796090475,751.1602849752337,480.74258238414956,25.76045832947147,17.64536060650735,9.272223972185156
6.534515832064156,889.874140063653,569.519449640738,25.961106609771083,47.77064055562706,34.71465145826518
7.038187773178228,720.0346096666608,460.8221501866629,24.78400341147367,30.001673451675945,16.318108232651785
6.074241444788669,1033.4729154549239,661.4226658911513,25.125502935175835,79.27764183164194,67.30816925993628
6.7541809394211665,259.2302574077477,165.9073647409585,23.891648023357202,26.015610861987224,15.994732758834045
6.7177769938002365,672.8407970640093,430.6181101209659,27.98584224879242,34.312522280951,26.570942488423125
5.177245495532693,903.8004368430079,578.432279579525,27.076796058077946,150.4484248015994,109.97853215140019
7.910692577322448,986.7933368021676,631.5477355533873,21.059138984995478,19.043040342863424,12.040949809000692
7.403451122645783,1322.5334179638398,846.4213874968575,20.96293288894492,39.75711900555457,26.917937750342006
6.2219632786978085,663.1413665970483,424.41047462211094,23.609689540407032,56.088015398529905,42.69648651721955
5.728411181680901,1317.8186166513055,843.4039146568356,27.078929934368126,130.5822055812596,133.58240246170413
6.7432931296624865,569.3416606691153,364.3786628282338,25.018200948617853,35.14829981967534,21.41144574776673
6.560688389590077,1265.0262440406252,809.6167961860001,22.248973564570708,75.632765266537,51.34409271227487
6.748968263994261,1086.1134943444304,695.1126363804354,25.415315088540407,51.7532379069265,44.60145492820871
6.634104177335863,480.289497128722,307.3852781623821,23.34216318167205,36.78525662503354,19.208043404515106
6.854368692514148,907.4637330381377,580.7767891444081,27.58170261078446,41.946804822622745,29.251307582512464
7.513113989574265,782.067457563733,500.52317284078913,25.665704522734664,25.27676946024524,16.945004858724158
6.897672243590052,1018.9546077862502,652.1309489832001,23.396526343917497,52.7309167942656,28.410252504039722
5.765241150763041,721.8549440483416,461.98716419093864,25.310315702162615,76.59717780518855,60.891160130230155
7.453793996898717,692.463821018394,443.1768454517722,29.102668208334705,23.31146936465828,14.569077428073523
7.648430194441801,1279.183103966998,818.6771865388788,22.506294732087678,30.808663755807327,22.943789885011263
8.5,765.4476869405145,489.8865196419293,25.909299435765064,9.88249261319798,6.7
5.7135541767322815,1089.2478134671182,697.1186006189557,24.253388808369014,112.08394350300797,81.03226098291074
6.670017409205192,721.12698023453,461.5212673500992,25.99444289351735,35.44387611792804,27.57591619406128
5.042530907767709,1383.332140729633,885.3325700669651,22.20902270441494,225.01872244093713,180.14134992919819
6.887204409465446,562.5828797325773,360.0530430288495,24.886174016057815,31.24532489003954,18.93682167466005
6.116259791283259,585.0497640634853,374.4318490006306,28.377381488458802,50.84764129404164,37.92158701974934
7.846412056377467,1333.581013390566,853.4918485699624,21.220475565638623,31.695755698953487,23.431888689031286
5.957769520986993,644.2687631866615,412.3320084394634,19.847082138362214,65.0425764485312,36.89752158892737
5.317571873422917,1360.3760071575375,870.6406445808241,19.979905524295624,232.5806424639468,192.68602284985496
6.170115381508237,1112.1442028581846,711.7722898292382,20.40268114429934,87.3764207495049,76.08514850311286
5.117158560148004,745.8726027037083,477.35846573037327,26.583631507624325,143.02996245719822,100.56303772534149
7.025769618155117,165.3472847939945,105.82226226815648,19.57949109947087,19.229501357089646,9.370264431461715
5.054441867620576,793.2385935048575,507.6726998431088,23.45736629339764,145.32146915869433,102.60279195846923
6.519920306828211,835.5705187366987,534.7651319914871,26.664012561587477,55.519178451432914,34.153348503325795
5.045531726100663,1208.5262066565306,773.4567722601796,25.958306711920077,221.61146715229972,178.58713685461575
6.275791536824351,1355.956511684039,867.812167477785,23.1505435701313,98.29509741276271,76.30452542132848
7.650364709063174,560.2544872996883,358.56287187180055,25.16823306114287,17.14791312663965,10.38861980618987
6.752453524005056,1080.413617395864,691.464715133353,24.87500865408149,55.323480143770574,37.35173136128563
5.895554476524547,1067.8907546046723,683.4500829469903,23.71515665558135,91.98646481908521,76.51677640639086
6.478157557742641,1175.6944458436558,752.4444453399398,23.76207848470897,65.87420412423218,49.8271338724624
6.512611810431113,974.5414692474405,623.7065403183619,32.323996021649364,64.98259429446586,38.98946402449028
6.830841242090384,120.1258081633805,76.88051722456352,27.332588163759553,24.36450948034373,10.976584140855708
5.543199145703421,745.6021486152841,477.18537511378184,33.1822782112925,86.54895618632085,84.82900051784398
6.914797091693131,395.5023487790797,253.121503218611,22.760629034778244,23.372549749690982,17.814237235800583
4.8,729.0879794786741,466.61630686635147,24.202616910891486,178.3758700991276,129.51160909872993
6.059080813345333,1143.0014826468628,731.5209488939922,19.837559821531734,97.64174505066931,82.62051666860903
6.158208310283919,906.8027925562404,580.3537872359939,21.666516192686498,73.98634647836998,54.69549468895945
6.9433287782498665,1201.8318032391014,769.172354073025,31.156696020318755,55.55607608973278,38.00269421782724
6.515841596873808,919.6138722497387,588.5528782398328,22.672879985553852,52.8624091084769,31.914188816838838
5.516105862300599,345.58592111588405,221.1749895141658,31.21748455050561,68.5929197386847,42.56451730755214
5.810504811928089,100.0,64.0,20.148232087620386,43.72463030870808,25.09408826463509
6.639076006683185,852.0830665878566,545.3331626162283,20.81285838074353,42.85379033701054,27.90687276384593
6.444652860694811,725.1257367770921,464.08047153733895,23.305690726418025,49.01906430547876,27.078602894927652
6.094613123254978,458.06899121634126,293.1641543784584,24.276875274122876,54.008215128624116,33.15552199772156
6.163416347341615,204.7804626220177,131.0594960780913,27.730805523575455,35.17658088465869,22.98368844011513
6.9873175980115025,542.8398752845518,347.41752018211315,26.07769646015193,27.371404872226837,14.705809281299464
6.13761519899155,731.9279802973284,468.4339073902902,23.042896599295904,61.23541776723468,38.06315164270617
6.438336129179649,1033.0572382972366,661.1566325102315,24.033394677186628,61.88262844851064,52.62257401013878
8.01895561165638,866.020878548793,554.2533622712275,23.38327978075355,18.08916854072037,9.604862444515579
5.503422154181254,1362.8235365104551,872.2070633666913,21.298711926359946,161.00215905974252,145.79880334418738
5.203710087897739,437.538580384112,280.02469144583165,21.392129721894324,103.07041502203269,61.37363475645706
7.048512765359025,1108.3706122201017,709.3571918208652,28.097593620016934,46.012134692067406,32.54797785119202
6.024949857094128,816.5545600950547,522.5949184608351,18.10142275225501,64.73916978953105,45.36693585703558
6.277233730580166,1043.1341934415045,667.6058838025629,30.16075544105769,84.4227064877259,53.58453482527436
5.95319053530822,647.2197978570598,414.2206706285183,23.29952021039219,64.65334607224752,44.50710441240152
6.318139901462741,1175.0881308617063,752.0564037514921,21.79621987762744,74.0137797119937,61.334402691608396
7.618976678467439,903.328665420835,578.1303458693344,27.08915751744044,26.14815857416196,15.45169717379681
7.061489921032684,562.1942552787878,359.80432337842416,29.69825804451491,27.226247500523034,16.858002787328456
7.103556458320884,795.7915898803841,509.3066175234458,28.41171354561385,26.56441039883801,26.377859527045857
5.508641060945148,716.1554493720151,458.3394875980897,26.25648217275962,89.67484352809596,90.8067729508445
5.694192384412991,971.2124227232277,621.5759505428658,28.304022214026425,106.53867704013798,72.55679150577957
4.8,387.078137718922,247.73000814011007,18.49225847999647,96.0392119912948,62.75190577032955
5.933433425242073,789.7269042595069,505.42521872608444,22.673593104791482,74.23263367942188,55.96757866177581
7.169692230469961,938.3575384272658,600.5488245934501,21.310904789913046,34.46360281696873,23.393710520799015
6.86186256102386,811.5581575175617,519.3972208112394,28.786235559253115,34.000677286434325,28.65360537386142
6.344940715933514,1271.4294355361485,813.714838743135,23.157826933766398,86.89935251964685,67.488497911678
6.484389801397363,1070.9079709248683,685.3811013919158,27.458922948737193,63.62927948759632,46.649581496447816
6.017780120197216,797.3817211407387,510.3243015300728,26.37549929871023,62.46133837866335,56.09357869461445
6.643331217681249,875.8411841241856,560.5383578394787,21.481925723427118,51.434308554027645,37.68718463113462
7.03611479563643,903.4829430186999,578.229083531968,22.445646265083006,39.20582475967991,20.882057635285037
5.368879248812669,941.1548614583884,602.3391113333686,29.02836191785154,124.9772895024456,89.25640368591907
6.709753381486144,161.01970151738726,103.05260897112785,21.785810729604552,22.87407525529425,13.391108203822474
7.152704409668267,694.4657964807285,444.45810974766624,24.937036635684176,29.374566422046094,17.72997960603881
6.209429797725641,280.4463261323008,179.4856487246725,21.761105497857443,36.9091861820492,22.678982907381453
6.990490428484408,1247.3983316108202,798.3349322309249,23.401167345794487,43.12867018966779,39.69518905895515
8.470258111130788,778.7026679989752,498.36970751934416,24.338433196105097,11.761858055240134,7.4914560254342755
6.426960044909175,732.3306676121321,468.6916272717645,21.75996721395878,45.058287300894015,40.074194677466075
6.775314935003727,1113.8790662116323,712.8826023754447,21.138435661056413,51.50591717164889,41.164700221261675
5.983360041437026,947.8136791074561,606.6007546287719,25.501956678721047,93.92151321770174,54.59013158373536
6.626875813821435,404.9779199672775,259.1858687790576,21.543419069230882,30.62187424242737,18.86746764390944
6.822190137487612,775.1831231154209,496.1171987938694,21.662698555054646,37.76085355986572,24.891862961477923
6.6363896381890966,682.6915593707653,436.9225979972898,21.2133139970431,41.66953274089467,27.818993838851558
5.7862132762038,189.41348898788112,121.22463295224392,24.227321837840385,49.47553566645874,30.827655670887673
6.644453239927816,558.4033183669784,357.3781237548662,27.802955720399446,32.38682539292269,28.586623232271865
7.5235371571023455,735.760887294237,470.88696786831173,29.772850227092935,21.59536376832795,12.929054968982838
6.814045035160169,759.7671739778551,486.2509913458273,21.959286699021774,37.571502191104365,25.95406281355005
7.173391032350288,281.2190017129419,179.98016109628284,32.02608777665924,18.961973975861053,14.04941397387251
6.334091620991161,1203.0829540666164,769.9730906026344,20.983532987526214,82.39345994426444,56.93103310336421
7.024930167596597,764.2639293879963,489.12891480831763,28.292419831647543,40.853151754356325,21.412325704301566
6.695487486751568,813.143576831197,520.4118891719661,21.97406241094595,38.51829404007021,26.055963848712548
5.834362489218938,940.2245734189428,601.7437269881234,21.451768555454965,99.60875171946273,67.95004684366432
6.722964703359212,524.1733111337151,335.47091912557767,21.89335345125464,35.94642060314028,18.622507248331843
5.805812335591782,959.7245905964437,614.223737981724,24.31643305122808,99.02417840920279,79.46356096791963
6.056983807580646,671.5238738936359,429.775279291927,26.529902598617635,56.80180222220085,41.99364255465923
6.632529815104662,486.19506077348296,311.1648388950291,26.844538132666877,38.784232773421245,18.833985516215737
6.708070991366087,1000.7066226743896,640.4522385116094,21.19605244628239,41.30671110416565,39.314870479619685
5.667537274446009,1322.0858505806327,846.134944371605,21.03619249371056,137.36995137536326,122.00796435232536
7.237790039828013,1053.690280720041,674.3617796608263,21.291764573227585,40.01755840250568,27.622282671080235
6.900404394810331,1123.0421477991508,718.7469745914566,24.11025959165071,47.45511046148645,30.831624235244703
6.006690095072381,617.7792877031953,395.37874413004505,23.76445538533194,68.99688206856533,42.16861442245191
5.423690642485577,240.83309479104025,154.13318066626576,21.17438588275572,56.27040520501194,45.79224200416681
6.398566794642998,1321.5481327349444,845.7908049503644,25.443612929221356,77.01827777902476,63.11125460752756
6.187839400297188,1519.0802112916658,972.2113352266662,32.418990829173616,113.83031813256267,85.27980118336218
6.579198319937116,1339.9823708193887,857.5887173244088,22.73349588357697,78.94878614993398,58.23598140129267
6.245818337191103,682.4749213570876,436.7839496685361,22.982708625787634,51.933464395333814,41.36250258890781
5.094780197478493,395.8779814449045,253.36190812473887,26.45881549613529,90.8668680497651,74.31259687856578
6.228157143189189,427.0110557631517,273.28707568841713,22.54414297892122,48.373776501353206,25.83622785543684
6.286066622252181,210.69360133508292,134.84390485445306,26.841375686013638,38.30662766524607,17.420844774419084
6.943562717341841,762.4174835564842,487.9471894761499,21.98510052627336,32.84367403700913,21.35024213154393
6.011260227772265,1361.9872853288591,871.6718626104698,30.912418626520555,100.64702192650118,89.87288443128477
7.675072271360796,750.4180788447148,480.2675704606175,25.70671240407303,16.137815706853377,12.91980871135748
5.16185161454377,905.8130151218962,579.7203296780136,22.32991967823151,147.94636324554054,109.90270136091868
7.417817248461837,1281.458937506473,820.1337200041427,22.439579051857542,41.221166770922025,25.517035698614194
6.342976720385327,658.5666408586601,421.48265014954245,22.70170086552188,48.550534696855074,36.682136419340864
7.101709410640489,1512.4360098518582,967.9590463051893,29.304623831871055,60.19924829144168,47.60373233333614
6.555861038841114,1497.2330426241087,958.2291472794296,20.059371473395508,82.95374170070713,75.13390136034864
7.297688875217828,754.1110314618311,482.6310601355719,22.162204153391734,27.706595497559405,13.696674587558672
6.228846624813032,597.8630075932755,382.6323248596963,22.53418805076101,57.94843322347974,24.981697289278248
5.730965702375531,1044.0333162366096,668.1813223914302,24.445092116350718,88.11081018751564,69.87171018616873
7.494353001089744,678.3662701183997,434.15441287577585,23.551116075736218,20.895535242592395,12.363243227601306
6.420563547882502,395.2056740264323,252.93163137691667,19.28070259013338,32.71056158659391,23.94547167456223
6.6550909315369475,1248.4335287330432,798.9974583891477,23.100620607415863,57.56064789317259,37.82880260675415
7.364326339831356,1225.756585546978,784.4842147500659,24.15157260885261,34.55565828112963,32.734572760995555
5.777631330533896,854.4290613172462,546.8345992430376,22.30165757722076,90.80641139041944,65.09863260350097
6.91684362834748,357.99733619513773,229.11829516488817,26.903714211666827,24.88900077970936,16.831318871090627
6.087073670475976,369.6658120739149,236.58611972730552,27.717929500637766,51.099218799004724,25.707427355816904
6.407481451048939,837.5302509467035,536.0193606058903,24.225646550947125,54.321192823958526,39.933705822380496
6.550595275769002,625.0451379232387,400.0288882708728,25.306895553977554,34.158492955711296,26.550580379937752
5.449844696987145,680.6174737504372,435.5951832002798,16.936304009277553,93.06146922803286,74.77344817479675
5.954814070025696,1157.6871042710013,740.9197467334409,23.02614029743359,89.55280147610455,76.37813670151783
7.445751024689198,1056.6127610978951,676.2321671026529,28.016875921152696,27.65240704403743,22.17962925302153
7.120333832009357,1282.3499381741644,820.7039604314652,23.01797195887253,51.010022061757056,40.194616911123184
6.456152295870935,453.2818718179598,290.1003979634943,21.919584132628138,37.42064339199611,21.598759947509343
6.670186420959025,679.8829509596508,435.1250886141765,32.47191124110826,40.83157661413583,26.15100837368571
6.294030246054479,1065.6435934110395,682.0118997830654,30.866770165685317,70.44789888014272,43.203417177248625
7.449608370079588,956.8274193545121,612.3695483868878,26.13651219368755,30.232737402416678,20.23838862345719
6.359753195544085,1336.3331339056676,855.2532056996273,28.486187140180167,85.6793405230618,87.09356656397225
6.6622894644943935,947.1878470664242,606.2002221225115,16.709226037146728,55.15816675882326,30.169687279848954
7.3022211008994455,1446.8381864369435,925.9764393196439,21.743569957799526,50.79372693246221,36.56559501428017
5.955839960607865,989.0062306030993,632.9639875859835,22.85514744389397,85.39920544488716,71.44686777923171
7.591152429147826,1171.7586066560311,749.92550825986,23.674069653965688,31.478815858729916,21.406557255889712
5.4286770131796365,686.7697686254401,439.53265192028164,22.785195926591133,97.01007384922225,71.05635200412252
7.6407494917789585,805.0005241593962,515.2003354620135,15.574907979692787,24.59261058273553,12.843635381959995
6.239127091233618,1118.8305413438163,716.0515464600425,25.85108616547996,81.43836618007273,56.795401770085505
6.330110876522303,1364.5423597075692,873.3071102128442,26.402789448982123,93.35056621653621,72.84465074198121
5.17699288017194,1055.2329322587636,675.3490766456088,30.106645770564935,160.66297959602923,131.14523908155607
6.181643697835615,770.8898798228831,493.3695230866452,21.74091757328763,65.15643849546613,36.54244336858988
5.772135428281181,1282.0672603349196,820.5230466143486,21.454428947770342,139.33496108701414,104.1082463261728
6.074647558238569,100.0,64.0,15.120054299124359,34.28933922945059,25.252248331989065
6.4038823239477844,302.21792447259423,193.41947166246032,23.4725160719319,29.88265394673042,19.44435131467603
7.170454130131034,1038.5719782839362,664.6860661017192,27.6538912337176,34.26137151038608,22.27226034168388
6.645322345980438,804.9379246885937,515.1602718007,22.358812482325483,43.46158069948654,29.446612264554044
6.71537365738078,1011.9297778934579,647.635057851813,32.00205686490277,57.51875022113323,33.10194160898661
5.733136427808106,822.5426328511797,526.4272850247551,23.601918074736666,85.98176008463608,54.670931730401385
5.883472137278089,999.8309931113554,639.8918355912674,25.014472995009946,87.79228827743118,70.41394417060417
7.759107512845919,514.9590126523833,329.5737680975253,19.729139217964423,12.666027552619699,8.058937264324193
5.9853592756657275,999.6701301278918,639.7888832818508,25.505271208113477,98.87687708586965,59.391406490543325
7.659345776440107,1148.0450848726546,734.748854318499,17.572380718015566,30.268333562638983,19.995068196318297
6.329857160783393,1227.1927113759314,785.4033352805961,26.927942842546006,88.54482662327771,52.660820275502196
6.501601555300453,1504.7440031270448,963.0361620013088,27.035498616823944,102.29458048774008,61.62160058832905
7.249255612160951,885.4344552258353,566.6780513445347,29.257519985177787,30.048498605415062,21.828373339139674
7.39032469535706,895.8688803965126,573.3560834537681,20.93010948431309,27.97868346849328,14.614336967295769
6.422431207804639,266.8896375391532,170.80936802505806,25.061967414040968,36.40172347213387,17.248844669744326
6.228229862534922,614.0060096015512,392.9638461449928,26.473357957852762,51.256870109801035,27.360912431844945
6.460855686034451,732.4212740976856,468.7496154225188,26.047985734156086,50.00295860711321,30.24156927957954
6.736570269762483,1167.6118432967241,747.2715797099034,21.47145253702802,62.54092203002123,44.402688293696386
7.123912580808829,586.1496065686298,375.1357482039231,16.12806338655351,26.947908872493954,16.044356283853137
6.502960901295906,1078.7190069120913,690.3801644237385,25.714361039095685,62.43287688646437,60.66201854422349
6.933220408616208,799.432399062817,511.6367354002029,23.96625112591528,35.4639474822835,26.75684096963786
7.6468518125896585,737.9911597098334,472.3143422142934,22.516652924634958,21.34565576326194,11.118329817606341
6.7669167285853495,887.1128891966398,567.7522490858495,27.173808773004133,46.82436720444261,26.018534989779052
6.7181569992033445,663.0952697115051,424.3809726153633,24.342781616459483,40.94087988409376,32.7738213605602
5.436762422436953,649.8369631675671,415.89565642724295,19.882817315312703,98.22333809192857,75.0205483135874
4.8,203.3249329734599,130.12795710301435,17.739916988163223,104.51874774374681,70.97917494597297
6.771863010461118,713.2160274352386,456.45825755855276,20.54862857203392,35.517379275318184,24.5583141560363
6.43362303810339,632.0111488479457,404.4871352626853,32.875543031683755,41.76371341080005,30.05478250286045
6.139652127559681,619.4066537278221,396.42025838580616,27.029718708764705,58.11646736482358,30.67053971755059
6.670471142930441,945.9055719065141,605.379566020169,25.160143196912543,46.864507815841186,35.16736625248686
6.4577173895621645,1030.5211834766783,659.5335574250742,23.864186754849683,62.36068378837227,45.563919433451126
7.289446175443729,881.2680766248146,564.0115690398814,23.634124710183976,33.500044516328444,17.5436895989689
6.560277607781284,1148.395316657316,734.9730026606823,28.585185941756833,72.25902609555786,44.7892894704581
5.977153700450883,1001.4466740406278,640.9258713860019,22.78291490333799,89.11709860835931,76.64403517746968
7.193116367271502,696.7303335680252,445.9074134835362,26.519221437395025,26.004548194758897,16.769329267374676
6.348008247537658,638.0002999999671,408.32019199997893,23.28050217397942,46.655443741601395,39.88006233676468
6.868575678570615,909.4877828683963,582.0721810357736,31.290548211422717,44.72571598634265,23.105130835778564
6.1658125056650395,1000.8184884656653,640.5238326180258,27.098009776524062,75.12896786655533,52.0317410187459
6.045121180151795,1289.2455074610243,825.1171247750556,28.85944885139269,102.07705447840709,71.0340232537145
6.558917761129988,1216.9105657290334,778.8227620665814,22.454565788591164,77.00900870418951,44.91205672080333
6.50898005048058,610.4844477224908,390.71004654239414,28.203476393985977,41.55125719087432,24.30462479001406
6.835878924756783,764.2978019554585,489.15059325149343,23.405979011118582,35.08711271603477,25.430608887317685
6.31194797268318,1034.8562317212195,662.3079883015805,24.885121883764974,72.99224965046098,52.672949011577295
5.214548151360722,1173.7992223206402,751.2315022852098,30.222666847168103,194.855656273857,134.2280380045612
6.197058281488128,1128.6393140466773,722.3291609898735,20.850287301352534,75.52489896355716,48.30135126656646
7.055672927000671,777.6427585090287,497.6913654457784,25.2113670595689,31.276893422472174,24.729793986725923
6.291836744529825,361.0920716500192,231.0989258560123,26.033018404815543,37.254757061592414,23.126767772195894
6.327531618239816,450.372268314043,288.23825172098753,26.320015332802836,42.01750651863874,22.63265791495019
7.190463554134156,895.421730011795,573.0699072075488,22.92225427417287,34.080086437247004,22.12051124669537
6.0016187409187545,919.778952798521,588.6585297910534,31.801924352828284,75.04722318249564,58.82272987596587
5.42003774722997,415.46221929796525,265.89582035069776,19.967738401309088,66.38389974023075,49.49759238066524
6.387558216332154,815.5993638112451,521.9835928391968,29.606098860213642,59.35988713009772,37.98226477911003
6.161078234125884,1020.9285249401241,653.3942559616795,28.752729619570736,69.50700319371076,49.69759682398036
5.823627576172722,397.07066987249954,254.1252287183997,31.153110763612897,57.03150230472122,39.65165560341571
6.377235080870917,1186.7490206315451,759.5193732041889,18.941205154522628,75.63192362970561,51.463447659223355
6.844053953072748,667.8640980040611,427.43302272259916,21.459089792386013,34.162223561058376,20.33455546294386
6.493498006902529,1240.164589401828,793.7053372171699,29.721800707065743,85.9400955924132,60.227950264197034
6.714886750880367,613.2916439784349,392.50665214619835,17.930362958793918,46.567632811662705,26.099573317052442
7.769385388960796,440.68108099053734,282.0358918339439,18.87739384635855,11.877679749124319,9.557501674074683
6.2599847969097056,639.6520535553982,409.37731427545486,22.79092274650978,55.210532085273044,38.161132947449964
6.694844044251269,766.698156922938,490.6868204306803,25.171978260177937,40.55825465370552,26.543002855192004
6.143550646180606,664.0320326299817,424.9805008831883,30.072787757770712,61.88576827557153,31.968454182109895
5.907548196079119,724.3995024494103,463.61568156762263,23.851569297743747,77.20312879995718,58.18494952076743
6.0905646426075615,916.8878023866666,586.8081935274666,22.371162981774113,83.97774866972573,62.413864781203095
6.164868999934818,740.0872205712602,473.65582116560654,25.589864781937496,60.90814947302943,37.90885373061596
6.751633058282988,776.8606621167976,497.19082375475045,26.143587691530403,36.69768147466551,29.608623157104915
8.14435305069053,201.7707602790914,129.1332865786185,26.04433937759595,9.154219198661785,6.7
5.9987695946069115,937.0943056036655,599.7403555863459,23.877048272170292,81.27394767491892,69.82993517355312
6.2083622860691765,768.7788458079162,492.0184613170664,17.657198601286474,57.7406778734066,38.52293692959764
6.455813890822126,1363.602543169005,872.7056276281633,21.28834403812784,81.38261057961768,83.40632273062617
6.777059194096823,471.1521914611146,301.53740253511336,29.47094879843612,32.36349063431562,20.086830052628866
6.684485568368349,167.09663502516992,106.94184641610875,25.1547412829181,27.66546994310088,17.133875656180088
7.398867055763682,1016.3239728755146,650.4473426403293,23.3711725831253,27.610738891519777,19.740977496349103
4.801525550625354,921.2844564095501,589.6220521021121,28.41358991930891,202.72331347623285,158.62066479180234
4.829149090863029,447.04844281409896,286.11100340102337,20.54459178670868,117.11059315134574,76.71107691832577
6.152885279592896,264.587865748568,169.3362340790835,23.711281532004474,33.74589577894274,26.362315155787662
7.268110131280596,1338.0888557395015,856.3768676732809,24.98215441810913,46.275224366457635,37.167038588001105
5.4040463778760826,1294.9386367123736,828.7607274959191,22.9551787384688,160.455682654032,188.7575283886787
4.8,100.0,64.0,24.852669880155595,77.78392802593574,62.244644353695556
6.899825584353446,639.6219397602247,409.3580414465438,23.84307124002382,29.28430827581464,21.931923657333517
6.6705600565919,1382.4672191743648,884.7790202715935,19.60229933274944,67.18877342677523,54.07494307845258
5.7368541152404,633.3781047777466,405.3619870577578,25.135172586576697,69.4529106395307,54.43260019849847
5.810122279495349,628.2857180906716,402.10285957802984,19.850768729704964,61.523324439730686,45.878108144596055
5.821179396255728,701.0342353297211,448.66191061102154,25.079652937838528,71.093628913579,52.347671321425565
6.577374722231758,407.68605918114423,260.9190778759323,29.309475384525385,30.184539003658227,20.44031855727358
6.061579306671895,203.32848952018458,130.13023329291812,23.51641880953381,40.42505065343813,23.040730478850733
6.845844743282864,1168.391558757162,747.7705976045837,20.39980904510155,56.289561451034594,39.02090827241935
4.8,154.97208281331348,99.18213300052062,24.055542653782567,96.91584265952508,60.078804611501
5.900203694410541,886.5450082380646,567.3888052723613,21.58810112172514,80.74860769656036,57.440029572051664
5.711762227362265,1110.3028224651773,710.5938063777135,26.580781509210144,113.7260911559966,102.2981698804486
6.320561525139255,292.0707953845946,186.92530904614054,23.982039383670013,32.41646329247663,22.009468041410248
6.123366569056903,476.5060590917249,304.96387781870396,30.484171380826005,44.52514425228151,32.54078638797579
7.058490645927036,1224.6127159370565,783.7521381997161,28.570463584870684,51.200268020190386,29.442141353579313
5.19846425983796,986.512102079464,631.3677453308569,23.96421823431509,129.03519240653225,124.44185510493568
6.531844033431526,583.9500025923895,373.7280016591293,27.004631737905818,38.91893189308303,27.06143128469039
6.890835496248194,1220.78715117641,781.3037767529023,23.12367256793004,52.517777537728264,37.90392820482629
7.799653205593368,1222.2875032090058,782.2640020537638,24.61884909807809,29.30834259762586,24.294983780430123
6.162763820234567,894.1684425554974,572.2678032355184,23.234980312773907,60.059605498649525,37.64051189242402
6.727121023046762,484.94392024421796,310.3641089562995,27.18259585947398,31.031164169483407,21.242124937051045
5.237296045206344,655.2929537848717,419.38749042231785,29.51545896848352,112.17648325365799,85.15949969269633
4.825630656980883,900.2353603843866,576.1506306460075,27.295268725169002,154.7758098780204,154.25032823188877
7.09134206304719,733.9918097983791,469.7547582709626,27.726778104498745,27.001888826216287,19.671470146608737
6.496107794446351,1128.635012382198,722.3264079246068,27.730617030325053,65.92162689238293,52.26533570649024
7.324958882858896,264.5790719617323,169.3306060555087,26.429395728171485,17.076963987847094,10.27928011541901
5.5386179777211755,277.00776482681647,177.28496948916253,20.512498442764063,62.48061929163809,36.61788117181103
6.8639314976701264,863.3048890188513,552.5151289720649,30.45340031795775,41.81018088611929,27.81225492449295
7.808172488380697,627.9594551675834,401.8940513072534,30.81543789344449,14.434232129254193,9.374616587478977
6.793793925850086,580.5329848557907,371.54111030770605,23.681421388403212,27.83871107483593,18.102985283736277
6.693607053913734,181.18014828896094,115.955294904935,23.202557296743365,24.20460692842334,15.264623748032971
6.5059892565770445,806.8410456793636,516.3782692347927,26.64344078520381,43.81731146115452,31.48518589457235
5.4003829800118615,781.535712199732,500.18285580782845,26.427844923142267,99.97210536369668,66.94850437643481
7.448901054997243,1028.7176436831091,658.3792919571898,23.793188759364433,32.743858439324434,19.067243796625224
6.072399652136454,824.1171465923402,527.4349738190978,20.124910205443385,69.83014634802684,44.33776019605486
6.853138279468112,753.5885726158261,482.29668647412876,25.56995416762422,34.332496417053385,26.891797913195244
5.405875985400122,1211.950222876618,775.6481426410355,26.430027883614407,150.30676012145895,132.305583836304
5.6743782348445535,340.6364437930075,218.00732402752482,27.04037401813579,62.41520548437957,45.01994675083359
7.504561179455565,987.7362265966517,632.1511850218571,25.722524703239728,28.321336926071062,17.137358776382495
6.25688839772951,215.09849232162787,137.66303508584184,23.551096980733316,30.567001900483294,22.97982941829318
7.5172928332297815,506.5733419997173,324.20693887981906,27.979007138271974,14.763274023640784,14.595377261208839
6.445238538659037,375.5700035818402,240.36480229237773,24.730469741480714,41.02265289744309,22.37448957466794
5.2106715589295,1073.6798874081715,687.1551279412297,22.872769449723478,145.59883066933466,143.28058340660408
7.124447319812204,777.1064182416121,497.34810767463176,23.867713162839976,31.778053004438462,21.36350616787757
6.087075377571074,795.2738643924581,508.9752732111732,18.38910838633756,75.97542571077577,39.45088804410484
6.9890821694619305,412.64345429469216,264.091810748603,23.862153615375114,24.23566775999073,15.467988221951025
6.517647607278057,695.1072764234888,444.8686569110328,26.90952781956134,41.53155664191379,30.317947159284223
5.419817240439991,532.7871438418109,340.983772058759,25.689240577487304,74.4271482570664,57.07818681932805
6.615006335759398,934.2092551989756,597.8939233273444,29.82232460543415,44.594495304176334,32.18478344832013
8.03735619950696,453.1181026339352,289.99558568571854,23.579587800945035,11.867549481020351,7.049909524936679
6.845090520960121,1265.4280278217766,809.8739378059371,26.205596070686607,66.6471062204964,38.753608233371686
6.4597375728961755,213.54684263156696,136.66997928420287,27.274590617070203,28.345514863628736,22.51891963589887
7.252740381369828,517.7180586402035,331.33955752973026,32.69999952900593,20.605420558072183,13.36929018852209
6.647467925642178,1387.0201784881338,887.6929142324057,25.006679218911742,80.44843107905434,50.78447449956622
6.646673961183956,647.7014382132879,414.5289204565043,20.845344873975918,35.86798814543636,23.540463995544762
5.735862379488628,339.7924674584558,217.46717917341172,27.467750636743485,57.732497025006396,35.35392888480995
6.663693618052719,876.675046888184,561.0720300084378,31.0300457458896,46.76921914041285,42.33149337401358
7.224810391491861,633.6127152249102,405.5121377439425,23.371079514206826,23.720674739780662,13.92814480313972
5.914756493529983,507.44541053359296,324.7650627414995,27.443785385122457,57.495593312446175,37.82222460806653
7.4971470748728635,416.4452162204489,266.5249383810873,28.80054819330122,19.40962331733867,9.064204880038952
6.435805783098412,1768.93076196908,1132.1156876602113,28.05972940389554,132.5243772089629,113.99775040132346
5.878561341923022,711.9568349355523,455.65237435875343,24.939454828657524,78.94836434863274,47.03138596257644
7.198342453844171,126.05142388349304,80.67291128543555,22.055341846253988,14.46116261913618,7.702878005891108
6.299244034983212,1322.798415651937,846.5909860172396,24.21552158195245,101.67138061641884,70.29089394066337
7.031660421240275,1013.8748167886997,648.8798827447679,26.105101588571706,42.7542616701363,26.970349153668476
6.295768957419024,531.7367491430743,340.31151945156756,27.67877883432105,38.7315421548211,27.085510196549613
6.458121699529068,473.4083189598504,302.98132413430426,25.66880766799664,39.296693820015804,22.357387118729704
6.845492143034004,1035.7154786553808,662.8579063394437,23.17032211710798,44.99846924440907,38.12152618353142
6.703627940313004,713.5785853786908,456.6902946423621,26.44382879652419,33.76279145259279,24.804615700175606
5.103127753683783,125.9077635442145,80.58096866829729,27.510297737099872,74.56813024515964,41.701606397675434
5.7151293819339255,1425.533987611634,912.3417520714459,25.82863519745068,163.28034015954572,122.84738377412893
7.150586989353571,648.103338224415,414.7861364636256,21.573345099115862,26.73731677364444,16.751858880730992
6.407504387768917,1323.4501077688492,847.0080689720635,23.865078878489836,84.06458931342269,56.53078761879058
6.133388088060005,1247.4522352880003,798.3694305843202,27.817372717443632,93.98819135160342,90.85298166944139
5.548998189319768,449.64665943101505,287.7738620358496,19.659437669394343,89.71039389701885,53.217312333469415
5.744184575106906,1161.6164525271017,743.4345296173451,17.173876921630942,106.95589874754124,110.11646527792155
5.084740952026637,571.9951075477115,366.0768688305354,29.778289975504073,122.06687252698669,84.32272382437115
6.429103496908927,146.65479461862037,93.85906855591703,26.289953392576578,28.31168500264229,13.13579314735863
6.081093693593267,651.3906418922502,416.89001081104016,26.62355500882037,53.75608284332433,47.21491520097038
5.82338847631028,939.1731256216976,601.0708003978865,20.731140592305305,91.25338341024992,61.40760763285387
6.452313602382433,638.0421732012817,408.34699084882027,27.08134822213288,38.437860918305965,26.399882174213538
6.7547794415969165,692.5330806762145,443.22117163277727,25.463370406489275,34.80680776535188,24.542002328492252
7.965238552546961,1200.2481157250145,768.1587940640093,18.95485347753061,23.952207008950936,19.10742030233718
5.4416816063057505,837.2728931015322,535.8546515849806,29.484991949958502,95.83548849254419,92.62159190864668
7.311566730310365,504.84559105026665,323.10117827217067,25.05539163266555,21.50265981933085,13.762219994224965
7.18117109271055,1045.7106132835643,669.2547925014811,23.11370611872256,34.02193840777513,24.76589752260799
5.95463508243631,869.1864484339858,556.2793269977509,23.177035889051737,68.25312093546924,54.21139326619384
6.642265168210222,100.0,64.0,17.446723330986682,20.95358975609415,13.88367294489511
6.179656725463669,949.9235198200071,607.9510526848045,26.57667809870977,86.99963333296718,50.76663338879973
6.629982006293117,937.1400477006356,599.7696305284068,25.41650022536004,42.08615122710468,39.1329165708233
7.556391709383186,807.042395353301,516.5071330261127,23.82071953683417,23.562237796256365,15.859517943228257
6.923924362841919,1112.0952033743513,711.7409301595849,28.974698226080854,44.57761554805574,36.49565317335547
6.85602586126341,564.6622454857243,361.38383711086357,19.65649343351454,29.371863127191496,14.33586845281777
6.198783476031751,917.7749260873153,587.3759526958818,22.41129633271335,72.05373455097128,49.626387759681506
5.461160334552965,251.56422009142648,161.00110085851296,21.52497110833865,66.87243381267763,40.63809103913092
6.354072252621714,942.4816341895911,603.1882458813383,23.524217570799564,58.40656644645596,45.26023543756389
7.344625708404741,1483.5708934389636,949.4853718009367,24.73614508840028,43.53466134275096,34.15467969538733
5.4309825003872465,451.8002766363606,289.1521770472708,26.005047333339743,82.73539591517263,45.58447608133203
5.761437442276313,534.0692538042787,341.80432243473837,23.28559291413209,69.51248393472883,47.17245144235757
6.588387415363847,551.4945949879567,352.9565407922923,21.42925492695787,35.556179068042994,22.490371861508326
5.810741650606916,845.4993790305583,541.1196025795573,30.401024324196555,88.39754396824279,65.72411721093157
5.945233587019351,427.93730450119864,273.87987488076715,32.94074067125999,50.21887676530004,31.593022581845
6.203480992790276,947.4365825418431,606.3594128267796,25.00150335158709,64.68137040321616,59.33288634560257
5.544067817066895,1096.3939809142078,701.692147785093,21.851268715426965,130.20101748866603,114.24218388711587
5.818114707648542,987.0215247088245,631.6937758136477,29.66408945864803,100.87259956548903,74.4752500629072
6.992399541751116,181.05460102667462,115.87494465707175,19.43635012785037,19.82549309674651,10.777624297300752
5.584841152438325,1148.308682805512,734.9175569955277,23.328293363533103,138.8483782473153,115.36667659230763
5.381489505853613,1128.078594988788,721.9703007928243,22.063590320287943,140.841824110044,125.93468529004261
6.058982514326274,1090.5564803212064,697.9561474055721,20.441625573423288,102.47629908256302,68.63783391953926
7.012368851756892,930.4947870295388,595.5166636989048,23.519915184773808,36.68974117219836,29.04434359850163
6.362154734402178,877.0662599717965,561.3224063819498,21.475397722891124,57.567896773445185,48.20651994574052
6.1747932453190675,1161.3362893442388,743.2552251803129,24.54429062452029,76.88726999617097,57.1307531788877
6.531051158260925,1473.229720661209,942.8670212231738,24.595120086853623,87.41808960197925,62.838780701219044
5.2780047969982435,466.4358378223026,298.5189362062737,22.325338967673073,93.0898455111446,55.834573579536425
6.846293957642523,1177.3438885281703,753.500088658029,23.203203251921458,57.62672164265351,32.911511573363704
6.768404521982551,769.8240156973916,492.6873700463306,23.692028612337012,45.13545124743797,25.872178498477332
6.2134840681329955,754.6144317899898,482.9532363455935,27.334461213917994,60.861165758330465,42.91346818543192
7.204147158257491,262.2142583662866,167.8171253544234,23.98049709627535,18.22364054604414,10.199636843415483
5.710752730732873,700.3237066696117,448.2071722685515,27.38645609275134,76.70731907101298,53.05084618641241
7.2895362952774985,450.9572647110546,288.61264941507494,26.550345442441294,18.67504577777409,13.504043145734839
6.608145565916676,637.6509496729191,408.0966077906682,26.500357439152598,42.58569500219384,25.882269018850174
6.264413187085279,415.6347656776476,266.00625003369447,29.357460896210906,44.63592102156687,27.065865275999904
6.486088455242182,642.8820644404477,411.44452124188655,20.582131920889317,38.772518517435174,32.286562820323255
6.4249146639323405,657.8613750418089,421.03128002675766,22.843859127925104,48.53954410801994,29.78848788253681
7.3541980274924015,833.8642214535801,533.6731017302913,30.67154580104849,28.59023120446203,22.180610970867757
5.746324610770291,234.83754819803414,150.29603084674184,23.599392247937566,45.76766842659077,30.4659279124719
5.966236532597382,294.06864828913683,188.2039349050476,15.0,47.868524509518785,36.203365759645834
7.225412024450736,926.6699947556843,593.0687966436379,23.7896107989824,29.27886867307603,19.306521354362275
6.083125545371298,520.8966590254654,333.3738617762979,24.972288355571376,41.170559629704044,36.07685191646032
7.130373154132114,1176.085426580476,752.6946730115046,15.340104088990762,42.885518455952116,28.85928060277229
7.689605188106096,878.8444027052664,562.4604177313705,29.16877473960782,22.447950142122924,15.997005398422468
6.218743481140857,1012.3667525722426,647.9147216462353,22.002006376470394,72.50132688041481,50.7822018623928
6.976953628602714,1293.7423121473132,827.9950797742805,25.649970903156305,70.72224466915912,41.6371452581282
5.692415403062099,691.6012158676996,442.62477815532776,23.709064591295782,83.21883017648285,52.593020901351466
7.0283133086474665,598.9296531043035,383.31497798675423,19.990770032785854,27.950995175472034,19.33821690806797
6.639596790190737,1105.0959049595847,707.2613791741342,20.75322152877603,60.89071044802995,39.436785917378046
6.831126797512151,978.3297473753901,626.1310383202497,21.227210072503585,43.42287391494937,38.23325177855986
6.048099549575223,734.4343915625448,470.03801060002866,28.299851682142734,70.07467032499203,39.864149060201605
5.337241609102979,1287.0102884345797,823.686584598131,23.98361634164947,186.77849785161962,128.28893065540646
6.852276445324653,725.7144915560243,464.45727459585555,22.673470692068886,36.3215356800728,25.83081409609635
5.055617793264382,811.4707731445235,519.341294812495,21.22886880593419,135.46459611612764,101.55164830462834
6.277854655430225,807.4279277919904,516.7538737868739,28.686525775341444,50.290328019270916,40.37411064069562
7.158827306493979,472.8921367855351,302.6509675427425,29.624704453832557,21.294952371966136,13.024001975755642
6.634328415111125,827.1548863202369,529.3791272449516,28.646603645473384,46.685521660407495,26.664416506064683
7.86383985135287,1288.866062089472,824.8742797372621,26.223530687039585,26.99788189927639,19.419560636636227
7.217576406807241,955.7389103816615,611.6729026442634,25.51440514654749,34.22474339696703,25.999410888524572
6.042271128172096,810.872199239626,518.9582075133607,20.244217637084347,67.84653046321056,55.05516327231093
6.519119365896007,743.3814515920159,475.7641290188902,23.6396330565113,47.69332083362164,31.73865991856293
6.466840508218895,915.803459942223,586.1142143630227,22.10648928828747,51.03398202404472,44.68080270422449
5.392476265657711,1062.4183199712147,679.9477247815774,18.110707618553516,143.57886750203056,97.9189026409406
5.841720758460953,1013.2335908114135,648.4694981193046,28.19965196707878,91.26507767563693,70.10384097103187
6.107467365114098,683.8472983623074,437.66227095187674,22.064595187627038,51.00562162227923,42.08238239756597
5.074645648000844,913.6735579385401,584.7510770806656,28.685796676023575,153.1005147575076,118.62877911688587
6.5332454277761505,967.9789094018975,619.5065020172144,27.586112402660042,64.26961966154407,38.460275286427766
6.325649708742872,447.4817543655576,286.3883227939569,26.448512918216966,35.19182089138955,22.373364212642613
5.328974269081899,858.880689414293,549.6836412251475,26.645094251171145,123.89569027986225,72.48235261025843
6.782949005694133,100.0,64.0,22.346401412742022,22.45739618432456,13.087634842159098
7.001110921283671,968.8867984374148,620.0875509999455,31.002475529517326,48.88779526688296,27.93930865067688
6.658924135205422,1031.1200690969386,659.9168442220407,24.650939008335673,51.50803534953841,42.66153779376543
6.273152277353721,1061.641144025261,679.450332176167,25.556760897915463,69.49726355984173,51.68392383816061
6.914009506226298,661.7336017406514,423.50950511401686,22.228232832516763,28.545832351240147,18.8505740190597
6.976154252333684,908.1663922584122,581.2264910453838,21.24092158728064,42.31729018114889,25.867627962690843
6.715182498803782,1298.3838459394083,830.9656614012213,26.17053603083298,61.06587235592523,55.15539901915399
5.922771424695667,1294.8193769019406,828.684401217242,25.26129723578575,114.23969569544018,91.80515729825301
6.693620535857827,789.7895552707038,505.4653153732504,21.73726671934098,35.481317317211264,31.061101251689387
7.336836455577835,848.761870755346,543.2075972834215,19.465506484286085,29.99687105398336,16.075806706396705
6.0823596589717885,1188.8189006570515,760.844096420513,20.055269194353585,106.04807770437183,72.02963482976321
7.968557537392702,274.7192946582388,175.82034858127284,28.686468009818874,11.060641304851787,6.7
6.132058346210231,686.9234900630414,439.6310336403465,22.35361164872475,49.92265958998397,45.55759831341499
6.522684909338095,1267.4496594378647,811.1677820402334,23.31382009013458,78.34417911676168,57.6987601976358
6.029260082795565,1141.3201895896682,730.4449213373877,29.576190905656716,81.33135989549442,88.65902311364997
6.656289585144183,929.2423221774666,594.7150861935786,20.572473034797547,49.43173724412998,29.34509814069275
5.280444815155308,272.9586581342828,174.69354120594102,21.9555181099903,75.44739087899704,49.52444177332963
6.117770740828295,782.5314184355933,500.8201077987797,21.809316100037574,65.72540320269249,45.605356174776645
5.7355151597560035,593.5296113125235,379.858951240015,30.163239684081137,74.71924152282186,52.521746550266315
6.594736843524603,915.8636159860247,586.1527142310558,31.47684225203845,50.78182591289103,32.29281584355698
7.196113162856236,516.728660321792,330.7063426059469,27.1304712889076,18.855500791217477,16.74738638235228
6.952204330980186,440.9968117588874,282.2379595256879,27.24184653453984,26.49098941666796,15.412570888846293
4.839838447398775,100.0,64.0,22.46875749001544,88.13654511108155,50.315659302298364
7.929448757049516,1227.6316397418454,785.6842494347811,31.31564970416499,23.309033282297236,17.28651730945966
6.706695958434608,660.0803209949299,422.4514054367552,25.436936890255318,31.99731412205248,23.282976451098765
5.9564506016548995,855.0010242958871,547.2006555493678,27.485885925574088,88.62109352372954,76.19115526033502
6.609989543293659,799.2166592340366,511.49866190978344,24.13066271430166,50.55242940424814,34.562819988539424
6.623332875751885,426.39812346382524,272.89479901684814,23.561885944353364,33.83226122650309,19.83881022293099
6.033205898133906,359.3272809931323,229.96945983560468,30.32064790858641,43.25666453820011,29.003188278690107
6.638541667139453,448.13970590096756,286.80941177661924,26.389032879084073,25.36545907583062,22.29118276086399
6.074769398665785,546.8910464097124,350.01026970221596,29.579814113746338,56.93998888158826,39.55663515600357
6.216946605116984,928.3121864548317,594.1197993310923,25.393648601107657,70.23756255566057,34.88568744642376
6.019604604971441,521.498817767786,333.75924337138304,21.53071712251918,52.16023761554014,38.55116039285109
5.497130097182243,1411.2717210581177,903.2139014771953,22.45829973492529,199.7189663062249,152.41884058115858
6.602085529150768,1159.5028625626028,742.0818320400658,24.86037834862614,68.3996181240685,40.129551410800204
6.909709605561437,1082.9258423829979,693.0725391251186,22.307249243848357,47.76470311518426,36.90415504719024
6.860418517253461,758.1193841343975,485.1964058460144,20.623885069803084,36.25068060527971,30.918798695954383
7.073947676844664,1329.9982575021693,851.1988848013883,28.704959611254587,52.526051495841756,41.39589142578331
6.727038147010408,723.6980291076065,463.1667386288682,22.592954752117706,41.11730103007275,29.00060681145052
6.127092151248168,789.0585050460139,504.99744322944895,24.98367461726962,58.97322249792522,54.98610463670042
7.087764705101832,859.4910889122443,550.0742969038364,25.536467564599615,34.89402394895237,20.300876544202303
5.549737722110645,1045.6380641901703,669.208361081709,22.44146406137801,113.6358897684916,77.1848842307287
5.869530032241264,1022.917827651045,654.6674096966688,29.577798132080588,108.23799221307259,77.6187609520664
5.825059950003729,633.7061525443888,405.5719376284089,20.590003835783854,72.56854572170533,46.31285101523508
7.256039241397517,613.4521982009162,392.6094068485864,25.415688422532696,22.17783722177618,12.543065552769066
7.159951959898053,1023.9660350032295,655.3382624020669,25.36141197231804,37.29285390234994,25.240115314089294
6.841113665931497,1050.3328043619315,672.2129947916362,24.31010888997548,44.34302263955826,36.91084501539485
7.250350905648258,662.3271063119945,423.88934803967646,19.96080585354806,28.509071043149707,15.349426477086025
5.884502052311609,244.4841756125411,156.4698723920263,27.547861431522126,53.66214802068168,26.504827859169115
6.744016583902686,727.4393663971144,465.56119449415326,27.10228734617109,40.807443407679834,24.668260490558925
6.412377900131785,1018.2340295890506,651.6697789369924,22.13551014993074,73.7223119765312,46.11167800398049
7.09281747271944,1431.8958962469233,916.413373598031,26.976205225218767,57.428649726228514,34.43401937857401
6.419343037213462,380.7147131807683,243.65741643569172,25.812176902052716,37.89977363478494,21.699440989441
6.230539978112943,650.7000615092993,416.44803936595156,20.01785749123612,58.276869240301075,30.022303763889635
6.878635962992693,663.7087534661182,424.77360221831566,21.51124879900025,32.66557064431146,22.76580896802176
7.113318417033863,1274.5318688010254,815.7003960326563,28.48398505711353,48.573009043409506,29.481688940027585
6.032158363607239,787.7704748394785,504.1731038972663,25.582956647997175,74.5012874194456,54.10836616998393
6.4572470300533364,482.435704219707,308.7588507006125,22.52493968966281,40.04194370247359,22.946853243929024
5.759091556450843,995.5433490226367,637.1477433744875,21.495334380895752,94.42556948044896,71.60458704118724
4.8,658.3765179856688,421.36097151082805,22.696121706596028,122.99216103252603,115.85398824341696
6.64032174198961,371.464454324716,237.73725076781824,22.944321645428033,29.28611084398059,16.53171445146308
6.926233749378242,487.5293424533473,312.0187791701423,21.53912938579762,22.117720724017442,17.12064596472091
6.683446766360708,1406.9146840479166,900.4253977906666,18.403825606658444,68.30023767076099,53.412823362620756
5.135306797571943,934.4732275773117,598.0628656494795,28.49004650240275,139.80401291587782,110.16471341919205
6.254405398946468,837.71601940839,536.1382524213697,27.897217854140052,57.66748185731853,44.676982038718606
4.947156567964243,712.5371924657838,456.0238031781017,20.043605918675993,153.01792238846656,92.86130032830475
7.4587907753579294,902.2520947415796,577.441340634611,24.977089534472835,29.214265472040257,15.042929179805043
5.73976179251734,898.082581100873,574.7728519045587,21.342166290498316,98.36914296161694,71.2091724252352
7.378782526621928,902.2590898725641,577.445817518441,23.584514718707126,29.853379821102788,18.501658816222978
7.162108750578902,840.1957815972136,537.7253002222167,23.293316970442202,33.14731311326664,20.979467721443893
5.869586753224757,1104.0794184069423,706.6108277804431,23.002580244987445,81.93902778180413,82.04768038988287
5.707050534112579,808.0865211002558,517.1753735041638,31.510314794267003,88.59033517405504,64.48286888926587
6.745259151470437,457.7214075565764,292.9417008362089,22.958860103633334,25.278266357659167,19.880377737574744
5.90897317397185,585.6519881846962,374.8172724382056,21.671076612265765,65.12608303849517,42.614480410751376
6.571739249510745,107.34345727860068,68.69981265830444,21.830964996760333,20.242143400008924,11.303105893641858
6.162020686435157,1509.3859906148373,966.0070339934958,28.153219347406143,118.76548187355338,81.39383760197232
5.253189109874056,1101.9641071834403,705.2570285974018,18.71764183907473,170.48097431771225,161.71984788015396
4.938672386612879,509.4753267047671,326.06420909105094,21.83081979247568,106.83280934476629,84.37347210397155
6.658678973946218,701.3543027110151,448.86675373504966,29.56387994039037,43.47434903955097,29.3529390687547
6.106909577568562,577.0932340277484,369.33966977775896,25.353951657991765,55.833019508330366,34.185589205755576
6.112837128160107,1339.891523980941,857.5305753478023,25.171727017626395,110.93835361202578,84.63539246320445
6.987104687365649,303.0429925051749,193.94751520331192,31.962512610502955,23.081485735371785,12.116205284489705
7.321409593642711,840.0666205865728,537.6426371754065,25.362217835319747,26.841548988931685,24.034567923293004
6.3092186950467335,762.0152551023033,487.6897632654741,22.02134843524146,55.199211517318425,38.49844652769465
6.261580905163097,1089.39352074819,697.2118532788417,23.51273030093278,76.28753488082522,53.25992472489544
6.850100123179718,763.5967702963568,488.70193298966836,20.52598691839301,36.551458481206716,20.030249379843976
5.550145101210298,184.62689317059767,118.1612116291825,28.89577964005494,52.592411137193395,44.50915335580427
6.656207138323388,712.1087578751457,455.74960504009323,26.510966011378503,35.905082941821775,26.194973369137738
6.886320180275508,459.74322371983624,294.2356631806952,28.43544952489811,26.109616795081173,18.06637434235959
6.97616114589234,827.8528412947962,529.8258184286695,28.7454437499228,34.126492460171924,26.005779991348184
5.144273108248274,1301.9619627821144,833.2556561805532,23.050262266753634,197.30957038976248,168.78889395499502
5.9670513111337415,191.20116451870263,122.36874529196969,21.193365017968887,44.7822796368673,27.59022626674764
5.885215723023573,519.9220426100337,332.7501072704216,24.31900411042184,53.433241466745365,37.14741553700351
6.569920868086449,606.557466175776,388.1967783524966,21.445336252240118,38.31668620386404,22.609195602985587
6.836521205837589,666.4291166053761,426.51463462744067,25.077349063931585,37.63036659496692,25.041213492950707
7.547697285212187,1059.0439824368354,677.7881487595747,28.46233908292141,31.240619390748368,19.05103050390759
6.153524163742349,739.2594538535144,473.12605046624924,23.911511238827913,66.8694582217223,43.83509088158098
6.15169925118355,945.5309540021558,605.1398105613797,25.024982814677088,68.55472580101525,54.981525918931354
7.304770413215123,580.9794346938783,371.8268382040821,24.17154034321822,23.78136434815189,14.645920443521911
6.707603856971214,880.4735208962782,563.5030533736181,27.30954650353194,41.042835621399774,25.986546280205708
7.387356057831582,1072.2291708072003,686.2266693166082,22.162761619990984,31.908234241097325,20.95441006795094
6.702109602106885,543.6951575920191,347.96490085889224,16.812438084249152,32.77424968091793,20.41199532457251
5.69001836690071,1073.4753419322801,687.0242188366593,26.148041007813834,108.53021188172413,80.10457284579381
5.5668101516555355,818.3304690546489,523.7315001949753,27.95742047457798,95.82534236306672,76.24862630629157
5.4139414256587495,1165.9110841687884,746.1830938680246,26.062309856654874,145.93791604725132,140.41732554013092
6.963436284330931,729.5030349730592,466.8819423827579,22.259193265861953,29.7992854638983,24.82035853843482
7.332017776160906,933.4356293067347,597.3988027563101,20.52745765634876,32.46273477984336,19.211061165277957
7.794553498970466,785.7878189125145,502.9042041040093,26.230741361231125,18.31302160538391,12.00600384041121
7.090173732626268,766.3257082857974,490.44845330291037,24.995176335271356,31.313538787776956,21.08066093028123
7.31398700427449,890.6256498789915,570.0004159225546,24.059725803195846,29.670542933558526,20.724314685678777
6.0939885671424205,987.8826142287163,632.2448731063785,30.87862170047827,78.93429986758717,52.13610167719537
5.6905089282793,362.6522808265982,232.09745972902286,21.18619967036534,59.95290576894213,47.93768186666242
7.095055532692287,1301.7717630862571,833.1339283752046,30.71262957394613,48.76118439617892,41.10952458012771
6.792376526567581,149.11793580757057,95.43547891684517,24.61124366704724,24.707144804263113,13.959171751870024
6.575211062038624,560.3157615913864,358.6020874184873,18.07550333095194,39.85552692426372,27.479385197478184
6.771160036443093,767.0058252322848,490.88372814866227,23.872790709883006,38.97322993358174,27.561553763378146
6.726229837720744,944.3245891800818,604.3677370752524,27.858236268098043,45.441651863521194,29.28304131519645
7.398671801897493,1351.6603847094825,865.0626462140689,23.222307385182603,41.52755322856192,30.154103774632386
7.406489909371869,149.59797912121246,95.74270663757598,19.338275105665616,14.337296982599014,6.7
6.880954246638243,622.3070550636013,398.27651524070484,23.924199138713405,36.05911526475342,21.065567660614033
7.0920620107940495,100.0,64.0,21.49989669137903,14.642601890903922,9.10578964427211
6.859843786697343,811.0676908685867,519.0833221558955,26.221350403807868,40.33369918639313,25.2675073622317
6.1771811875757665,895.0892545750107,572.8571229280069,27.20689935623664,75.23270328020685,55.6841081310301
7.029595272439198,1356.7785097599385,868.3382462463607,20.803053572881627,48.28054656475215,39.371431687920904
5.523853451798517,842.222166312709,539.0221864401337,22.029685807095227,102.8039322834089,75.01639971521153
7.237724086607118,1165.408795304833,745.861628995093,27.14824862787428,36.10032331614798,28.222769715543485
5.663833942163776,1004.3429785386706,642.7795062647492,21.494045025953643,113.90204313990358,67.27132736302126
6.700062300756313,647.6631310481911,414.5044038708423,20.71244652460202,35.53949716825905,23.200993236424317
5.908392229101689,306.86373862278623,196.3927927185832,20.37458103871311,47.517591477456506,22.97231927118218
6.887372288152099,896.2508044021338,573.6005148173656,25.73213514535342,38.73458945397008,25.60171291188855
6.476252341850464,277.76429399912263,177.7691481594385,25.582052018311124,32.923917556525055,20.6515798092617
5.383670829285667,1253.3224754343755,802.1263842780004,22.105838893673354,172.8684122858324,146.1301315921917
6.794489741712935,743.2782642871116,475.6980891437514,24.51779888644882,38.22184605173262,23.111424098904585
6.095455456217103,1218.3120940289957,779.7197401785572,29.844963344542958,98.44733510856362,75.47211979548771
7.116802704569358,631.9249480536602,404.4319667543425,21.090789450786225,28.073253605768095,14.836520092659239
6.500927982114085,894.0977752403471,572.2225761538222,17.668900868463425,52.103066186689915,37.29124850574501
6.776794689771627,873.2721000671411,558.8941440429703,26.092764515021297,49.97646465524698,40.857700716523
5.829701731489352,784.2345586961766,501.91011756555304,24.11359592634444,70.59882603231658,69.8251278141878
6.087467438000846,648.5691703111928,415.0842689991634,22.014912196147144,49.249446055912685,39.47317757694534
6.178952954729241,937.3596064646821,599.9101481373965,26.782280830742177,59.611722944435094,51.76705719544488
7.099691736169789,475.84285778087707,304.53942897976134,27.437288006340765,19.286448537681245,12.707234822124114
7.674163961463842,376.6976348643295,241.08648631317087,16.771026930419676,14.855024720943762,7.282860235189775
5.936379773779986,1234.9894126643896,790.3932241052094,22.21590731733979,116.52227235786386,90.75509205073558
7.253793701260376,1054.5087961122351,674.8856295118305,32.61130680918899,39.71006461293996,23.024063497970797
4.981225807592009,823.062063010784,526.7597203269017,26.541917205293668,138.98471414534882,129.8103971388835
5.664067419235398,1382.7998338903235,884.9918936898071,26.866362734040024,166.1256975746091,153.9786842518713
5.828855080669258,706.2820684463043,452.02052380563475,28.605129975210176,74.05462107176267,53.66273399576484
5.5532439173914945,1262.9461269961428,808.2855212775314,24.55974088819904,153.03961243759687,123.85813967459092
5.391488127148694,861.4509297240377,551.3285950233841,27.28839456032067,124.2593527253022,72.38784355379069
6.789099238496458,441.33723747326343,282.4558319828886,27.013217153430208,26.53211485365932,19.13658318262022
6.350152611590497,1446.8140671197975,925.9610029566704,26.386645238634657,125.94088956583886,69.77021389912235
6.765583778323577,1146.7487963184299,733.9192296437951,23.372958102839085,62.659643786600434,38.416661356755355
6.9833308802850595,757.6426391466525,484.89128905385763,25.102206228281908,31.413978040028482,24.13427772650067
6.685931895220773,1054.5099408368822,674.8863621356046,22.440734524926278,48.82882206077779,43.51777829555554
6.960434223305262,658.7037981007327,421.57043078446895,24.544850065982732,30.38270251139943,18.615493096911603
6.4513273996304115,1090.2021622708396,697.7293838533374,20.410281877652565,67.44448375529117,46.418458558335615
5.669104628185979,100.0,64.0,21.732816030544665,52.301136886646596,26.967919086347706
7.240469926574558,443.06953320689223,283.56450125241105,23.51190785326275,18.345459765443334,10.653139279427577
6.087621507053211,1142.740910500437,731.3541827202797,21.197030989994733,93.42798012335447,64.41146153564307
5.845082590866302,712.6205616233782,456.07715943896204,22.73243955239188,63.600597341818734,42.645663236776755
6.375457486936921,872.6398032110596,558.4894740550782,23.926259081355695,59.75356610833796,43.55749648548135
5.861032356492441,328.6250182595979,210.32001168614264,25.90791820632532,50.30596501016714,34.093953509603494
6.207798732607397,1446.753448495736,925.922207037271,27.82240055648518,131.72644624444123,95.20804162922174
6.740837745094426,1216.685375301187,778.6786401927596,22.876754700176622,52.21147590207759,39.93275506508566
6.7438392174722885,729.7601735686346,467.0465110839262,29.172866160440183,43.52109914140818,22.119883356220242
5.8715189535020595,658.3564500978358,421.34812806261493,27.785138775189225,58.38526577707794,47.51407786249561
6.158606238935879,1160.3615264968926,742.6313769580113,26.264328411803795,77.67874549940586,67.27809842151109
7.252033103339171,1493.8646575591247,956.0733808378399,25.037771952538165,45.68898263165003,39.93532758346627
6.8474800824137585,1133.8160895339738,725.6422973017433,25.616922946539894,52.76511800954517,35.9596828241731
7.952545527543979,1560.1309335888106,998.4837974968389,28.654679027332335,30.359167073429024,30.353817667807068
7.326089721619069,477.1770348283287,305.3933022901304,28.78252880915746,17.481908499422243,12.46689682872417
7.301005147991957,513.2146093254232,328.4573499682709,29.17231354934275,21.236106781521844,15.841249072106693
5.528492014680939,383.87060868132795,245.67718955604988,24.64464391156951,71.20357744313132,52.530477733795045
7.034702246143396,954.6162273773177,610.9543855214833,26.442385077495146,38.22396584575968,31.646513727578238
6.4628252388121625,861.4612424315296,551.335195156179,29.20241277317718,52.47973756400108,32.73547517242204
6.114312737523226,746.817106784805,477.9629483422752,22.316993877792626,73.33362476313927,46.031766844745086
6.61761073837277,1083.2405198431545,693.2739326996189,23.385541011985936,59.0873104766354,40.16689185969852
7.161648074228038,1231.3150118251324,788.0416075680847,24.556128320547174,48.19769620286417,26.663143151729003
6.850582113702949,266.0181567496053,170.2516203197474,27.64859558292792,23.438934820884523,16.22204108752948
5.885068339060558,591.0597902346096,378.2782657501502,27.70310252751518,57.449598261661784,41.78990175601407
7.019721239514834,1087.0502579430708,695.7121650835653,23.691975610807226,45.761980720944436,27.15611340443685
6.053688720546825,636.2914606494962,407.2265348156776,19.219866909671016,55.09399956162864,37.8988895315354
6.651678183275,520.627873274646,333.2018388957735,25.361643805035886,33.57953556327607,19.607190408151347
6.287654952766006,1156.4880996776383,740.1523837936885,21.285893519350594,81.80159320336162,55.319712958853096
6.346793623785062,348.674975596607,223.15198438182847,19.285223283759223,30.257936557729174,21.972503886604283
7.036370082528356,694.4470672731132,444.4461230547925,20.07644953743199,25.808354502941885,23.498209117799746
5.771864396128872,915.025409031683,585.6162617802771,25.642333527459463,101.24927538204336,63.686048763806276
7.861636551993853,599.1630301314584,383.4643392841334,29.263630763264825,14.040793674205135,10.739208026742599
5.225239751493852,1074.1044796046112,687.4268669469512,24.636130806826852,152.37446430391822,141.4686361210068
6.0816326217216,600.8930586809208,384.57155755578935,25.239832291260875,56.349792403743194,39.05608344088873
6.759148322959219,1293.0168227060717,827.5307665318859,28.64013228607274,61.496777924250594,52.2651859565853
6.909019916504717,755.9887958764796,483.83282936094696,19.09440781820756,36.15868936583328,22.936133636900095
6.429666995599806,1034.9445478468738,662.3645106219992,26.32061747560095,63.74402885468316,53.87550210038391
6.45982650789892,1061.1083835439858,679.1093654681509,24.459435754884126,65.3496083145989,49.88430514567328
6.787385059729331,580.3609990395746,371.4310393853278,26.481201105912234,30.34637672278497,17.03579594169341
6.338251365779624,100.0,64.0,22.807806320586643,29.47836255048576,17.636996087683436
7.475226880554434,926.2645141323422,592.8092890446991,21.637219483507312,29.69181646354595,19.319750165985948
7.087544379962122,825.3009214937043,528.1925897559707,24.99178116499962,30.86002249959354,20.77590098451341
7.110977045703944,994.5391096512946,636.5050301768285,30.272169631670614,40.636446283087615,25.986056744650075
5.823690293640708,720.7153846660067,461.2578461862443,27.51318536589512,74.58351501148346,49.138646493828716
6.444428102916008,649.3503054197495,415.5841954686397,22.72307530436968,47.52284098114977,25.13298279198333
6.289673835895507,1502.965553843595,961.8979544599008,19.80659787406552,110.57105332111031,74.57239491476797
5.796079037017374,284.6760784712278,182.1926902215858,18.61276450705775,51.025668442827595,27.343680882651068
6.752114928762037,1056.8826674274835,676.4049071535894,29.106348081476686,53.21884894037268,39.687463732921294
6.123647969554129,598.8893496358131,383.2891837669204,21.157211991524605,60.05266595772227,27.018037495275866
6.958782680895166,682.4774837908523,436.78558962614545,23.36070305451772,32.03497780245886,18.721507112306856
5.750865905973968,689.014008599112,440.9689655034317,29.124238941271518,80.25456530739065,49.365242292997294
7.703328428989274,518.79800404006,332.03072258563844,18.85134490582353,15.056176865809716,8.894592891575336
5.8725671389855565,999.9284735826839,639.9542230929177,29.722925783162708,108.04019613198403,56.460427303643506
6.653511636040305,1286.725258582485,823.5041654927903,23.612258411376242,72.64067386338877,54.30351744646564
7.0543015172716474,964.5047814363315,617.2830601192522,20.479958396664415,38.15344565980612,22.366024174069356
6.100551698859921,836.1836986742333,535.1575671515093,23.634271754978805,67.20332931620956,54.89326105550154
7.096728050403065,454.7458253152637,291.0373282017688,21.970911265094827,25.122432311988288,12.95477309465873
5.639571481539709,980.8888430385578,627.768859544677,26.042869296170004,103.14412596535772,81.62322532051351
7.516482389427792,1554.7223711052545,995.0223175073629,22.231536481392776,39.38216461528876,35.2193261264316
6.509904485476031,666.7568816717176,426.72440426989925,17.80925226178335,43.294158353247965,29.317296789864145
6.082512014421784,668.4057472268469,427.779678225182,23.728031129568535,65.8504333315509,40.47383784986918
6.290572759300796,603.6188041566509,386.31603466025655,19.752092316997114,55.222567044210635,30.112957339325103
7.066243488574903,628.7050179269529,402.37121147324984,25.21511959395912,27.28929606640198,18.126740375009543
6.090881295704693,100.0,64.0,20.345043837008365,34.88682863128877,21.953254040237816
5.975449617404056,941.7623850494995,602.7279264316796,22.7919551888977,86.16726209347965,55.108310038762745
6.344924381691383,504.05673827588515,322.5963124965665,25.139057314750175,40.801198134696,28.35458050781937
5.676126521061022,236.40790842286992,151.30106139063676,23.756394462380058,56.0865742904981,39.00728172412107
7.774380735559271,1063.6164824063922,680.714548740091,25.376505990503656,24.22304229817171,17.622588228380668
6.103523786149694,421.29377523532236,269.6280161506063,26.881005080012148,50.797767830304586,33.19191613835654
7.082131750326282,681.4658311406848,436.1381319300383,20.44723205094043,30.564929111323032,18.645878304686093
6.646629058553441,1313.2548369160031,840.4830956262421,24.274608607813523,75.99582768087376,48.25026752675371
5.810826164662623,306.7744706914203,196.335661242509,15.0,50.702889477271164,30.138098970740963
6.495831703551089,263.5906178907833,168.6979954501013,25.365666555888833,35.79374953702844,18.80392936317673
7.048801945517524,894.2571663468184,572.3245864619638,23.447150543688053,37.277151752406866,26.74151996176481
6.368217065439586,1202.320577403629,769.4851695383226,21.0579258278271,79.98168184050935,81.57928816800349
7.33517906209572,248.98039879381292,159.34745522804027,25.605017978037836,14.855837506150019,10.145387160175419
7.215060774947305,942.691407893012,603.3225010515276,28.604441520147738,32.686938233067465,19.38887652164254
7.14324039826083,1003.3498389865922,642.143896951419,22.8339378834037,37.1602133338666,23.076883175168987
6.178240259408902,100.0,64.0,21.19314928415398,30.30093467488725,25.20819646887318
5.744110286552959,1079.475468267527,690.8642996912173,25.07758841853549,107.64211187534491,82.90480215656186
6.070488676246044,1106.8120579447627,708.3597170846482,19.82537666673774,87.80847730043881,67.78142953465849
6.637368658466705,690.8750493603914,442.1600315906505,22.188665203125613,40.237304117249046,23.677598294015695
6.882050699472649,1238.3212268043028,792.5255851547538,28.77840756577676,47.050472298669206,48.831272174125075
4.979900016667687,1197.7594510136958,766.5660486487653,24.717627304343008,213.857730376659,190.9551519289602
6.494320758871774,836.0912740010217,535.0984153606539,17.921865626188417,49.10887885972927,32.08509311459717
6.610662457726229,641.9941133862733,410.8762325672149,18.2105292345221,38.953841507189836,22.781060218345914
6.305719020579114,459.510237595965,294.0865520614176,25.067299924263715,45.4344286547903,27.422917611885122
7.403891687311115,786.852771721833,503.58577390197314,27.518367015711906,30.03250710113095,16.00569747670034
6.795246051975609,999.4156218964627,639.6259980137361,18.838324894808473,50.39907899463889,36.55756018232301
7.417134335656628,686.5380986357756,439.38438312689635,26.07399412623778,20.03343241189252,14.949286168156767
6.348827635754837,100.0,64.0,29.156202276214017,27.832926868416056,16.39405206657735
7.156234244754847,1244.0498631017997,796.1919123851518,31.107506457855237,48.0245737913186,30.913833685151662
7.644546476169264,866.5781276457128,554.6100016932562,25.65927965950957,23.4265318359307,14.11564377039798
7.418185414490862,667.1314261631081,426.96411274438924,26.27380908093366,24.12827462183747,12.872614860880873
5.735500884599887,1100.005435948151,704.0034790068166,17.033854503301498,112.39522253683803,86.3112947981635
6.322426745720334,1333.6235087689647,853.5190456121375,31.849133917985963,88.25368232947817,71.5788043729987
6.258384706185143,100.0,64.0,22.485784254163576,36.09224146058337,16.39339140662925
6.842478174553429,951.992277472725,609.275057582544,21.232850945512354,44.00993420247289,32.55837873196812
6.9804474885101735,300.67277621637845,192.43057677848222,23.606778529461312,19.763276154046537,12.264740998784838
5.912775128181985,974.6886773796294,623.8007535229629,29.790856949649008,101.57639050695539,59.67313110942894
6.547486959741857,844.7745208311028,540.6556933319058,32.228161166402415,42.94080300055938,32.597662058686346
5.086050867490704,1022.5042842541925,654.4027419226832,24.938930378165455,123.49905294293073,139.07441644993597
7.509361504061323,625.2633349268707,400.16853435319723,27.993294604112794,21.275761976747777,12.260468081251311
6.141338031526314,144.36596086329678,92.39421495250994,24.651214170399264,37.9268045063656,22.070927041427122
6.539104757891148,642.3711330601661,411.11752515850634,20.867715844436354,42.755840510224395,30.020381538088444
6.283245200208357,942.396672298924,603.1338702713114,29.66860284775902,58.10613134977093,54.61469671426156
7.302219302509391,1155.3873150363281,739.44788162325,22.322553818752638,37.418808546708135,27.3017955288405
4.8,389.8590448346162,249.5097886941544,29.87435770680159,114.50300252319217,72.68744493272557
6.488372760371863,1159.4711494055562,742.0615356195559,29.044894654191793,65.46627281915845,49.584914469906394
6.425926869751612,573.2446986237176,366.87660711917925,26.64912692385023,47.80618176216902,24.396752797253644
6.182454528685822,926.8574585580843,593.188773477174,30.901411646890235,63.16709316329216,60.87126790973337
7.7083585819449425,621.5371164970286,397.7837545580983,32.313211116150086,17.562416746157734,12.948310305410761
5.87886937880096,863.7597196992356,552.8062206075108,23.88664822962491,91.62786473073128,64.09012773313974
7.040257324064963,1112.1571720995962,711.7805901437416,21.66922058554249,45.41906464360651,34.26979170528516
6.749376952094258,370.5450729490125,237.14884668736798,17.975055569602347,30.765369780913165,17.200368958973783
7.383063476774861,562.032936138609,359.70107912870975,32.3563878940059,21.61630456648093,13.03908291422213
6.032967640655746,864.7369055697303,553.4316195646275,22.961112968785425,76.2990453360525,43.74788558668631
5.986921770613368,1640.5542813606232,1049.9547400707988,28.472628999856088,160.35412661172433,132.1776124023626
7.2672489352341785,497.88360074161017,318.6455044746305,21.90560621371681,22.293153772470887,11.517202952959408
6.797724915831077,1514.0468600989216,968.9899904633098,29.883929743192123,73.2698339112224,61.928068721581305
5.418543857326269,1501.5481562863097,960.9908200232383,22.049588428646054,183.91208758564073,178.36237056730326
6.122486489875711,765.9410972544431,490.2023022428436,20.3289830323393,68.44512147407062,54.631279902020054
6.770467857693642,695.6466158300349,445.2138341312223,23.770227491661874,40.56753540773026,26.54550196901865
7.086434955082613,557.7771804673579,356.97739549910904,22.63878504663427,26.033396864369685,16.32532948208684
6.024538542764931,776.1291143835658,496.7226332054821,26.587049249114244,64.66425632107776,46.35846878888749
4.8,307.6481986041547,196.894847106659,24.320117754826168,94.3518879725876,90.70373529780983
6.866256230015924,773.3163439377909,494.92246012018614,26.696958380931726,36.77535112291326,24.097431763508926
5.645775517039217,1323.9080958477998,847.3011813425919,23.48142484420147,131.50947956589948,126.62408351986612
5.087862841314312,586.1202281331488,375.1169460052152,22.17212420143418,99.25959113172132,82.11464124814414
4.8,715.7464936038323,458.0777559064527,22.457538082363744,158.29577968692809,114.19985474539737
7.069786602138419,204.60083400646533,130.94453376413782,31.657285793108592,17.336356969304372,10.707804105754555
6.590032215283476,930.9217308458652,595.7899077413538,25.288098262794275,53.379040833265044,28.896899501180375
6.342040533501424,892.5685897329809,571.2438974291077,17.556832266914345,59.047653125451056,35.41479955584989
7.472317054073933,822.2958259180198,526.2693285875326,22.679268452910716,23.0946556115972,16.342499152522024
6.946127278116151,724.1105324222498,463.43074075023986,24.839031113665566,28.098742262993348,25.663784710877305
7.631410029905341,697.5347284296408,446.42222619497016,30.958898884376325,17.899757888553818,12.450445998380706
5.525085169483103,975.6650817952352,624.4256523489505,28.100445505614648,109.5451914943044,82.80075347752437
6.475814563232226,789.9141894439819,505.5450812441484,21.273987572313295,44.12581182500166,28.594289503571236
5.36830063753639,910.2401550443662,582.5536992283944,32.96424513750358,121.0815818799585,103.61943440455161
6.339432367701173,875.2439861090918,560.1561511098188,24.39093872319483,53.160512252222304,38.9458248885603
6.325968902363326,1193.1995504835168,763.6477123094508,28.862154338762306,78.78074102602808,65.26381100865676
6.938629546084149,1036.947934081269,663.6466778120122,20.45747025910034,45.085217322875614,32.31817913230137
6.531894716799329,867.5016451025667,555.2010528656427,16.106429166621858,47.17887171385463,37.28229952867191
6.936384996795941,1331.4477107282628,852.1265348660882,19.570489783710737,60.24933121694612,43.61834586628093
6.992408093197226,947.0939851697965,606.1401505086698,15.0,34.42014451409792,27.886010028442488
8.008450074168199,1256.7369410766466,804.3116422890539,31.89231264538518,22.156627521220685,16.574415601116048
6.279292341299713,1012.4299129353233,647.9551442786069,25.250865216102454,69.3537141391753,47.500404754278044
5.841284109533535,155.32832237395996,99.41012631933438,21.263745935431892,46.816835777912964,24.26832318205911
6.672258530721487,1256.6921671617654,804.2829869835299,26.084184104930422,71.16232334092676,37.48048119217177
5.9384039810023195,847.3116844699342,542.2794780607579,25.16266912663058,89.76995857053285,54.470200109711286
7.537372537905576,781.8158301847277,500.36213131822575,26.67326688464897,21.66225006546077,16.935438106088405
6.301747372738337,898.471921621352,575.0220298376653,28.73335990397694,61.337992295148595,47.87716045926669
6.1040965424882065,679.2558933150265,434.72377172161697,23.485275964412445,53.34386051805562,41.1698810969853
6.170078995194218,879.4601011361308,562.8544647271237,21.420562428646548,59.86984154423577,44.005012889347874
7.002892196430149,592.8433767799177,379.4197611391473,27.39721325030171,28.53347927734766,19.736783669033493
6.38957711173796,1245.9952905570294,797.4369859564988,27.30816472259563,74.59308698128945,60.350405232053554
6.0508332259087325,760.2441602326323,486.5562625488847,24.852575328424706,73.64210598978035,55.090557425362704
7.665746342336472,666.0956550471483,426.3012192301749,32.121439660382705,16.028910471959186,10.022642612144065
5.900681111536775,476.27596449825415,304.8166172788827,22.96762256998422,59.12165166787853,34.30845150348925
6.524896251823096,894.0715262020245,572.2057767692958,21.35049709927656,47.80047808909895,33.186280354934645
6.956614306127161,865.4874850437822,553.9119904280205,25.963319996273107,34.45565239329195,21.07768048830299
5.358065422708049,935.9486147871272,599.0071134637615,22.137717500802758,135.32031287689384,88.26716443460987
6.8361823509841475,440.4618393732049,281.89557719885113,26.234307834507135,25.79711656173813,17.08944307615207
5.761424627163685,239.58658041594947,153.33541146620766,21.58447110456196,48.033849032289574,29.355171329925167
7.075947946583802,1018.956955877296,652.1324517614694,23.0991520097384,36.37417106334133,17.381126891918527
5.826144291656717,1319.6246516567776,844.5597770603376,31.11794147013708,153.0681661073589,118.67944006255115
6.9849383222942025,440.77623216353635,282.0967885846633,23.080444251383124,23.2504186516022,12.343974525993664
7.274083146406299,1356.3044492465945,868.0348475178205,21.704019595939464,46.438401444602974,36.44890935361938
7.103005567942963,899.3688705577333,575.5960771569494,28.59737576047275,33.78385640312039,23.18425879514277
6.675921653766672,797.5279834072096,510.41790938061416,20.82135317399657,43.80996907622853,36.98793227015701
6.33808933994921,660.8579562089777,422.94909197374574,22.074698694485264,45.87384214585636,36.47082463686678
6.096506296565609,315.4186932012512,201.86796364880075,26.51796392178148,41.42407057408445,25.043897234621564
7.529724283571973,1145.7049805736099,733.2511875671104,27.78443998355652,32.69853549283938,20.06068751244148
6.01035334588265,528.5377734968389,338.2641750379769,28.77166736878376,50.53377626327615,43.22963809082545
5.774053748501003,527.0676634918399,337.3233046347775,21.884723587228304,71.89566749351208,37.05283691378483
6.965758254522981,1147.174208460434,734.1914934146779,26.58603035545142,53.36374039024926,35.08453395384271
5.942704237769453,140.95579366489574,90.21170794553328,22.868621301595372,42.55755473924696,24.20891861604376
5.834955551773711,266.7407662661417,170.7140904103307,22.380205282712787,49.23858743034676,29.78342484861137
5.489477016481165,793.6530147721713,507.93792945418966,28.711244738022998,77.84030029624194,78.19612835983494
6.161963112377638,902.6495501516982,577.6957120970869,22.576559614491448,71.8130330009686,50.59594115111252
6.442099483272455,969.6571267891234,620.5805611450389,25.47371608607343,57.64183525775795,44.974234642124514
6.670164209362489,694.3705273113115,444.3971374792394,25.044528142307236,38.32169300927252,26.27704791608189
7.165914371009638,1685.6293840245912,1078.8028057757383,20.75235968281524,56.91989125093148,56.96770612557501
6.868828546566055,720.2376044319581,460.9520668364532,27.88132499374712,36.29221259951775,22.945475951133552
6.366389446312774,719.2248467640472,460.30390192899023,26.46098312787634,43.90379623013095,31.506834581794486
6.361263026534196,521.0546659151429,333.4749861856915,17.547982858453526,42.418438735493375,27.182245884367347
6.857110228240629,843.3673857823749,539.7551269007199,25.4709738893307,42.585130313210584,24.320684003389662
7.390799114049998,1015.2364312163711,649.7513159784775,21.794592980416827,29.66646015338008,19.13461354925595
6.58841993963824,1221.252319086711,781.601484215495,28.3397635724442,75.65691282448799,48.73844630505844
6.171608402052714,278.75050744592374,178.4003247653912,19.44110057126735,36.033454466113746,23.62333207822196
5.804993799240118,713.9016315755048,456.89704420832305,23.252330609796594,79.79578655006208,53.32909962271608
5.488356314911442,956.3462637832005,612.0616088212483,25.76708592845963,105.69952963271118,100.70878652638626
6.966388770430466,1005.4701371080874,643.500887749176,24.690191029496564,46.15182356659986,27.51539772601772
6.90458496654769,802.2920302315888,513.4668993482169,27.1703538984989,39.4901913483575,24.79612820511986
6.904154467574663,989.8483893362356,633.5029691751909,19.18552304896749,45.22142494637113,30.505034234170346
6.409938387553561,516.8626374759699,330.79208798462076,30.281700179035823,38.88959366776006,24.239377854591982
7.484854322124225,1345.2669013114248,860.9708168393119,26.33800630575895,34.42495272381091,28.616826946554678
6.161117053790628,1147.4198360428004,734.3486950673922,29.259013745503136,83.51891900968052,73.69788422030602
7.168688466045044,329.27527452718965,210.7361756974014,27.559840592316345,21.48533292717261,11.612399943696662
6.47287997350732,423.71393315913554,271.17691722184674,24.459364599407348,35.75711379413303,22.786528831673095
6.074154464724463,433.57738746258286,277.489527976053,20.005306261810937,41.45529873398381,28.547508736119923
6.914771215122433,1037.289489813785,663.8652734808223,22.527563865629546,40.47621568948203,39.529176069432445
6.786745283078796,350.34528175388647,224.22098032248735,30.063471665019023,29.410721463217737,14.702594290097515
6.749880931486849,684.1414830271718,437.85054913739,29.34903223579734,38.30109631544774,19.779861324876716
6.556894895439339,959.1465387458711,613.8537847973575,22.331400069637084,48.539158636480266,42.42963169840838
6.473474842798218,776.8419229087478,497.1788306615986,15.0,41.55196434462231,32.88243077450882
8.171860395009308,890.610630499447,569.9908035196461,23.755585929932085,14.663824032799877,9.332587832984649
7.328979651637321,426.9690510279346,273.2601926578781,23.493039891548094,15.90229418964802,10.49697005838394
7.005978826489859,1008.1990306890357,645.2473796409829,23.62579585785866,40.284039041855344,35.123085207917136
6.578259410742372,585.3758376334013,374.6405360853768,26.349887206409903,47.55238878160689,25.587428316279258
7.205010040417668,686.3831139607206,439.2851929348612,27.56674402762582,22.650186881229576,17.738855823843462
6.862596343474016,883.2061047670951,565.2519070509409,27.966048414848334,39.79335767244669,28.043041413849462
6.518343326941825,836.0773775357968,535.08952162291,26.059981990473783,56.368716920272576,35.49122626512623
6.28750497231386,808.3930066554575,517.3715242594928,18.197302543270773,61.84706944000109,47.15209500449418
6.443357863636118,537.2806123081355,343.8595918772067,23.305800935573465,39.544683135587825,25.172266489776785
4.8,695.1577060802828,444.900931891381,32.564314242422164,153.5356159518527,98.79431987061054
6.647420587508349,800.7642567929626,512.489124347496,25.809758571808675,39.52707915373413,32.89937559719995
6.158066743922748,318.7201683915203,203.980907770573,25.78736848955353,39.46394330192146,26.84551899448412
7.614868998798019,638.1134617903174,408.39261554580315,25.7582007892085,18.97688534493404,11.461766901926236
6.513540849568228,935.6879576614963,598.8402929033576,25.953828678770964,60.83403915045894,40.89237582467324
5.667725606325527,352.8971886541301,225.85420073864327,16.15910736619927,56.58217746493521,37.51521338983351
6.465083892110318,1204.803578057984,771.0742899571097,23.66166489081126,71.69703246546713,55.037291844417254
5.767715240456247,1244.364641909945,796.3933708223649,24.367375088718585,115.90667316644577,99.28804835184113
6.831385190998726,364.19729841397003,233.08627098494082,28.985233897386944,26.22096467446104,14.505724320925648
6.703663155037639,1275.1668715675487,816.1067978032312,24.666855131178036,70.18522831533126,56.33262261586212
7.170487741775787,749.746443950753,479.83772412848197,18.737210146893204,30.23628433890603,15.652711510218632
5.946382745813804,946.4800957049692,605.7472612511804,26.005312046601134,75.67319602633442,81.29244678933202
6.523805667359703,626.1721317551137,400.75016432327277,21.68661373115039,41.564787788305864,29.759264454800988
5.544484743201355,1123.0656895293666,718.7620412987947,20.24125025621504,125.2848787048247,85.51935326933707
6.9910463473473,942.1329065970335,602.9650602221014,21.580443336491967,42.67370317915523,25.881647338976997
6.863209826308085,515.0463601908388,329.6296705221368,26.398764803825806,28.4013439122688,17.659257735217786
6.8470635147192995,392.17930001214904,250.9947520077754,28.90566433916024,22.64805243102906,16.56577473000246
6.501133321949859,288.8941476767721,184.89225451313413,26.190254808121555,29.950417990863055,16.57988437814163
6.790341023552154,865.7796217514648,554.0989579209374,26.712081282659575,43.82698790352317,28.699327473476913
7.6230373758160175,1000.3649941229075,640.2335962386609,26.155658454933004,26.33505804453914,16.829198990940096
6.300434020070591,1027.8379875728044,657.8163120465948,24.85464511901164,66.76125130543922,46.97709624873308
6.597051628597059,758.7066168874178,485.5722348079474,26.93925722236965,41.59251577578988,26.702235808770986
5.739711590573013,395.05124051747265,252.8327939311825,16.034285865257026,53.92778855281194,43.10888557641112
5.892217326881167,561.273820691676,359.2152452426726,24.888809229566917,59.3212097165676,34.161089951407625
6.568469305165316,1203.322023636674,770.1260951274713,20.84276237882212,62.40098903214426,53.28324940491613
7.272753482691335,630.3800023899715,403.4432015295818,28.570159003904486,25.922347363891348,16.20323749440367
6.3206034230239,850.1961707385167,544.1255492726507,23.98495643174099,53.88152479005687,39.99069671019038
6.334858429481513,423.5223307487894,271.05429167922523,24.608318308937406,39.54992036416659,24.956251695397516
6.215180328846937,917.8040659106622,587.3946021828239,19.23224844011169,67.67621746332384,55.17770943229908
6.1256703304089735,639.8104034123228,409.4786581838866,28.05890811154498,60.74861116609845,34.72785907911419
6.706480018996175,1166.3494498215173,746.463647885771,26.69564842095833,65.16897726458359,40.34819367531676
5.451919648374949,1070.7451971723847,685.2769261903262,26.44931758819176,145.05162185818529,100.56029474294209
7.396657703666709,626.5029186987852,400.96186796722253,21.654420017409123,22.273467675766703,15.229566550272713
6.034204391309378,755.6675904283178,483.6272578741234,21.792260542716544,60.16941445207374,53.76218928584258
7.005332439806699,607.10931598578,388.5499622308992,25.28259809056067,25.608405739243214,15.20175721983223
5.6110009818242865,303.1983812092466,194.04696397391783,22.069255564131822,55.19902484877503,43.45711430185253
6.968188091382353,499.89514965847417,319.9328957814235,26.022125369370684,28.197766545191108,17.86599294524796
6.970361225470148,869.3760647022871,556.4006814094637,16.93680589031647,37.16790058789179,29.69896701120264
6.768941450404127,913.8408243803536,584.8581276034264,22.793594052576925,48.330507470034874,32.14003209807317
5.8039000347401455,851.9917662574236,545.2747304047512,30.78863712899272,94.11542435498785,62.00373692814132
6.674683732718654,694.3934311144775,444.4117959132656,26.038200397985175,36.54437190337924,29.398030993834126
5.671860670685928,1126.573312002345,721.0069196815008,25.083777825858473,122.15658504738232,103.05773915704205
6.323065721432671,822.2396665963281,526.23338662165,31.44829287484975,56.88464978128379,51.320603112936986
7.220589170668728,1046.1388398335816,669.5288574934923,16.324162334194973,35.05544574590351,27.784245161571025
7.057691348949519,179.17870372911852,114.67437038663586,21.646411098241625,17.45084799577047,10.643262623824263
6.510628059778303,100.0,64.0,23.09589389888414,28.44390641074872,12.959103548221474
5.81763539685401,899.325809743328,575.5685182357299,27.504229315518867,89.1591390160681,60.8757965752012
6.951911398521935,301.3320211974787,192.85249356638636,27.56479727129883,22.204804432027206,11.10962173654434
6.513566866388618,725.6419040504304,464.41081859227546,21.468976518560808,42.05370437149849,29.670129849639576
4.875779081238704,694.266035641388,444.33026281048836,27.992840127498923,156.48243859898986,122.15569502749393
7.047840878421563,1355.590210845438,867.5777349410803,23.088398314374025,49.741938155869164,40.819458910466885
6.483037016291216,939.9987935302622,601.5992278593678,28.740738689772083,58.8333927158927,44.87688505272708
7.34171587358815,858.0506593795354,549.1524220029027,20.8857505565728,29.050951318472503,18.893110324797775
5.733310636810037,1092.9469041217858,699.486018637943,24.068409403268436,108.64725441456017,83.1113075080049
4.8,928.9741553936635,594.5434594519446,22.78441439618204,198.7447866822219,154.47860375827491
6.69535870084163,639.8130524540484,409.480353570591,28.196106300479997,37.22521536921523,25.126720883348515
6.704094573677381,1175.016575589096,752.0106083770214,22.6702657420184,59.30918301578829,44.466849130107214
5.316529860675484,411.58745523910403,263.4159713530266,24.351430148458853,82.00931528506932,56.564309228353366
5.815050317893376,913.1365156367468,584.407370007518,26.27383989182067,90.55444589467857,60.6524210480172
8.428652420603932,258.3505720522911,165.34436611346632,26.408404690591418,7.2672135305111265,6.7
6.286072570092338,871.3803501305982,557.6834240835828,27.6043341261561,61.57701026522488,56.03866948141263
7.011671283463351,867.5463746205253,555.2296797571362,25.238936718956335,32.294545105081106,27.61287091242961
6.044538120842131,1386.759236670132,887.5259114688845,23.03612879652059,115.97464664149304,80.18612583588524
5.0367879708027905,252.25913729537717,161.4458478690414,23.276054391244372,89.06958899672645,44.147420279491165
6.380819227242866,589.6894884511656,377.401272608746,24.58985310322664,44.453421330647174,29.198976983937676
6.314076807799727,1087.9388493009503,696.2808635526083,25.37357366626034,79.95046087816193,60.07809961391629
6.22008523293214,917.3610397390577,587.111065432997,23.984899232530474,71.0101785965795,45.25364821349995
6.419751415145526,863.1067679681261,552.3883314996007,24.567211973379415,50.82833375073672,43.223837827318036
6.684987790151945,465.3525039645113,297.82560253728724,19.18961148799763,30.922872118061118,19.76574798079119
6.394918134122335,593.2135781679998,379.65669002751986,26.835743495591373,42.50677558996149,28.198913682830117
5.615195682436846,1235.7643528781398,790.8891858420095,25.133893011113006,140.36834625189073,123.13157832916883
6.840329354093357,781.9717821861252,500.46194059912017,28.00654644739381,37.476934834718605,23.457235474308227
5.135439771274304,931.3758936505657,596.080571936362,24.500561775924798,159.83448918495122,113.22666371716522
5.06474977990106,759.6840849282323,486.19781435406867,18.415608475173748,138.11690533491458,109.82165459882981
7.0174263462910975,385.9200696625822,246.9888445840526,23.245438337426638,25.586648162291237,13.654978377502758
6.85491419049475,1126.833649126249,721.1735354407994,23.80024526908554,52.095599989089,45.67049003879063
6.459823244448175,976.1313345863737,624.7240541352792,27.100161569017597,54.96490412868451,45.900646485347
5.52318604667145,1606.9728930785163,1028.4626515702505,17.254042594203117,202.6181741519748,200.36046070216864
6.004462341528147,444.54651712230924,284.5097709582779,24.64412830932127,53.77027039083391,32.978903107163745
6.316077276619447,1087.9005224201683,696.2563343489077,26.29786325527657,63.015697817297266,59.849558112887024
5.3828742219981205,340.95961188704956,218.21415160771173,22.18479240151468,64.56971613272397,46.81051720190472
5.982679939383737,855.0712986855772,547.2456311587694,24.761198034358966,75.50901884871936,55.93923954162715
6.956631236723676,1141.7773061721077,730.7374759501489,22.305372217975545,52.31494962409209,30.920967043556562
7.499113755002451,100.0,64.0,21.946494733728635,13.88561167711105,7.538453414511994
6.206395673139014,728.2736340154372,466.0951257698798,23.07053052454039,55.79285793850856,40.404391100132855
7.029541848021269,602.876593085083,385.8410195744531,22.01257802636546,30.488102324236777,21.88891843387742
5.160157950588773,554.3149455967073,354.76156518189265,26.892664091777164,105.52762169626851,97.88521730083814
6.961615868779528,934.824428290774,598.2876341060954,21.927668431076178,34.27331354134467,29.445072816101646
5.9372361096907635,1192.2399972479084,763.0335982386614,21.339814975332253,106.33038401330501,83.46581257764007
6.715141931695579,753.3524496697955,482.14556778866915,30.687750333938368,37.82154247931215,23.937198606173755
6.326573307232204,871.920249646007,558.0289597734445,27.862590041384124,64.7133491572004,46.44050754379523
7.424289806848684,840.0080635707367,537.6051606852715,17.9847032376928,25.656858370117835,17.061484957591645
5.887895046162058,800.631227224745,512.4039854238368,21.823310985516134,68.39266893727601,58.405546155531916
6.939324408293282,418.7300768007628,267.9872491524882,25.34862040102949,21.722991268169373,18.496555710123054
6.304344775692426,1187.9556106030125,760.291590785928,25.633142735310226,80.71471501715378,55.74885722563008
6.389186165393236,903.3183788555926,578.1237624675794,19.283274969920875,46.7712610729996,37.087607924291554
6.371302274788553,938.2085215009022,600.4534537605774,28.554979224878124,58.30960092306641,42.39622298250708
5.908028826854121,517.7216298410463,331.34184309826963,27.38828546713569,59.67063236894582,42.86578516286853
6.49013072386533,639.2728607037658,409.13463085041013,26.186655712141185,38.59994203359294,29.91121393141039
6.456146244514725,738.3530308012275,472.54593971278564,29.248549717492423,52.376189636681865,29.15687025170379
6.668868173884711,263.056357292902,168.3560686674573,26.083014973998214,29.432353383143372,17.189053480895847
6.559153601985003,209.1879861808127,133.8803111557201,26.070033077381467,24.77867067914846,14.08735929897324
7.058596184728565,589.7382242765013,377.4324635369609,29.951877451377847,26.0149349106915,15.222057697950774
7.146456031233158,982.8822682548365,629.0446516830954,28.354268532546982,39.45251588444371,24.233082304519684
5.764563674720539,571.4019135245208,365.6972246556933,21.55472389380964,68.21000606215806,43.695036685765416
7.10814075041354,443.41818084325024,283.7876357396802,26.716183125351705,19.814498689633417,15.078314664040224
5.6695645010231015,514.8600213668154,329.5104136747619,22.175062472644964,68.54101405617835,48.68569336673525
6.911499121696415,640.6301518991406,410.00329721545,26.26454092832597,28.870560065570487,24.522708867211858
6.933817149292008,676.1493630129637,432.7355923282968,26.16814727456935,35.15330589453542,19.90120672490745
5.162078175836247,1557.9325082722949,997.0768052942688,19.657864406404048,278.9621431049592,232.34256794162428
6.565085472570587,1169.1172199705613,748.2350207811593,24.07354036041138,63.71904512315362,55.88533067908252
6.172052720647779,1158.670939298605,741.5494011511072,25.42839958253141,87.92197307442714,65.2485668797736
5.968864319445237,1209.0031274956834,773.7620015972374,22.97298433152045,93.59223225528052,97.74607208142851
7.445596631489304,450.41269573308267,288.2641252691729,25.601484798367657,16.49768692851132,11.124716116848802
6.042424601553806,372.1723847544663,238.19032624285842,27.32064221950374,53.385614848812004,22.573466583155408
5.9355361496173655,412.59539796308013,264.0610546963713,24.392924275192357,52.21643015778094,38.70245972066616
6.5529864580035655,1267.0771466682431,810.9293738676756,25.286098168478908,78.90029451010334,61.042126378614604
6.979912822408892,608.4828738911282,389.42903929032207,29.34198427494591,29.4511033619377,20.362850811270125
6.400845989792911,362.02533621624957,231.69621517839974,26.156188041288292,39.729279717871194,17.586023645297225
7.3164593819684764,649.1513299230654,415.45685115076185,25.20288501386066,19.42853385397038,13.510312146338144
6.871682963374863,716.4880638998804,458.55236089592347,21.146722171255238,33.8944018343406,21.072679072323762
4.975252076187999,893.9446457930967,572.124573307582,26.84859103986097,191.11222105913478,115.76520038482532
6.1293731255450945,887.8328572492151,568.2130286394977,25.655524822871786,76.20451092344496,61.056507884061475
6.10671053045381,510.13680264427217,326.4875536923342,28.99308801795493,56.613791569540865,32.895108543614754
6.835552667400596,1039.9797373797987,665.5870319230712,24.66407490156159,47.68090146129272,33.55199805676866
4.8,576.2822631874446,368.8206484399646,18.143067249531015,132.74820234859942,108.5779273454668
8.284306796102406,745.3032821532349,476.99410057807034,18.54957695910108,11.377754527346537,7.972772022531921
6.871718266425947,1040.3709246761744,665.8373917927516,27.074882673159067,42.00697428742697,22.3017751849938
6.604213762742384,575.3625086194805,368.23200551646755,22.504322408056463,39.72638268559038,22.07438234009911
7.327097401493402,600.7270017466019,384.4652811178252,26.02868712888674,23.23528876695637,11.620905818367415
8.140557836968837,1007.0838173925958,644.5336431312613,24.899814255758248,17.587012860054134,11.867574600690336
7.109522651211882,499.79338818824317,319.86776844047563,23.916061163071276,24.84263926370182,14.031986088386287
7.164169167530134,665.3227917385752,425.80658671268816,24.16273550044122,26.871570752223665,16.82563895041137
6.591483017125068,994.5097623150124,636.4862478816079,21.471136732341705,59.84364631148032,30.641487026850122
6.400931972643137,1518.9323545025914,972.1167068816585,24.44477808885115,111.52755484907703,80.10274069083934
6.166943189196569,1011.8915766669613,647.6106090668553,22.454272985219603,68.97629232958896,63.57292366216241
5.921721605799821,965.4239170465041,617.8713069097627,23.197102179560034,89.57039562501787,75.95946034909747
6.019090130210352,985.7805542854553,630.8995547426914,23.367228343517937,71.03112776429407,66.3975267450713
5.554610824959912,424.3834040765327,271.6053786089809,23.70657355535448,70.40422580555773,39.93049083064755
6.4468899845204835,840.4588585379678,537.8936694642994,27.7276070977748,55.89216333804048,42.343624024799766
5.32073269594153,789.5817290822594,505.332306612646,24.045732097783574,102.48243957089167,93.05389015740462
6.6336415669005975,912.5545891304646,584.0349370434974,28.082958178065347,47.380323847337664,33.77872823797913
6.474568574370361,840.7778183665548,538.0978037545951,29.882492329642687,51.859728481987915,28.381679562366212
6.602854708870681,932.8948870959894,597.0527277414332,27.492306278696525,52.43255784602069,40.09849225253116
6.134507900986005,690.9864817852795,442.2313483425789,26.37063987273979,56.52075002606628,37.05161639578748
8.5,820.5131210801275,525.1283974912816,25.64391273319232,10.263930965364082,7.121391331693992
7.452081130126219,370.26000188005276,236.96640120323377,27.528755481675244,16.26588700477884,9.55699367154886
5.628820249940694,688.0324526989801,440.3407697273473,24.812762585086837,72.09427161663014,70.9330914728013
6.6630076611988285,1286.7917418618251,823.5467147915681,27.945994460850194,66.56540637805959,50.70780834610931
6.0743956999438735,911.5829188698896,583.4130680767294,26.649370318513895,71.31347492246033,53.579330791975444
5.78986419130481,792.6776369159231,507.3136876261908,23.240558387268642,81.08562837079229,70.60201905089106
5.561949550213246,1463.6431466890213,936.7316138809737,27.63547808035982,171.10414226209593,141.98030951093546
6.802551683531478,323.7077575946223,207.1729648605583,24.82018002092149,21.996791119138848,16.660074231167997
6.023033835451298,411.6905555938231,263.48195558004676,24.128537973356895,47.05997174301055,30.75053310109771
7.177478216817643,1399.4489939466953,895.647356125885,22.833302938603545,56.262544986233316,34.47307490171381
7.195647550171307,816.0863276171268,522.2952496749612,25.081065967561003,33.44149983896981,19.481597689910895
7.461740069648014,715.0959372985722,457.6613998710862,27.98761915394544,27.916111468109502,15.153892425485514
5.903329263748128,380.27848621652487,243.37823117857593,27.61129001957563,60.35483214426899,39.05345783326866
6.832755927484407,956.6936932382541,612.2839636724826,25.73687829110635,39.65683619550838,36.359422047970504
6.942717951649611,990.5609543346118,633.9590107741516,26.598752742537624,40.57113272542998,28.222208133553178
6.168075277427224,416.9269737077863,266.83326317298327,28.950938770328953,43.86067139295777,25.13475626374453
5.959759629824988,750.9035450573501,480.57826883670407,23.975117980901985,69.15378304731503,47.16273227606691
7.626664466043181,682.5694587884269,436.84445362459326,20.59602998764428,19.28752435978443,10.300910851398717
6.659247113012437,889.5920012465699,569.3388807978048,29.053954482625002,59.04476265602318,31.85592359861659
6.945177425498216,408.2624152227747,261.2879457425758,22.645776117892485,22.262099941267834,14.329658630576919
5.92454679172045,1238.181609079605,792.4362298109472,22.083816568296335,104.92438318795396,95.91221873816826
5.646500873434464,1120.5383235591614,717.1445270778634,18.21330785632907,143.57806204893447,74.76478643340677
6.101385157855523,672.8885544435143,430.64867484384916,26.49949068607504,55.21701402250294,36.66731206026677
6.4131850288270025,724.25345092657,463.52220859300485,18.824915814067225,50.49232828073895,30.28559080105629
5.755045995227856,752.2522474028344,481.441438337814,21.874094173078923,89.26320482172169,66.25465364563115
6.493108633944732,527.5920064477239,337.6588841265433,26.558828780802706,40.05917494727801,21.652884658048208
5.31804636835205,644.7997036177376,412.67181031535205,27.026724383429304,103.23231555395515,74.54465186587876
5.71596680427109,705.4053713138868,451.4594376408876,22.219035481236183,87.21620830573887,55.68110988648384
6.969637873793813,1364.5039297474948,873.2825150383967,24.03046335552658,53.677800269784385,49.54853695642285
6.922653364194526,1131.316407915653,724.0425010660178,21.445919157578466,46.49678892057368,37.369829786663075
6.225686264229194,1127.1291475678183,721.3626544434037,22.58061124266086,85.12508488925866,61.74994397402155
5.787564983646133,929.4739645515366,594.8633373129834,25.431753410535176,77.0887885316428,64.76731514863845
5.780817513931792,408.9355468740679,261.7187499994034,22.744236624212398,66.12656556751632,30.800978841421326
6.23871222784108,785.4781133979172,502.70599257466705,23.64524735938516,60.24749959808981,41.8354129068105
6.9511629441517035,1139.670960864683,729.389414953397,19.373526614338516,48.709930770719055,36.59762812665326
7.149771983941028,359.60737972144926,230.14872302172753,28.46534657682148,17.405856628135915,9.968736459973726
6.1524277851626215,1022.7936224056425,654.5879183396112,26.28523307609873,69.00430604914327,49.70068542783395
5.692555301810652,1612.9132288419682,1032.2644664588597,27.275168801430205,180.96902575786805,168.53059631351647
6.687490546506433,1171.6358260964062,749.8469287017,29.016488636159018,64.70748935613652,45.9360138485561
5.923525520561905,1294.9101974466955,828.7425263658852,21.611754935589992,97.58234982739069,84.07924457127424
6.137223152797159,876.4185626547562,560.907880099044,23.245619309401917,73.82281611738007,45.86463505444402
7.427693263305926,1138.7761820677465,728.8167565233578,17.86807971346226,32.677391069590016,18.961426500567597
7.078980799996038,548.7513749760876,351.2008799846961,35.0,24.847903690652593,18.432982156421488
6.610582018576016,1078.5523343194293,690.2734939644348,23.976451396389184,59.72805953196414,36.356221466081905
5.6096566992210946,1029.0358469212672,658.582942029611,28.135547649702193,119.480459604308,95.11544591779648
6.6479775972294615,901.4689109131821,576.9401029844365,20.166435994825896,45.158300547086014,33.28083864962996
7.243860103551269,1260.6025969014745,806.7856620169437,27.98735948975053,45.83552489871609,36.26017895909389
6.237056433964125,611.425306753414,391.312196322185,31.00156806827383,40.35860424293432,30.417967872135012
7.4457798629907,734.529869234218,470.09911630989956,24.289017378402065,22.036653150845392,14.598378447584233
7.404921702662745,833.4117144754038,533.3834972642584,20.961914761936395,26.298865347966878,13.805810751838996
7.664612982500431,439.63616011870977,281.3671424759743,24.014212596690623,14.433788493302995,6.92272682358721
6.713670188571947,879.4261803300867,562.8327554112556,16.70633466264971,38.04692827015926,33.09369068281458
6.911174189864209,198.3743554661536,126.9595874983383,24.367396546423553,22.2892315861462,9.795461890508003
7.489931101831763,1166.4340870498731,746.5178157119188,27.373384987595486,29.5025917567912,22.40424334628174
6.813175755948283,816.323078298088,522.4467701107764,24.3748482446927,39.229468949750824,29.793038440921038
6.149136124546851,617.6874836336829,395.31998952555705,23.505511558588616,54.38420915445698,39.262716215919625
6.186020014430497,507.96923569670747,325.1003108458928,26.346488406392115,47.255719046778474,28.55277600976705
6.666988467641618,717.8973396332843,459.45429736530195,26.614086964323434,44.7180712149845,22.185925449963985
5.596607004637647,1040.8908987703448,666.1701752130207,18.69033053123186,118.38907180762527,97.07507636160504
6.399718759245065,991.7086425581463,634.6935312372136,24.81088036797576,65.44427640942178,52.85250727718016
7.267582982761177,553.0617184525387,353.9594998096248,33.02594793480235,22.047633023004217,12.582441251816968
4.966122304184303,503.88611458032796,322.4871133314099,19.827443140231917,122.15564800160824,74.7540295529316
7.574137471256161,1029.9145472118767,659.1453102156011,24.201034085084267,31.18757734128268,17.288768558564588
7.2856619530922115,547.1784083847397,350.1941813662334,31.29611142718096,22.027297202772804,14.196718014573808
6.178164768918666,820.9684209278263,525.4197893938089,28.364613047902864,68.02188403390484,51.23331078744105
6.880373579510267,843.314124883497,539.721039925438,22.703111617283785,44.03715582064878,22.467045717737353
6.502203408834428,909.2217461043584,581.9019175067895,25.221473828679112,61.27325862010933,31.909910749475095
7.360993257907078,1100.394650563655,704.2525763607392,24.492609120053118,33.05433631454893,30.963461163378525
7.187878199938959,357.96297209643706,229.09630214171972,21.881748684874164,21.60336777350237,11.333341536667637
5.519950493771893,131.0942361588293,83.90031114165075,24.24011762377421,55.71913720256415,35.172973516644525
6.911083689424924,601.3934515700769,384.8918090048492,23.520118535177147,33.39641121299997,17.669362978067706
6.3560605024497265,1430.5349427412652,915.5423633544098,24.894621283268624,102.56991595411812,82.25161063703243
6.55798279936267,1507.7609350305825,964.9669984195727,21.88065886758138,92.37971142299858,80.6472441606136
5.990279669321129,1440.9119974480604,922.1836783667587,20.031836299143684,133.91653015652406,109.35733624798456
7.723695948384584,732.4565212837587,468.77217362160553,24.355517293126702,19.125351393627,14.124646340458016
7.228043273931803,176.25972130530988,112.80622163539833,30.50291376362573,16.56926953231776,8.749384154419605
5.982160185218923,100.0,64.0,24.787710241919786,37.09842278866305,22.034328077572937
5.565772575162837,585.086643457706,374.45545181293187,23.33942177373959,78.14810650364049,57.02866930745371
6.2300291583155065,730.674229447724,467.63150684654335,27.139300317634746,65.94583297573986,40.557856248356785
6.804151852263914,1255.2188903695856,803.3400898365347,23.945881355916175,62.20998259948243,45.45206928197825
6.668144090762356,1103.731910839856,706.3884229375079,31.038115237356884,54.2943275200979,35.79272570929145
7.377192977337771,879.5917776470671,562.938737694123,24.486306217467224,26.91771936789472,18.767399767090502
7.0529438055265965,488.5543301706004,312.6747713091843,26.95173972105357,26.96063100072235,14.35615550410167
7.178698318027035,463.7271546142884,296.7853789531446,21.858884661623545,20.363851983756437,12.310347579399162
6.728798780427306,888.9446904750024,568.9246019040015,26.260812386678317,39.181509107219,30.97539654017662
5.527490888852307,1043.9678425939044,668.1394192600989,25.46282716930314,110.26865745612986,86.95328139869413
6.363011028197169,937.1584417859547,599.781402743011,24.302228563692772,52.425287846513136,38.437558565166874
7.242062817936066,437.89071413767084,280.25005704810934,22.743847835905978,18.0195354111225,8.983589994857915
6.4639339500327475,1027.7336700772303,657.7495488494274,22.26689442021669,55.64164568611629,54.80899250213991
6.852163258036622,949.068838485494,607.4040566307161,25.488234323928783,49.24303228046839,31.92007072082008
6.276876179327707,425.2667578334376,272.1707250134001,26.70128688393766,40.706068326560775,25.69736008274328
5.779131706020708,525.4876603949106,336.3121026527428,24.05493021297054,62.566574287049725,40.428401607765494
6.413659155167723,1040.9735910965483,666.2230983017909,25.505437751922774,57.05345960278389,34.03333253166319
6.7163332101228574,717.9223626989382,459.4703121273204,24.367298626535305,38.213539165129106,23.54063176918019
6.04101859637699,1356.20155557276,867.9689955665665,24.844841087168856,97.69257318085543,99.89358188584423
6.335002128600332,975.3952466226017,624.2529578384651,23.798442560629713,62.83197782393767,52.18619028378842
5.842375730609812,629.6790841337559,402.99461384560374,24.562904027789077,82.20366400196409,50.36428073169583
7.283471442294867,796.4280398631736,509.7139455124311,33.94314159886099,29.134830617727488,18.06835492070439
6.293880969688376,822.1841874232014,526.1978799508489,25.590720045825986,57.074200721050275,47.144112193005355
7.516928881588328,545.0633903654015,348.84056983385693,26.75853935450865,19.52239331758584,10.59692170366396
7.570123495378636,480.5941306378307,307.5802436082117,26.03308261864834,15.810165153451312,11.092087522708052
6.44326782469478,1045.4864628333248,669.111336213328,23.580141118460293,59.473263657367674,44.501061510124934
5.7940858872168555,1095.8456539647334,701.3412185374294,29.028962246520837,126.58899817051788,75.1511621562349
5.039871485586664,1011.3235143435355,647.2470491798628,23.480926803507806,157.06504540437686,123.43010208850977
5.469574048881245,1330.3613330133307,851.4312531285317,28.19269092129893,165.08818320070282,125.20017281612907
5.538315622570938,610.3793673959393,390.6427951334012,23.33027550676743,85.92748071811207,63.05690015449254
7.464928739223053,1385.9947681248955,887.0366515999331,21.14009618299586,37.859192135912906,27.741826212191896
6.5810772110588625,484.6776085060465,310.1936694438698,25.778886728826677,36.63958399117517,19.378061867735575
6.772723166864392,445.5600528210275,285.1584338054576,20.633660753642626,28.09886816920853,19.40947010717333
4.945705293745412,184.01439124776243,117.76921039856796,26.37474078755813,92.79754258218199,59.897522913695944
5.661423499547917,643.971640160614,412.14184970279297,20.32044470368039,83.05628530982446,61.4634868569562
7.120955843512401,623.6971821096912,399.16619655020236,23.383471893345014,25.76632721241161,17.58506675903572
6.70074187866781,984.0780480891276,629.8099507770416,19.488946062163404,58.58955034617016,32.29414474600472
6.3969563049200815,885.3618295671579,566.631570922981,34.38458453290956,53.76569723458909,40.5089819518797
6.895389651020086,382.45932014330214,244.77396489171338,18.7111415413429,28.210699739725914,15.27917593716072
7.6450584642950705,662.5458165509639,424.0293225926169,24.534348091387415,20.68221020293362,10.222203273164236
6.345270275524064,669.9882926193101,428.79250727635844,28.501564960155047,57.325007099317986,28.768571737592318
6.5485588618606485,178.4062135633376,114.17997668053606,28.12735068005459,27.088558266324714,14.560336926429533
6.634817843111914,456.66864554532066,292.2679331490052,27.47969742760598,30.059539282620133,25.584515409751926
8.174476744691795,530.2152292850687,339.337746742444,23.389700641224834,13.468691230136384,6.7
5.030450614906682,1301.768756937331,833.132004439892,29.228811312179506,222.62567399200282,224.83814980394007
6.978256110352166,867.0077505850734,554.884960374447,27.69686881780764,33.97969231379356,23.317458430704036
6.419638425868656,1031.7590638816248,660.3258008842399,25.243048661811667,63.21612330434448,51.69493860344588
6.896740208328926,275.47757599777583,176.30564863857654,25.342032652043073,20.604711358834564,14.757211372236124
6.039839212203693,1217.9750690548972,779.5040441951342,23.436270733346195,106.04432516405602,87.63414133090687
6.465724478399085,1255.3857220584325,803.4468621173968,21.316217909584367,72.25962783698465,60.82479595279134
6.997987405625847,100.57926149938089,64.37072735960378,28.83002841417551,17.353071971111188,11.745252771044115
8.5,553.1391466294531,354.00905384285,29.09272797760536,9.771625476218981,6.7
7.06562533258145,973.5179505554286,623.0514883554742,21.405618006395276,40.1194344419617,31.583961045081452
5.906354081378644,1025.5359587383637,656.3430135925528,23.96175192198833,93.49846056597983,58.149777956824295
