"corr(Cr, EC)","corr(Cr, TDS)","corr(Cr, pH)"
0.7056534686479374,0.6925445594926336,-0.08632716751294638
