Kategori,Suhu Air (°C),Suhu Lingkungan (°C),TDS,EC,pH,Cr,Kelembapan (%)*,Tegangan (V)**
Sungai,5.68 - 19.87,9.90 - 33.20,21.00 - 933.76,69.00 - 966.00,7.20 - 8.30,0.000200 - 0.033000,55.0 - 95.0,3.45 - 4.25
Danau,7.12 - 28.80,22.00 - 34.00,5.00 - 43280.00,25.50 - 39100.00,6.90 - 8.40,0.000188 - 0.007002,50.0 - 92.0,3.45 - 4.25
Waduk,16.40 - 29.20,18.90 - 33.40,67.93 - 648.70,86.00 - 781.00,7.20 - 8.70,0.000600 - 0.007500,48.0 - 90.0,3.45 - 4.25
Air tanah,8.90 - 28.10,20.00 - 33.30,212.00 - 1538.00,183.00 - 1381.00,6.80 - 8.02,0.000347 - 0.007800,45.0 - 88.0,3.45 - 4.25
Akuakultur,27.15 - 27.44,28.15 - 33.44,18.90 - 793.70,55.20 - 869.40,7.79 - 7.87,0.000394 - 0.007251,52.0 - 90.0,3.45 - 4.25
