Kategori,Suhu Air (°C),Suhu Lingkungan (°C),TDS,EC,pH,Cr,Kelembapan (%)*,Tegangan (V)**
Sungai,11.47 - 14.75,15.65 - 18.38,90.982 - 314.609,141.406 - 509.251,7.627 - 7.845,0.007942 - 0.012497,73.5 - 81.9,3.732 - 3.991
Danau,15.95 - 22.45,22.00 - 24.31,79.662 - 2717.580,118.020 - 4795.132,7.456 - 7.814,0.006391 - 0.020862,70.5 - 81.5,3.708 - 4.014
Waduk,20.19 - 24.44,24.36 - 27.57,92.958 - 302.272,133.502 - 478.017,7.816 - 8.114,0.007836 - 0.011859,65.0 - 77.5,3.639 - 4.021
Air tanah,15.29 - 21.60,20.00 - 25.64,212.542 - 568.149,306.112 - 897.186,7.312 - 7.635,0.011039 - 0.014524,65.1 - 77.2,3.703 - 4.079
Akuakultur,27.15 - 27.44,29.00 - 31.89,61.395 - 325.548,95.591 - 448.192,7.817 - 7.835,0.006312 - 0.012070,62.6 - 73.8,3.704 - 4.077
