Scenario,Model,CV_RMSE_Mean,CV_RMSE_Std,CV_MAE_Mean,CV_MAE_Std,CV_R2_Mean,CV_R2_Std
full,lr,21.572289276720568,10.495201330499777,13.044410601718976,4.238043956482563,0.5308383483605761,0.2771815851826565
full,rf,6.1766563081473205,3.594802203657415,2.7527682573801946,1.3049705900562847,0.9670793815305601,0.01948714404441415
core,lr,20.936392385877227,9.282669493446967,12.389559131833355,3.014642812186255,0.5474878020562597,0.2519223879811469
core,rf,5.91933482489226,3.637619599446847,2.655615355496699,1.2899871515670736,0.9696648599187425,0.019558034239005012
minimal,lr,20.435332181857387,6.551543005624321,13.741068322062745,2.9002460976784175,0.5732584332135657,0.18355206817245157
minimal,rf,7.936898537562783,5.272447499869655,3.785565592724236,1.7830569416849775,0.9381797785479439,0.04992444872169957
