Scenario,Model,CV_RMSE_Mean,CV_RMSE_Std,CV_MAE_Mean,CV_MAE_Std,CV_R2_Mean,CV_R2_Std,Holdout_RMSE,Holdout_MAE,Holdout_R2
full,lr,21.572289276720568,10.495201330499777,13.044410601718976,4.238043956482563,0.5308383483605761,0.2771815851826565,20.48671380870246,13.02198352747863,0.6923924026894903
full,rf,6.1766563081473205,3.594802203657415,2.7527682573801946,1.3049705900562847,0.9670793815305601,0.01948714404441415,4.356355181643125,2.2804200945697786,0.9860909003339361
core,lr,20.936392385877227,9.282669493446967,12.389559131833355,3.014642812186255,0.5474878020562597,0.2519223879811469,19.48909252736334,11.959146132843166,0.7216214993740064
core,rf,5.91933482489226,3.637619599446847,2.655615355496699,1.2899871515670736,0.9696648599187425,0.019558034239005012,4.657536375110324,2.166349140084451,0.9841011772650622
minimal,lr,20.435332181857387,6.551543005624321,13.741068322062745,2.9002460976784175,0.5732584332135657,0.18355206817245157,23.931839878763228,14.167744778233397,0.5802365378061294
minimal,rf,7.936898537562783,5.272447499869655,3.785565592724236,1.7830569416849775,0.9381797785479439,0.04992444872169957,5.202812801630483,3.215841334325397,0.9801605852451373
