Scenario,Model,RMSE,MAE,R2
full,lr,20.48671380870246,13.02198352747863,0.6923924026894903
full,rf,4.356418935849599,2.280731205680892,0.9860904932183251
core,lr,19.48909252736334,11.959146132843166,0.7216214993740064
core,rf,4.657592994518406,2.1666602511955615,0.9841007907141771
minimal,lr,23.931839878763228,14.167744778233397,0.5802365378061294
minimal,rf,5.202812801630477,3.215841334325395,0.9801605852451374
