"corr(Cr, EC)","corr(Cr, TDS)","corr(Cr, pH)"
0.7019736809518751,0.6902779874993331,-0.15769924642828628
