"corr(Cr, EC)","corr(Cr, TDS)","corr(Cr, pH)"
0.8015598066445868,0.7863222369025419,-0.08913391510144385
