{
  "artifact_stem": "model_rf_core",
  "model_name": "rf",
  "model_label": "Random Forest Regressor",
  "scenario": "core",
  "features": [
    "EC",
    "TDS",
    "pH"
  ],
  "dataset": {
    "dataset_version": "v2",
    "dataset_path": "Dataset\\Synthetic\\synthetic_cr_dataset_v2_geochemical_with_category.csv",
    "n_rows": 120,
    "n_columns": 11
  },
  "training_timestamp": "2026-04-09T10:40:38.298896",
  "random_state": 42,
  "test_size": 0.2,
  "cv_folds": 5,
  "hyperparameters": {
    "bootstrap": true,
    "ccp_alpha": 0.0,
    "criterion": "squared_error",
    "max_depth": 20,
    "max_features": 1.0,
    "max_leaf_nodes": null,
    "max_samples": null,
    "min_impurity_decrease": 0.0,
    "min_samples_leaf": 2,
    "min_samples_split": 5,
    "min_weight_fraction_leaf": 0.0,
    "monotonic_cst": null,
    "n_estimators": 100,
    "n_jobs": -1,
    "oob_score": false,
    "random_state": 42,
    "verbose": 0,
    "warm_start": false
  },
  "evaluation": {
    "cv": {
      "rmse_mean": 5.91933482489226,
      "rmse_std": 3.637619599446847,
      "mae_mean": 2.655615355496699,
      "mae_std": 1.2899871515670736,
      "r2_mean": 0.9696648599187425,
      "r2_std": 0.019558034239005012,
      "n_folds": 5
    },
    "holdout": {
      "rmse": 4.657536375110324,
      "mae": 2.166349140084451,
      "r2": 0.9841011772650622,
      "y_pred": [
        47.30763447330448,
        17.778096071428564,
        31.786139023199016,
        25.60218087301587,
        11.756123055555552,
        35.182807817460315,
        4.15663738095238,
        13.456279191919196,
        137.44794825396824,
        11.191554908424905,
        7.403901309523811,
        5.082381904761905,
        4.580129206349206,
        113.54348908730161,
        9.76457087301587,
        4.162442626262627,
        8.669574206349205,
        2.9631664285714283,
        10.575634206349202,
        13.668451612554115,
        22.051349841269847,
        3.8384000865800867,
        19.523059841269838,
        82.60190742063487
      ],
      "y_test": [
        55.5,
        18.27,
        32.26,
        25.32,
        13.42,
        36.51,
        3.12,
        14.33,
        140.0,
        12.12,
        6.56,
        5.51,
        4.54,
        133.34,
        9.33,
        3.19,
        9.49,
        3.0,
        11.2,
        14.14,
        20.98,
        4.9,
        20.75,
        76.26
      ],
      "n_samples": 24
    }
  },
  "scaler_path": null
}