{
  "artifact_stem": "model_lr_minimal",
  "model_name": "lr",
  "model_label": "Linear Regression",
  "scenario": "minimal",
  "features": [
    "EC",
    "pH"
  ],
  "dataset": {
    "dataset_version": "v2",
    "dataset_path": "Dataset\\Synthetic\\synthetic_cr_dataset_v2_geochemical_with_category.csv",
    "n_rows": 120,
    "n_columns": 11
  },
  "training_timestamp": "2026-04-09T10:40:38.300787",
  "random_state": 42,
  "test_size": 0.2,
  "cv_folds": 5,
  "hyperparameters": {
    "copy_X": true,
    "fit_intercept": true,
    "n_jobs": null,
    "positive": false,
    "tol": 1e-06
  },
  "evaluation": {
    "cv": {
      "rmse_mean": 20.435332181857387,
      "rmse_std": 6.551543005624321,
      "mae_mean": 13.741068322062745,
      "mae_std": 2.9002460976784175,
      "r2_mean": 0.5732584332135657,
      "r2_std": 0.18355206817245157,
      "n_folds": 5
    },
    "holdout": {
      "rmse": 23.931839878763228,
      "mae": 14.167744778233397,
      "r2": 0.5802365378061294,
      "y_pred": [
        22.805664056609476,
        16.970367032953416,
        20.693791989776976,
        26.368968170217723,
        17.43535202454984,
        21.29445390692146,
        13.690261099187463,
        19.162820293813898,
        159.33778511470808,
        17.193482818104926,
        14.547897111145625,
        15.473040640694961,
        9.421286084015373,
        41.993842368696505,
        18.751198941976828,
        18.920147751593436,
        16.844251422644398,
        14.85789652162714,
        17.885214631043045,
        19.47015378701788,
        19.203482307313944,
        9.687070750571566,
        14.008365019669537,
        25.75098580336935
      ],
      "y_test": [
        55.5,
        18.27,
        32.26,
        25.32,
        13.42,
        36.51,
        3.12,
        14.33,
        140.0,
        12.12,
        6.56,
        5.51,
        4.54,
        133.34,
        9.33,
        3.19,
        9.49,
        3.0,
        11.2,
        14.14,
        20.98,
        4.9,
        20.75,
        76.26
      ],
      "n_samples": 24
    }
  },
  "scaler_path": "model_lr_minimal.scaler.pkl"
}