{
  "artifact_stem": "model_rf_full",
  "model_name": "rf",
  "model_label": "Random Forest Regressor",
  "scenario": "full",
  "features": [
    "EC",
    "TDS",
    "pH",
    "Suhu Air (\u00b0C)",
    "Suhu Lingkungan (\u00b0C)",
    "Kelembapan Lingkungan (%)",
    "Tegangan (V)"
  ],
  "dataset": {
    "dataset_version": "v2",
    "dataset_path": "Dataset\\Synthetic\\synthetic_cr_dataset_v2_geochemical_with_category.csv",
    "n_rows": 120,
    "n_columns": 11
  },
  "training_timestamp": "2026-04-09T10:40:38.280181",
  "random_state": 42,
  "test_size": 0.2,
  "cv_folds": 5,
  "hyperparameters": {
    "bootstrap": true,
    "ccp_alpha": 0.0,
    "criterion": "squared_error",
    "max_depth": 20,
    "max_features": 1.0,
    "max_leaf_nodes": null,
    "max_samples": null,
    "min_impurity_decrease": 0.0,
    "min_samples_leaf": 2,
    "min_samples_split": 5,
    "min_weight_fraction_leaf": 0.0,
    "monotonic_cst": null,
    "n_estimators": 100,
    "n_jobs": -1,
    "oob_score": false,
    "random_state": 42,
    "verbose": 0,
    "warm_start": false
  },
  "evaluation": {
    "cv": {
      "rmse_mean": 6.1766563081473205,
      "rmse_std": 3.594802203657415,
      "mae_mean": 2.7527682573801946,
      "mae_std": 1.3049705900562847,
      "r2_mean": 0.9670793815305601,
      "r2_std": 0.01948714404441415,
      "n_folds": 5
    },
    "holdout": {
      "rmse": 4.356355181643125,
      "mae": 2.2804200945697786,
      "r2": 0.9860909003339361,
      "y_pred": [
        46.790757806637814,
        17.516066269841257,
        32.01893235653235,
        26.33484111111112,
        11.235053452380958,
        34.790824246031754,
        4.161232936507934,
        13.351242976190479,
        136.95436325396827,
        10.79191978937729,
        7.4489959523809555,
        5.318894642857143,
        4.535901944444444,
        116.69513575396827,
        10.466924761904759,
        4.243151468253968,
        9.083109696969697,
        2.936837222222222,
        10.85811761904762,
        13.573047683982686,
        22.510215912698413,
        3.8400214285714283,
        19.339766150793643,
        84.67471242063486
      ],
      "y_test": [
        55.5,
        18.27,
        32.26,
        25.32,
        13.42,
        36.51,
        3.12,
        14.33,
        140.0,
        12.12,
        6.56,
        5.51,
        4.54,
        133.34,
        9.33,
        3.19,
        9.49,
        3.0,
        11.2,
        14.14,
        20.98,
        4.9,
        20.75,
        76.26
      ],
      "n_samples": 24
    }
  },
  "scaler_path": null
}