{
  "artifact_stem": "model_lr_full",
  "model_name": "lr",
  "model_label": "Linear Regression",
  "scenario": "full",
  "features": [
    "EC",
    "TDS",
    "pH",
    "Suhu Air (\u00b0C)",
    "Suhu Lingkungan (\u00b0C)",
    "Kelembapan Lingkungan (%)",
    "Tegangan (V)"
  ],
  "dataset": {
    "dataset_version": "v2",
    "dataset_path": "Dataset\\Synthetic\\synthetic_cr_dataset_v2_geochemical_with_category.csv",
    "n_rows": 120,
    "n_columns": 11
  },
  "training_timestamp": "2026-04-09T10:40:38.267620",
  "random_state": 42,
  "test_size": 0.2,
  "cv_folds": 5,
  "hyperparameters": {
    "copy_X": true,
    "fit_intercept": true,
    "n_jobs": null,
    "positive": false,
    "tol": 1e-06
  },
  "evaluation": {
    "cv": {
      "rmse_mean": 21.572289276720568,
      "rmse_std": 10.495201330499777,
      "mae_mean": 13.044410601718976,
      "mae_std": 4.238043956482563,
      "r2_mean": 0.5308383483605761,
      "r2_std": 0.2771815851826565,
      "n_folds": 5
    },
    "holdout": {
      "rmse": 20.48671380870246,
      "mae": 13.02198352747863,
      "r2": 0.6923924026894903,
      "y_pred": [
        19.802176233516747,
        15.89651693295008,
        25.188447912353748,
        33.530724665934265,
        19.124022726124245,
        14.6121867472981,
        8.115495056539359,
        20.34288484986778,
        135.8934941527727,
        15.671623533472104,
        22.044186338559758,
        12.357585245665748,
        6.024058247480642,
        64.90362204052101,
        20.716588200773323,
        20.653106205536464,
        20.968872227554357,
        11.867636681505227,
        14.603181619519768,
        18.470132433803286,
        21.726979078045087,
        14.3436665334175,
        15.226215825486811,
        28.2504791394126
      ],
      "y_test": [
        55.5,
        18.27,
        32.26,
        25.32,
        13.42,
        36.51,
        3.12,
        14.33,
        140.0,
        12.12,
        6.56,
        5.51,
        4.54,
        133.34,
        9.33,
        3.19,
        9.49,
        3.0,
        11.2,
        14.14,
        20.98,
        4.9,
        20.75,
        76.26
      ],
      "n_samples": 24
    }
  },
  "scaler_path": "model_lr_full.scaler.pkl"
}