{
  "artifact_stem": "model_lr_core",
  "model_name": "lr",
  "model_label": "Linear Regression",
  "scenario": "core",
  "features": [
    "EC",
    "TDS",
    "pH"
  ],
  "dataset": {
    "dataset_version": "v2",
    "dataset_path": "Dataset\\Synthetic\\synthetic_cr_dataset_v2_geochemical_with_category.csv",
    "n_rows": 120,
    "n_columns": 11
  },
  "training_timestamp": "2026-04-09T10:40:38.283167",
  "random_state": 42,
  "test_size": 0.2,
  "cv_folds": 5,
  "hyperparameters": {
    "copy_X": true,
    "fit_intercept": true,
    "n_jobs": null,
    "positive": false,
    "tol": 1e-06
  },
  "evaluation": {
    "cv": {
      "rmse_mean": 20.936392385877227,
      "rmse_std": 9.282669493446967,
      "mae_mean": 12.389559131833355,
      "mae_std": 3.014642812186255,
      "r2_mean": 0.5474878020562597,
      "r2_std": 0.2519223879811469,
      "n_folds": 5
    },
    "holdout": {
      "rmse": 19.48909252736334,
      "mae": 11.959146132843166,
      "r2": 0.7216214993740064,
      "y_pred": [
        19.009460047970002,
        16.251497645993382,
        21.960492044965825,
        34.02532510747908,
        17.03052029721757,
        19.085147552248184,
        10.691514092205514,
        19.300896850852062,
        133.53376137032913,
        15.486438932635439,
        13.756813532001477,
        13.619190730468636,
        5.964058768472661,
        67.62664283865513,
        19.08161484133001,
        17.986456721624126,
        16.40997169738797,
        12.333703976919033,
        14.708489132115368,
        20.679606981017933,
        21.546910524336433,
        5.915014157783563,
        16.251883610595332,
        29.538134044853887
      ],
      "y_test": [
        55.5,
        18.27,
        32.26,
        25.32,
        13.42,
        36.51,
        3.12,
        14.33,
        140.0,
        12.12,
        6.56,
        5.51,
        4.54,
        133.34,
        9.33,
        3.19,
        9.49,
        3.0,
        11.2,
        14.14,
        20.98,
        4.9,
        20.75,
        76.26
      ],
      "n_samples": 24
    }
  },
  "scaler_path": "model_lr_core.scaler.pkl"
}