{
  "artifact_stem": "model_rf_minimal",
  "model_name": "rf",
  "model_label": "Random Forest Regressor",
  "scenario": "minimal",
  "features": [
    "EC",
    "pH"
  ],
  "dataset": {
    "dataset_version": "v2",
    "dataset_path": "Dataset\\Synthetic\\synthetic_cr_dataset_v2_geochemical_with_category.csv",
    "n_rows": 120,
    "n_columns": 11
  },
  "training_timestamp": "2026-04-09T10:40:38.318903",
  "random_state": 42,
  "test_size": 0.2,
  "cv_folds": 5,
  "hyperparameters": {
    "bootstrap": true,
    "ccp_alpha": 0.0,
    "criterion": "squared_error",
    "max_depth": 20,
    "max_features": 1.0,
    "max_leaf_nodes": null,
    "max_samples": null,
    "min_impurity_decrease": 0.0,
    "min_samples_leaf": 2,
    "min_samples_split": 5,
    "min_weight_fraction_leaf": 0.0,
    "monotonic_cst": null,
    "n_estimators": 100,
    "n_jobs": -1,
    "oob_score": false,
    "random_state": 42,
    "verbose": 0,
    "warm_start": false
  },
  "evaluation": {
    "cv": {
      "rmse_mean": 7.936898537562783,
      "rmse_std": 5.272447499869655,
      "mae_mean": 3.785565592724236,
      "mae_std": 1.7830569416849775,
      "r2_mean": 0.9381797785479439,
      "r2_std": 0.04992444872169957,
      "n_folds": 5
    },
    "holdout": {
      "rmse": 5.202812801630483,
      "mae": 3.215841334325397,
      "r2": 0.9801605852451373,
      "y_pred": [
        46.77068698412699,
        16.108890634920627,
        30.69455416666667,
        31.016990238095254,
        11.580640198412693,
        31.320368015873022,
        3.7917415873015856,
        13.5699628030303,
        137.35799825396825,
        10.046074920634918,
        10.411972341269838,
        6.178669920634921,
        4.973204166666667,
        113.54348908730158,
        10.164033809523811,
        3.9342269047619043,
        10.55602123015873,
        2.945999761904762,
        8.331862023809522,
        14.827848755411251,
        23.531702976190488,
        3.878218253968254,
        25.462607500000022,
        82.81991769841265
      ],
      "y_test": [
        55.5,
        18.27,
        32.26,
        25.32,
        13.42,
        36.51,
        3.12,
        14.33,
        140.0,
        12.12,
        6.56,
        5.51,
        4.54,
        133.34,
        9.33,
        3.19,
        9.49,
        3.0,
        11.2,
        14.14,
        20.98,
        4.9,
        20.75,
        76.26
      ],
      "n_samples": 24
    }
  },
  "scaler_path": null
}